-0.063073,-0.019315,0.052003,0.10113,0.1393,0.096186,0.20189,0.15909,0.046237,-0.052842,-0.14863,-0.15615,-0.018432,0.14502,0.18575,0.16625,0.1384,0.083378,0.045011,0.030726,0.01813,-0.0046547,-0.044041,-0.062812,0.0075554,0.11872,0.19851,0.2313,0.22512,0.12902,-0.0086213,-0.066718,-0.064876,-0.016232,0.029355,0.025691,-0.00081848,-0.047934,-0.086052,-0.083772,-0.026739,-0.021028,-0.032184,-0.082977,-0.11317,-0.11471,-0.13435,-0.095758,-0.064061,-0.087008,-0.10243,-0.045825,-0.037584,-0.010561,0.07987,0.083911,-0.1088,-0.35741,-0.1811,0.059297,0.058678,0.018771,0.042566,0.082378,0.0038837,-0.13654,-0.09937,-0.012659,0.028524,0.03319,0.01994,0.028767,-0.0082932,-0.055194,-0.021743,-0.19192,-0.30273,-0.30309,-0.17137,-0.021994,0.0013578,-0.023319,-0.028635,-0.021109,-0.0046943,0.056594,0.097908,0.059053,-0.021289,-0.066413,-0.060893,-0.047139,0.026675,0.10101,0.090533,0.049771,0.05721,0.081072,0.028162,-0.00013477,0.076944,0.10267,0.16955,0.13653,0.026078,-0.057824,-0.2706,-0.071962,0.053985,0.092453,0.15573,0.15287,0.029622,-0.13765,-0.20186,-0.066451,0.11353,0.073745,0.081366,0.06341,0.00082896,-0.045662,-0.02799,0.0079555,0.017875,0.017668,0.001484,-0.032011,-0.026068,0.019016,0.045012,0.063697,0.08665,0.11479,0.080592,0.058248,0.049512,0.035349,0.098316,0.15465,0.077925,0.016301,-0.035208,-0.042943,-0.054054,-0.10382,-0.098097,-0.05425,0.036974,0.041955,0.086479,-0.027859,-0.17284,-0.10107,0.13556,0.22358,0.2721,0.23575,0.16659,0.012244,-0.14513,0.0059478,0.21548,0.14683,-0.083351,-0.30118,-0.30446,-0.090059,0.041119,0.10359,0.20545,0.28286,0.26449,0.14746,0.12354,-0.046744,-0.07389,0.013147,0.0023508,-0.082113,-0.13264,-0.11933,-0.11488,-0.07009,-0.03998,-0.11533,-0.19863,-0.15159,-0.031711,-0.0058542,-0.023643,-0.059376,-0.081674,-0.13419,-0.23715,-0.29505,-0.25665,-0.2408,-0.29246,-0.30135
0.13785,0.17084,0.13544,-0.002899,-0.11159,-0.11577,-0.11132,-0.031083,0.079092,0.075338,0.022679,0.0077726,0.011056,0.046283,0.05579,0.087395,0.12261,0.084488,0.059607,0.049686,0.036379,0.019425,0.011994,-0.0038407,-0.023021,-0.048202,-0.051741,-0.079475,-0.18854,-0.24652,-0.17788,-0.04536,0.042718,0.017293,-0.027329,-0.040439,-0.066182,-0.11857,-0.1784,-0.16993,-0.13924,-0.048118,-0.015766,-0.0082971,-0.037542,-0.085659,-0.091329,-0.086321,-0.054947,0.064889,0.14039,0.11134,0.054599,0.019722,0.020769,0.021661,0.10232,0.26862,0.26516,0.18291,0.057579,-0.0551,0.0052616,-0.0025526,-0.15609,-0.13603,-0.053492,-0.080167,-0.034747,0.03014,-0.029394,-0.073587,0.076884,0.2228,0.027502,-0.014725,0.0080441,0.0068932,-0.0017866,-0.0029096,-0.028744,-0.058181,-0.0295,0.051219,0.051392,-0.040326,-0.078401,-0.036683,0.010015,0.016735,0.012263,0.0092491,0.011282,0.018329,-0.023561,-0.082435,-0.088859,-0.08838,-0.097456,-0.096759,0.13034,0.13805,0.1692,0.12832,0.037558,0.10701,0.075472,0.091281,-0.00083356,-0.095808,-0.068776,-0.038404,-0.022822,-0.065677,-0.089241,0.040275,0.19198,0.1294,0.11752,0.086128,0.013379,-0.038853,-0.014421,0.02982,0.029676,0.017431,0.012919,-0.013712,-0.04684,-0.050268,-0.034122,-0.009474,-0.030283,-0.054501,-0.014141,0.047012,-0.0016845,-0.06487,0.0051611,0.054699,0.090337,0.0024037,-0.10573,-0.2152,-0.29694,-0.24465,-0.22152,-0.25226,-0.24651,-0.10215,0.048333,0.096413,-0.010497,-0.082512,0.0066146,0.076139,-0.043348,-0.15741,-0.13587,-0.054293,-0.0068908,0.08086,0.36227,0.42982,0.29404,-0.0096045,-0.23327,-0.27191,-0.15638,0.15659,0.4355,0.52451,0.49436,0.18243,-0.14196,-0.11278,-0.075152,-0.070531,-0.044627,-0.026612,-0.025131,-0.024455,-0.030474,-0.053125,-0.053623,-0.042517,-0.067729,-0.068016,0.0014584,0.041015,0.047364,0.062251,0.083625,0.095119,0.067976,-0.034746,-0.13345,-0.16099,-0.15169,-0.13938
0.30526,0.30635,0.29166,0.24649,0.16969,0.038239,0.073749,0.11209,0.16737,0.21583,0.11965,-0.001698,-0.023509,-0.0054713,0.003906,0.031116,-0.0088139,-0.0572,-0.040222,-0.039023,-0.044486,-0.058645,-0.088435,-0.089046,-0.0019506,0.11711,0.14537,0.13162,0.15378,0.19061,0.21249,0.17434,0.053625,-0.038843,-0.019893,0.019094,0.047828,0.07778,0.095362,0.070673,0.046437,-0.019857,-0.077504,-0.1419,-0.16455,-0.1305,-0.15051,-0.09248,-0.04914,-0.094678,-0.12954,-0.055583,0.102,0.1845,0.18498,0.19,-0.062172,-0.46533,-0.22236,0.016508,-0.028719,-0.02524,-0.015001,-0.21166,-0.17121,0.055905,0.034231,-0.020179,-0.083535,-0.065319,-0.10343,-0.17408,-0.080758,0.051858,-0.057275,-0.19212,-0.15902,-0.093945,0.021876,0.08404,0.017003,-0.082874,-0.093039,-0.03518,0.0071267,0.021756,0.032314,0.017709,-0.0074855,0.018035,0.063557,0.068528,0.06047,0.042475,0.024936,-0.079569,-0.11101,-0.045903,-0.049827,-0.04826,-0.1019,-0.10573,-0.075675,0.083523,0.23637,0.056402,-0.15847,-0.25157,-0.24079,-0.13634,-0.15172,-0.15238,-0.11063,-0.08451,-0.12158,-0.13627,-0.10099,-0.039153,0.023397,0.015726,-0.0024799,-0.025999,-0.080203,-0.049408,0.013867,0.019768,0.0092621,-0.014398,-0.02824,-0.022076,-0.01037,0.016309,-0.059754,-0.15588,-0.11322,-0.051744,0.0029035,0.0042287,0.0023182,0.054832,0.031572,0.052487,0.070111,0.12699,0.34057,0.38504,0.32876,0.26025,0.17495,0.097785,0.041898,-0.21742,-0.21771,0.030776,0.12389,0.075658,0.30216,0.36501,0.3247,0.1892,0.025786,0.19748,-0.093457,-0.35965,-0.3491,-0.069318,0.085886,-0.055685,-0.22274,-0.20212,-0.0096322,0.086004,0.091939,0.15164,0.021091,0.047419,0.1515,0.20291,0.078756,-0.026481,0.00047393,0.039758,0.050972,0.069722,0.083862,0.037733,-0.018704,-0.050519,-0.066712,-0.064254,-0.064792,-0.090135,-0.089023,-0.050016,0.0036947,0.068737,0.11764,0.12354,0.088026,0.080019
0.21097,0.19489,0.15566,0.10787,0.067786,0.018628,0.089394,0.15936,0.10458,0.014002,0.070738,0.22287,0.26373,0.16133,0.12471,0.10937,0.027532,-0.016603,-0.019387,-0.017326,-0.10376,-0.20599,-0.20096,-0.12558,0.04318,0.25483,0.33806,0.28113,0.23949,0.24534,0.19602,0.040322,-0.14244,-0.082901,0.14811,0.27756,0.24643,0.14872,0.050519,-0.047313,-0.11551,-0.1657,-0.21184,-0.22874,-0.25957,-0.15595,-0.069984,-0.081146,-0.042874,-0.018951,-0.054511,-0.090927,-0.094398,-0.087146,-0.030411,0.077671,0.013816,-0.083025,-0.011609,0.070014,0.02784,0.026627,0.081933,0.038073,-0.11677,-0.16352,-0.14647,-0.14987,-0.12358,-0.13083,-0.13575,-0.080668,-0.021376,0.054661,0.11824,0.12438,0.0554,0.0050097,-0.0071302,0.012761,0.0353,-0.01473,-0.1968,-0.36994,-0.34579,-0.047895,0.25222,0.2423,0.17914,0.14783,0.11653,0.093466,0.058014,0.037932,0.052235,0.091297,0.15721,0.12038,0.059602,0.076324,-0.0051272,-0.0087374,-0.089853,-0.069975,0.071037,-0.013928,-0.16627,-0.29248,-0.23183,-0.093274,-0.083358,-0.14794,-0.21273,-0.17154,-0.026461,0.11404,0.13509,0.1435,0.12339,0.072916,0.11113,0.12656,0.087621,0.051299,0.035402,0.025392,-0.00089772,-0.021111,0.055928,0.14274,0.16705,0.09741,-0.001677,0.027137,0.074583,0.12164,0.062972,-0.0023923,0.071296,0.15403,0.074563,-0.026904,0.021596,-0.056082,0.059435,0.058266,0.011059,0.0080918,0.0035702,-0.035522,-0.083666,-0.0094144,0.084215,0.11939,0.093081,0.13167,0.24911,0.22171,0.0071185,-0.18386,-0.062051,0.055275,0.14345,0.099154,-0.023481,-0.10084,0.019963,0.19966,0.26205,0.19333,0.012223,-0.10272,-0.062237,0.037773,0.057122,0.066445,-0.036595,-0.11358,-0.088364,-0.14815,-0.21042,-0.18832,-0.10145,0.01012,-0.014725,-0.1683,-0.31423,-0.37966,-0.24327,-0.057834,-0.037246,-0.01804,0.025797,0.057937,0.06563,0.097875,0.09895,0.048028,0.011599,0.011195
-0.026192,0.015007,0.081207,0.041262,-0.025047,-0.021102,-0.027102,-0.022721,0.02026,0.11079,0.17352,0.12862,0.01515,-0.03871,0.022957,0.068646,0.0091633,-0.027503,-0.0014702,0.0059548,-0.0064763,-0.030599,-0.040329,-0.029249,-0.052319,-0.022234,0.14028,0.23762,0.20464,0.10613,-0.00099217,-0.035578,0.059232,0.25556,0.35804,0.2711,0.088564,-0.07195,-0.15872,-0.17175,-0.14747,-0.062909,-0.03004,-0.040953,-0.053894,-0.052847,-0.048212,-0.041572,-0.04317,-0.066856,-0.091941,-0.11241,-0.052198,0.0088465,0.051539,0.086482,0.048958,-0.021131,-0.055069,-0.028256,-0.007966,-0.04149,-0.034724,-0.0051926,-0.047464,-0.10341,-0.051765,0.0030669,-0.0061789,-0.057742,-0.11049,-0.12148,-0.070088,-0.073364,-0.18193,-0.18309,-0.10474,-0.04662,0.018149,0.093868,0.077287,0.027528,0.019989,-0.0099959,-0.057214,-0.046074,-0.0062718,0.047031,0.12311,0.15764,0.14332,0.11044,0.072715,0.042718,-0.0030056,-0.024156,-0.015086,-0.0078374,0.025205,0.044646,-0.09293,-0.069948,-0.005523,0.16065,0.15897,0.075298,0.089382,0.12572,0.063272,-0.07188,-0.081356,-0.079541,-0.0070931,0.044432,-0.061133,-0.2188,-0.21262,-0.043369,0.043059,0.036468,0.0015307,-0.040958,-0.030512,0.033869,0.053066,0.045742,0.043075,0.011979,-0.0072599,0.0087779,0.030745,0.048689,0.050265,0.032675,0.052861,0.13177,0.053289,-0.070934,-0.00051129,0.05198,0.092621,0.010141,-0.097404,-0.19286,-0.22737,-0.1204,-0.083945,-0.11179,-0.18954,-0.25091,-0.19122,-0.017797,0.11406,0.1982,0.25393,0.20192,0.13315,0.10085,0.10308,0.063651,-0.069534,-0.026783,0.1347,0.086361,-0.083117,-0.18914,-0.13026,0.038168,0.15878,0.1715,0.10476,0.02652,-0.016132,-0.038399,-0.069774,-0.0078044,-0.022181,-0.061566,-0.046703,-0.041113,-0.047026,-0.051823,-0.048954,-0.02554,-0.0022751,-0.047999,-0.12736,-0.14558,-0.12286,-0.1369,-0.14656,-0.12392,-0.066756,0.024668,0.12649,0.14147,0.040769,-0.043629,-0.029567,-0.0097373
0.12658,0.050178,-0.092135,-0.15373,-0.11655,-0.034436,-0.021944,0.16182,0.14292,-0.011952,-0.14041,-0.15061,-0.10948,-0.054509,-0.024955,-0.019803,-0.0033618,0.0011146,0.026637,0.078491,0.097969,0.04779,-0.025265,-0.051207,-0.084592,-0.13828,-0.17605,-0.18005,-0.10208,-0.0028468,0.023793,-0.0087863,-0.060781,-0.11266,-0.14556,-0.15278,-0.13331,-0.11804,-0.022021,0.04441,0.087509,0.09883,0.10731,0.082623,0.013531,-0.061226,-0.14877,-0.023384,0.14244,0.13205,0.032638,-0.096564,-0.13076,-0.14501,-0.12752,-0.067669,0.065678,0.20675,0.1152,0.03257,0.13255,0.078778,-0.15457,-0.099076,0.048791,0.045935,0.016811,0.019517,0.059014,0.14207,0.0033916,-0.13254,-0.038016,-0.077383,0.020323,0.010302,-0.022419,-0.041883,-0.079284,-0.11178,-0.11523,-0.14,-0.097636,0.021881,0.026253,-0.089524,-0.12743,-0.081849,-0.048832,0.033873,0.12437,0.11847,0.068641,0.02714,0.014158,-0.031523,-0.066177,-0.036114,0.043642,0.1032,-0.01754,-0.035036,-0.037134,0.02975,0.12604,0.29037,0.13469,-0.044053,0.15876,0.08141,-0.0046672,0.031041,0.014703,-0.039124,-0.094132,-0.064074,0.017433,0.097151,0.16846,0.19049,0.14779,0.11895,0.066279,-0.035238,-0.04499,-0.011854,-0.017725,-0.024207,-0.027913,-0.11332,-0.20014,-0.18305,-0.1627,-0.14307,-0.10723,-0.095567,-0.084483,-0.025284,-0.045203,-0.085359,-0.10691,-0.096237,-0.05848,-0.021198,0.056455,-0.24058,-0.49034,-0.36638,0.027469,0.21202,0.14777,0.025086,0.0009338,-0.043914,-0.10046,-0.11413,0.1109,0.19008,0.16646,0.22846,0.18779,-0.2149,-0.28609,-0.2523,-0.28052,-0.37554,-0.3535,-0.18117,-0.09456,0.16612,0.65733,0.80757,0.47567,0.0061728,0.059047,0.029908,0.063637,0.135,0.1744,0.20807,0.23027,0.15381,0.046477,-0.016283,-0.038869,-0.00082808,0.052357,0.043785,-0.030867,-0.097344,-0.15331,-0.16168,-0.087987,0.018315,0.068974,0.049636,-0.023234,-0.059444,-0.0050194,0.035482
-0.10142,-0.025365,0.082398,0.0771,0.0055559,-0.023831,-0.025383,-0.0067669,0.038069,-0.0017375,-0.079792,-0.085867,-0.12152,-0.094414,0.002001,0.033614,0.068478,0.096444,0.074901,0.051833,0.030686,0.0034485,-0.017738,0.064184,0.1851,0.17667,0.025363,0.053523,0.16629,0.11654,0.017652,-0.032654,0.029399,0.19975,0.30182,0.30259,0.23273,0.10917,0.019128,-0.0099733,0.019843,0.013354,0.057814,0.051169,-0.0061118,0.0115,0.014872,-0.032897,-0.068068,-0.086091,-0.099442,-0.05639,0.0088258,0.0089645,0.00085718,-0.044984,-0.11699,-0.019036,0.030317,-0.0059249,0.031449,0.047513,0.026116,-0.018889,-0.14837,-0.24711,-0.095259,0.042234,0.056707,0.02614,-0.11416,-0.22818,-0.1531,-0.1018,-0.10283,-0.032198,-0.0037881,0.088365,0.21156,0.26449,0.21536,0.15266,0.11142,-0.0064263,-0.15633,-0.17936,-0.10989,-0.058938,-0.065929,-0.097631,-0.11298,-0.0432,0.033396,0.031265,0.027956,0.024899,0.050113,0.065993,0.068797,0.085926,0.19348,0.22566,0.2944,0.17657,-0.03869,-0.067863,-0.045608,-0.078715,-0.10628,-0.037816,0.028093,0.065759,0.12237,0.072421,-0.087288,-0.11139,-0.030306,0.00049602,-0.041986,-0.0069574,0.0030549,-0.056059,-0.11839,-0.036872,0.038113,0.022872,0.0079621,0.039231,0.064831,0.04184,0.028666,0.045324,0.037368,0.019521,0.044508,0.10193,0.16639,0.10117,0.011328,0.064525,0.0053312,-0.030507,-0.064745,-0.10194,-0.017073,-0.02442,-0.079012,-0.18089,-0.32342,-0.38649,-0.28748,-0.055463,0.12482,0.15139,0.076502,0.032198,0.017186,-0.10384,-0.14216,-0.041848,0.059671,0.050828,0.15837,0.21997,0.11975,-0.026481,0.045154,0.20258,0.17272,-0.039603,-0.2063,-0.28739,-0.20339,-0.048404,0.0095661,0.099381,-0.050936,-0.18745,-0.13729,-0.089668,-0.083387,-0.050564,-0.012222,0.031092,0.10175,0.08822,-0.011722,-0.098816,-0.12999,-0.1246,-0.11508,-0.068476,-0.0010917,0.016723,0.011929,-0.019489,-0.056599,-0.029035,0.0078392,0.013718
0.26741,0.28374,0.26323,0.14976,-0.033857,-0.097566,-0.053045,0.14276,0.27991,0.28098,0.07245,-0.092883,0.021668,0.16662,0.095501,-0.05513,-0.020993,0.087929,0.067184,0.038115,0.010925,-0.015231,-0.038144,0.023365,0.12916,0.20022,0.20396,0.19501,0.13055,0.046757,0.055606,0.082018,-0.045387,-0.25069,-0.26544,-0.10901,-0.026956,-0.091408,-0.14923,-0.1173,-0.083665,-0.03806,-0.015045,-0.037963,-0.029169,-0.017972,-0.031841,-0.086415,-0.012403,0.11011,0.13041,0.052911,-0.022849,0.014948,0.10268,0.1248,-0.0020339,-0.18351,-0.12136,-0.0055078,-0.048821,-0.023937,0.0095513,-0.0029646,-0.12137,0.014038,0.14562,0.052986,-0.044586,-0.010972,-0.10995,-0.2483,-0.18116,-0.098661,-0.030688,-0.08942,-0.10964,0.014742,0.13057,0.15846,0.15816,0.14929,0.047713,-0.11474,-0.20297,-0.19077,-0.1356,-0.055406,0.040392,0.086201,0.078848,0.056926,0.043403,0.038758,-0.073625,-0.1729,-0.12412,-0.070066,-0.05937,-0.049219,-0.11905,-0.11923,-0.091762,0.05865,0.20456,0.1141,0.075156,-0.18036,-0.21152,-0.12574,-0.10512,-0.068981,-0.11106,-0.17264,-0.12374,-0.02233,0.016526,0.038245,-0.024647,-0.016605,-0.015458,-0.067292,-0.12422,-0.037627,0.046248,0.034966,0.017736,0.047355,0.08697,0.061352,0.037589,0.054916,0.072271,0.062868,0.097377,0.05337,-0.029385,0.028034,0.093788,0.059637,0.0085463,-0.0075369,-0.02116,-0.0084731,0.033625,0.14037,0.16018,0.096135,0.052578,0.059863,0.0061231,-0.10491,-0.16656,-0.09362,0.051004,0.097364,0.14251,0.15146,-0.040936,-0.21416,-0.034883,0.010287,0.16177,0.27429,0.20161,0.14915,0.060462,-0.12551,-0.2793,-0.24038,-0.16395,-0.15123,-0.11491,0.040678,0.11114,0.030138,0.0040258,8.9812e-05,-0.039875,-0.029208,-0.022655,-0.020159,0.012171,0.082966,0.12903,0.097342,0.013788,-0.034748,-0.041462,-0.060498,-0.064045,-0.043352,-0.035791,-0.064823,-0.079783,-0.056708,0.015013,0.043014,0.035448,0.041497
0.10067,0.11212,0.14189,0.10077,0.0053578,-0.037977,-0.046824,-0.060755,-0.024885,-0.0012526,0.0025938,0.037632,0.037236,-0.016722,-0.055518,-0.096138,-0.022693,0.087255,0.063537,0.073949,0.11646,0.10808,0.085522,0.024324,-0.039254,-0.084947,-0.11506,-0.15076,-0.13596,-0.070904,-0.032536,-0.020659,-0.025148,-0.031743,-0.031807,-0.046226,-0.083586,-0.12817,-0.14529,-0.097494,-0.052753,-0.090836,-0.078628,-0.15066,-0.079526,-0.038602,-0.10602,-0.131,-0.099402,0.037824,0.12099,0.10252,0.07266,0.065867,0.03934,0.15384,0.11103,-0.16595,-0.158,-0.047023,-0.094533,-0.041616,-0.14951,-0.25282,-0.18153,-0.048791,-0.0042983,-0.050364,-0.087255,-0.015868,0.054145,0.074957,0.032028,-0.065158,0.015031,-0.056354,-0.13223,-0.11266,0.0046734,0.11053,0.090801,-0.0070226,-0.041515,-0.004102,0.044738,0.1023,0.12474,0.084665,0.03942,0.021426,0.036447,0.068795,0.085598,0.072838,0.05697,0.037382,-0.071072,-0.085562,0.066752,0.13417,0.1255,0.13049,0.17227,0.094688,-0.041173,-0.081788,-0.051873,-0.070084,-0.10107,-0.053988,-0.030802,-0.050458,-0.056334,0.0023964,0.042828,0.018482,-0.01818,-0.029844,-0.10445,-0.056642,-0.00057875,-0.045188,-0.0038994,0.026229,0.00066025,-0.015275,-0.020988,-0.033412,-0.042129,-0.036467,-0.025177,-0.0082306,0.015096,-0.0080743,-0.017125,-0.022772,-0.035005,0.023473,0.088881,0.0038692,-0.13148,-0.086627,-0.13593,0.0034894,-0.02654,-0.13563,-0.19888,-0.2752,-0.27188,-0.054566,0.13334,0.14847,0.053306,0.0078834,-0.00043672,0.10655,0.30059,0.36449,0.10491,-0.14588,0.044267,-0.19999,-0.2828,-0.21987,-0.19188,-0.091914,-0.012985,-0.14707,-0.26446,-0.17408,0.076233,0.2268,0.14816,0.017942,0.076668,-0.0016097,0.0038798,0.07076,0.022346,-0.026127,-0.0095551,0.020236,0.033254,0.059927,0.068677,0.045645,0.034483,0.025028,0.031676,0.019593,-0.016108,-0.069015,-0.085061,-0.035878,0.014378,-0.012374,0.00039233,0.096076,0.19528,0.22494
-0.3509,-0.31776,-0.17506,-0.011922,-0.025224,0.0064383,-0.043715,-0.029137,-0.025463,-0.038331,-0.081118,-0.08547,-0.050607,-0.032007,-0.025131,-0.0044369,0.050329,0.089101,0.07565,0.10091,0.1292,0.09493,0.033197,-0.068622,-0.15094,-0.1788,-0.14755,-0.066614,0.0075487,0.052772,0.044055,-0.026752,-0.10399,-0.13871,-0.064873,0.0016491,-0.029756,-0.086506,-0.077533,-0.068731,-0.031417,-0.016125,0.085906,0.11139,-0.040585,-0.11399,-0.098698,-0.039232,0.039148,0.060512,0.033857,0.023768,0.0059126,0.013714,0.067786,0.10355,0.015215,-0.10948,-0.07084,0.027724,-0.017139,-0.017926,-0.14189,-0.31452,-0.30364,-0.12077,-0.022423,0.0032104,0.041577,0.14943,0.1731,0.1149,0.070888,-0.031657,0.012884,0.026491,-0.06444,-0.17137,-0.21184,-0.17037,-0.1157,-0.065654,0.010465,0.071324,0.05681,0.03749,0.03289,0.00025819,-0.053317,-0.048283,0.0021323,0.029192,0.049319,0.052132,0.030707,0.030645,0.069791,0.064601,0.0247,0.00155,-0.0068349,0.031847,-0.094204,-0.16332,-0.023667,0.11143,0.033934,-0.012151,0.1894,0.18404,0.096973,0.076489,0.065159,0.057507,0.035294,-0.004504,0.0089695,0.049615,0.015212,0.043858,0.039358,-0.041006,-0.021895,0.012777,-0.0050062,-0.014854,-0.0045463,0.015991,0.023678,0.02304,0.015969,0.015333,0.03306,0.051569,0.040126,-0.043391,-0.083096,-0.026039,-0.026271,-0.031533,-0.018944,0.025053,0.014269,-0.13925,-0.25762,-0.25123,-0.20238,-0.13024,-0.023363,0.044973,0.060315,-0.033229,-0.12263,-0.10869,-0.011085,0.088006,0.23972,0.27271,0.064941,-0.10699,0.063744,0.13641,-0.1001,-0.26046,-0.30519,-0.25136,-0.15843,-0.084323,0.027134,0.19593,0.38886,0.50824,0.35434,-0.012046,0.0023332,0.042266,0.0082696,-0.010528,0.034915,0.042412,0.040174,0.02198,-0.014226,-0.048733,-0.068258,-0.036328,-0.011918,-0.024048,0.0041506,0.049215,0.049534,-0.010846,-0.071393,-0.12336,-0.16607,-0.14614,-0.12727,-0.17875,-0.21269,-0.22063
0.14826,0.18265,-0.32109,-0.40047,0.14481,0.15687,0.13049,0.16819,0.16873,0.046203,-0.07979,-0.037586,0.068842,0.10915,0.044854,0.081201,0.16552,0.12542,0.10981,0.090194,0.073989,0.086167,0.074812,0.11711,0.13441,0.094306,0.010472,-0.023296,0.031289,0.11727,0.17926,0.21811,0.24937,0.28421,0.30325,0.27849,0.21883,0.077255,-0.093032,-0.19298,-0.20214,-0.16187,-0.065927,-0.08453,-0.11545,-0.10619,-0.10911,-0.16109,-0.10432,-0.054175,-0.11499,-0.15964,-0.1536,-0.069821,0.010778,0.036005,0.018314,-0.022193,-0.03468,0.042559,0.14946,0.12747,0.055714,-0.0047355,-0.10677,-0.17256,-0.17081,-0.11455,-0.083756,-0.16056,-0.18721,-0.11328,-0.025364,0.091517,0.13214,0.085856,0.11155,0.12264,0.0090521,-0.10387,-0.092333,-0.041711,0.0050255,0.064929,0.13452,0.17941,0.14047,0.075757,0.074419,0.070598,0.034619,0.0085494,0.004969,0.012559,-0.017611,-0.016467,0.0088672,0.0057561,-0.022987,-0.06065,-0.016957,-0.0043757,-0.073878,-0.013531,0.219,0.22587,-0.24734,-0.20363,-0.12468,-0.10054,-0.03782,-0.037621,-0.10666,-0.15198,-0.099142,0.026895,0.080459,-0.00072668,-0.0088151,-0.056786,-0.057162,-0.047843,-0.1206,-0.0014184,0.1019,0.084096,0.070419,0.052893,0.035064,0.028942,0.035092,0.051943,0.042964,0.029348,0.065696,0.12844,0.18989,0.10684,0.0069446,0.081032,0.11117,0.14123,-0.00085057,-0.082488,0.04651,0.083694,0.15163,0.070062,-0.076928,-0.21639,-0.28225,-0.16432,-0.029491,0.035735,0.045759,0.028871,0.015388,0.011262,0.020624,0.078864,0.080238,0.043127,0.14008,0.20078,0.17145,0.13799,0.16325,0.12558,-0.011817,-0.13993,-0.22112,-0.26169,-0.18238,-0.031258,-0.024216,-0.14972,-0.19054,-0.13411,-0.097057,-0.057097,-0.046487,-0.091682,-0.14274,-0.11996,-0.11472,-0.18422,-0.23271,-0.18416,-0.097722,-0.058568,-0.015772,0.025331,0.038533,0.043798,0.11542,0.18472,0.24443,0.23882,0.16577,0.12701
-0.0084892,-0.036215,-0.077765,-0.05218,0.035175,0.11795,0.1152,0.30074,0.28097,0.1538,0.075676,0.038789,-0.017691,-0.049067,-0.022295,-0.0085281,-0.0044121,0.0055731,-0.0026714,0.021753,0.049835,0.081107,0.10334,0.041442,-0.083227,-0.098433,-0.044806,-0.062239,-0.11075,-0.10923,-0.064068,-0.038031,-0.075169,-0.1695,-0.2566,-0.30548,-0.29736,-0.21021,-0.060345,0.010174,0.050364,0.063766,0.013158,-0.076949,-0.13043,-0.16354,-0.15089,-0.095229,-0.046771,0.062341,0.12809,0.070226,-0.028042,-0.021619,0.020648,0.016023,0.011085,-0.016135,-0.030793,-0.015083,-0.056519,-0.12399,-0.20321,-0.18734,-0.078391,-0.014522,0.095427,0.13526,0.11561,0.12929,0.033515,0.0028767,-0.030009,-0.15536,-0.063573,-0.057923,-0.054754,-0.019738,0.032165,0.04135,-0.013929,-0.035283,0.045719,0.11613,0.098551,0.020596,-0.025867,-0.029213,-0.017493,0.00047294,0.015131,0.01605,0.016906,0.021427,0.025207,0.033011,-0.012763,-0.050504,-0.0088855,0.01703,-0.075044,-0.077031,-0.041817,-0.023238,0.029972,0.11807,0.11714,-0.15689,-0.17951,-0.083703,-0.059832,-0.029874,0.034965,0.08121,0.027228,-0.091877,-0.093316,0.01369,0.044177,0.065304,0.069753,0.11433,0.10092,0.045967,0.01609,0.0052929,0.014634,-0.0074015,-0.033578,-0.031232,-0.020294,-0.0038857,-0.075062,-0.1663,-0.14852,-0.09893,-0.027585,0.055158,0.012794,-0.066726,-0.088235,-0.082777,-0.13604,-0.13275,-0.1822,-0.26997,-0.22752,-0.19481,-0.15215,-0.025308,0.083406,0.014874,-0.157,-0.16701,-0.03987,0.066043,0.17045,0.18974,0.16693,0.066038,-0.11268,-0.017049,-0.131,-0.17661,-0.11531,-0.10511,-0.10353,-0.2067,-0.24651,0.051823,0.38126,0.39478,0.18852,-0.060983,0.024278,-0.021947,-0.015656,0.046803,0.063046,0.028648,0.0078011,0.023509,-0.0032799,-0.041514,0.042072,0.1707,0.17338,0.14617,0.10046,0.048686,0.021275,0.0189,0.021872,0.023759,0.024199,0.026179,0.12204,0.16701,0.15878,0.16319
0.20471,0.27872,0.40244,0.29085,-0.039274,-0.23017,-0.15776,-0.11557,-0.10424,-0.073815,0.034207,0.11966,0.1619,0.1674,0.097338,0.049494,0.025283,-0.022266,-0.033609,-0.036069,-0.041365,-0.001103,0.034056,-0.020985,-0.089212,-0.072859,-0.017916,-0.011951,-0.038804,-0.037874,0.012874,0.077818,0.11044,0.10105,0.065637,0.0068566,-0.048817,-0.096367,-0.076917,-0.061136,-0.017997,0.002109,0.095759,0.11375,-0.023274,-0.11221,-0.1306,-0.053235,-0.030434,-0.058707,-0.07356,-0.085608,-0.0061767,0.065935,0.083839,0.10201,0.077521,-0.13422,-0.26903,-0.13861,-0.029314,-0.052816,-0.10583,-0.25774,-0.21988,0.022327,0.078761,0.030271,-0.057177,-0.075963,-0.0077732,0.026285,0.13236,0.15378,-0.0032263,0.065009,-0.04391,-0.18304,-0.21588,-0.15438,-0.10883,-0.079786,-0.018073,0.0073444,0.0050699,-0.016171,-0.022679,0.012787,0.045782,0.054915,0.048834,0.034268,0.026303,0.032411,0.040729,0.011559,-0.019209,0.078016,0.16067,0.13144,0.10756,0.11133,0.13483,0.28125,0.21872,-0.19752,-0.1473,-0.15855,-0.11526,-0.078084,-0.094023,-0.12425,-0.16378,-0.19274,-0.1514,-0.01873,0.076135,0.043487,0.032788,0.015373,-0.0077459,0.055672,0.07337,-0.03225,-0.056506,-0.0087199,-0.0031677,-0.015575,-0.029761,-0.11788,-0.2068,-0.19113,-0.16776,-0.14184,-0.099252,-0.086132,-0.079727,-0.022812,-0.024675,-0.032717,-0.027875,0.0063229,-0.012164,-0.13257,-0.20786,-0.22033,-0.20676,-0.066882,0.080521,0.074988,0.0853,0.13885,0.066353,-0.018202,0.014291,0.10702,0.12708,0.20623,0.25255,0.14216,-0.099664,0.056765,-0.081104,-0.23272,-0.23085,-0.017407,0.10412,-0.068387,-0.2387,-0.2147,0.0056122,0.23597,0.27877,0.15209,0.035389,0.1043,0.032252,-0.0065959,0.033407,0.033172,0.035152,0.004186,-0.04686,-0.067089,0.047912,0.19672,0.16609,0.090289,0.013205,-0.031012,-0.013474,0.037112,0.077848,0.094278,0.074906,0.095765,0.18303,0.26702,0.26504,0.23401
-0.035842,-0.011479,0.05478,0.065411,0.050174,0.038516,-0.023534,0.046518,0.10537,0.11057,0.14908,0.20185,0.12431,0.0087247,-0.043571,-0.095779,-0.074,-0.024856,-0.03952,-0.05115,-0.072217,-0.059698,0.078268,0.2419,0.30989,0.22631,-0.067288,-0.3827,-0.42924,-0.22977,-0.02527,0.08307,0.14761,0.10554,-0.095301,-0.36778,-0.43396,-0.23655,-0.012652,-0.024488,0.032516,-0.011945,0.056756,0.078081,0.033248,0.04527,0.042159,-0.0010629,-0.0402,0.049681,0.13786,0.12172,0.053367,-0.018119,-0.013071,-0.0093283,-0.21355,-0.30315,-0.090506,0.034478,0.024045,0.0062534,0.016865,0.0037818,-0.036803,-0.032611,0.012533,0.030825,-0.013088,-0.1044,-0.091575,-0.063363,-0.05298,-0.0071157,-0.061879,-0.05344,0.047099,0.12868,0.092154,-0.065512,-0.17629,-0.17421,-0.26015,-0.29119,-0.15107,0.044903,0.24013,0.37806,0.38805,0.18529,0.095148,0.15297,0.15767,0.1594,0.15538,0.095634,0.052246,0.04181,0.042026,0.054787,-0.079151,-0.06286,0.0022843,0.016007,0.038346,0.085374,0.11385,0.034265,0.071952,0.15883,0.15265,0.11431,0.0020215,-0.040222,0.012035,0.0057945,0.00032151,0.04837,0.043952,0.0045673,-0.039784,-0.044494,0.095142,0.12841,0.059025,0.041137,0.10222,0.12493,0.11695,0.092792,0.047762,0.063586,0.053655,0.047225,0.069508,0.070886,0.11874,0.01379,-0.19328,-0.15466,-0.16567,-0.083873,-0.066581,-0.028322,0.068316,0.080098,0.065206,0.029562,-0.013652,0.072426,0.1766,0.17626,-0.0089597,-0.18891,-0.19778,-0.070109,0.25959,0.26943,0.19056,0.095059,-0.020018,0.060796,0.19852,0.086305,-0.075687,-0.03545,0.17839,0.2536,0.098295,-0.11554,-0.22634,-0.15712,-0.0045192,0.052434,-0.0098902,0.0031258,-0.063957,-0.1321,-0.10719,-0.058471,-0.0082173,0.0089647,-0.0043341,-0.06474,-0.1712,-0.21146,-0.25512,-0.38335,-0.44916,-0.38258,-0.13968,0.058142,0.041117,0.028253,-0.047891,-0.086032,-0.12738,-0.20091,-0.20178,-0.18246
-0.073692,-0.027511,0.088112,0.14145,0.12884,0.052681,0.081552,0.024957,-0.0039142,-0.0096908,-0.006126,0.041685,0.11657,0.13536,0.11372,0.053269,0.0016512,-0.012229,-0.028385,-0.025184,-0.014525,0.004787,0.026708,0.024751,-0.0017005,-0.036394,-0.088794,-0.12789,-0.098164,-0.024486,0.045844,0.088485,0.082639,0.047563,0.021955,0.00059404,-0.011941,-0.024867,-0.044884,-0.04011,0.019689,0.026052,-0.0023052,-0.069145,-0.056364,0.010282,0.041884,0.021024,-0.03143,-0.013858,0.020438,0.017364,0.0064087,0.018119,0.025054,-0.068721,-0.16252,-0.10325,-0.12253,-0.19338,-0.084351,-0.042571,-0.10653,-0.1048,-0.16401,0.014454,0.15359,0.074705,-0.018595,-0.030088,0.012109,-0.039765,-0.10146,-0.01317,0.046678,0.015107,0.014421,0.059073,0.077235,0.03201,-0.030469,-0.028378,-0.00684,-0.017268,-0.010347,0.02896,0.066781,0.063417,0.083344,0.10666,0.080064,0.052767,0.038571,0.03422,-0.0057669,-0.026254,0.0070189,0.025851,0.017069,0.0057155,0.055433,0.078603,0.15081,0.086428,-0.032169,-0.13185,-0.16721,-0.11769,-0.039221,0.033428,0.011307,-0.011451,-0.085588,-0.11616,-0.04862,0.028928,0.02425,0.00045556,-0.018834,-0.01063,0.0028993,0.002996,0.010898,0.049463,0.062841,0.048229,0.037907,0.02327,0.013995,-0.012415,-0.03383,-0.016864,0.008805,0.035357,0.029056,0.039809,0.031505,0.015795,0.073759,0.11989,0.024075,-0.057591,-0.10161,-0.08403,-0.058467,-0.041696,0.10248,0.18417,0.18454,0.12875,0.033779,-0.13688,-0.2316,-0.2148,-0.081542,0.1051,0.095724,-0.055721,-0.078901,0.075417,0.17587,0.017501,0.080086,0.21314,0.19242,0.19397,0.15944,0.052125,-0.118,-0.16025,-0.052815,-0.050524,-0.13964,-0.042068,0.0085658,-0.027502,-0.071525,-0.07344,-0.052418,-0.02804,-0.020523,-0.032608,-0.035378,-0.0076647,-0.00066318,-0.064125,-0.14559,-0.19822,-0.15085,-0.076508,-0.057163,-0.025668,0.00061026,0.028867,0.092577,0.1215,0.068039,-0.00038228,-0.033756,-0.042832
-0.41473,-0.4513,-0.44128,-0.25639,-0.029176,0.057872,0.14653,0.11643,0.07173,0.03946,0.050101,0.076997,0.068547,0.033742,0.025314,0.028413,0.037662,0.028477,0.012949,0.033908,0.044593,0.025762,0.00056109,-0.013384,-0.08552,-0.15962,-0.14368,-0.08516,-0.061441,-0.081925,-0.092726,-0.09727,-0.14243,-0.18537,-0.18174,-0.15316,-0.13134,-0.1231,-0.095325,-0.021259,0.0051956,0.02252,0.016903,0.041966,0.049301,-0.0003462,-0.021288,-0.032246,-0.024403,0.011276,0.037565,0.0572,0.067793,0.071376,0.096929,0.12059,0.057664,-0.28392,-0.35415,-0.13307,-0.036923,-0.048555,0.020744,0.015695,0.05215,0.15013,0.14458,0.08448,0.019277,0.041453,0.079941,0.12673,0.03646,-0.10695,-0.023282,-0.044805,-0.053882,-0.13994,-0.16189,-0.10268,-0.071927,-0.079438,-0.073532,-0.029151,-0.0088977,0.0067908,0.0025562,-0.044585,-0.093596,-0.060813,0.022552,0.067559,0.085715,0.069856,0.034532,0.040262,0.062736,0.013179,-0.082494,-0.13624,-0.14975,-0.15502,-0.071547,-0.078987,-0.19122,-0.044881,-0.062311,0.18111,0.16382,0.066375,0.078096,0.070877,0.083494,0.13577,0.14092,0.030338,-0.084613,-0.064079,0.023036,0.08219,0.075554,0.086674,0.063269,-0.034727,-0.058117,-0.031714,-0.026757,-0.025642,-0.034525,-0.032562,-0.023801,-0.010458,0.0056853,0.024144,0.017417,-0.032843,-0.037834,0.023511,0.084973,0.031229,-0.038473,-0.053104,-0.053515,-0.075685,-0.14383,-0.13727,-0.13064,-0.14171,-0.095622,0.02532,0.098329,0.06115,0.0026491,0.033417,0.119,0.1013,0.21475,0.33515,0.32335,0.205,-0.039083,0.11525,-0.10426,-0.27592,-0.2317,-0.07336,0.0039947,-0.13248,-0.29437,-0.19394,0.048397,0.079434,-0.00044673,-0.0018257,0.096827,0.14376,0.23562,0.12045,-0.01135,-0.0093821,-0.0023247,0.014222,0.019401,-0.0093169,-0.041555,-0.021087,0.012115,0.024059,0.058898,0.065735,0.0076762,-0.085964,-0.14405,-0.14684,-0.097891,-0.045473,-0.10239,-0.24395,-0.35269,-0.39408
0.047983,0.013446,-0.03805,-0.08092,-0.072654,-0.028848,0.010604,0.10729,0.01741,-0.15592,-0.21384,-0.17641,-0.13927,-0.054648,0.037237,0.016321,0.049512,0.10525,0.069397,0.070581,0.085266,0.059089,0.060465,0.13699,0.25248,0.30857,0.27006,0.16299,0.051816,-0.00090428,0.048543,0.14419,0.18934,0.15788,0.094557,0.051847,0.060974,0.070813,0.044797,-0.0090112,-0.07332,-0.10583,-0.049149,-0.045885,-0.07574,-0.081385,-0.007689,0.0075612,-0.059867,-0.098698,0.027753,0.10802,0.063161,0.033514,0.019358,-0.0068571,-0.24592,-0.43734,-0.19815,0.04661,-0.02592,0.010275,0.051284,-0.0029457,-0.1389,-0.22082,-0.0067456,0.15546,0.10304,0.028513,-0.077903,-0.20036,-0.10135,0.0095721,0.033065,0.052385,-0.10383,-0.2014,-0.18162,-0.11805,-0.015615,0.11509,0.17566,0.15099,0.095966,-0.017326,-0.1075,-0.010456,0.13284,0.15569,0.15185,0.079479,0.023842,0.038383,0.064797,0.080256,0.028716,-0.026689,-0.013707,-0.00061873,-0.25229,-0.25674,-0.22484,-0.16003,-0.042839,-0.028646,-0.012715,-0.19608,-0.18987,-0.037628,-0.048693,-0.12308,-0.14606,-0.1395,-0.163,-0.24776,-0.20324,-0.034628,-0.043041,-0.0066344,-0.0054901,-0.070102,-0.01527,0.059207,0.054778,0.028392,0.012221,0.055133,0.099827,0.10493,0.1143,0.090768,0.075373,0.10407,0.072656,0.052127,0.014357,-0.042402,0.013228,0.058659,0.093379,0.1326,0.045603,-0.019217,0.055449,0.12521,0.21353,0.24101,0.19639,0.13501,-0.0038824,-0.072872,-0.096287,-0.13967,-0.072013,0.09246,0.27908,0.23807,-0.0024062,-0.24763,-0.057694,0.017835,0.16422,0.23108,0.1442,0.051568,0.22502,0.288,-0.055288,-0.32777,-0.25371,-0.14603,-0.063581,0.066294,0.064587,0.11792,0.027745,-0.034797,-0.0087812,-0.0075021,-0.042213,-0.087988,-0.10524,-0.095853,-0.080763,-0.064155,-0.054481,-0.024301,-0.017718,-0.079907,-0.092524,-0.0077594,0.13466,0.21715,0.21091,0.13565,0.17538,0.19727,0.16249,0.15858
0.22931,0.21627,0.20011,0.17325,0.1481,0.10635,0.13712,0.14717,0.093793,0.023302,-0.036358,0.0097928,0.12138,0.16519,0.11237,0.056951,0.04167,0.0079537,-0.024314,-0.035202,-0.046115,-0.045289,-0.036378,-0.0001919,0.048448,0.051773,0.047618,0.075319,0.0065851,-0.081886,0.0014107,0.031056,-0.023696,0.064006,0.16744,0.14491,0.092327,0.051179,-0.0059028,-0.012919,-0.021206,0.0056002,0.0090615,-0.00058704,0.019964,0.010016,0.0087925,-0.0086431,-0.047076,-0.076129,0.023031,0.096461,0.033405,-0.020856,0.004308,0.025216,-0.10962,-0.10761,-0.042893,-0.066789,-0.015508,0.037272,0.061951,0.071457,0.037081,0.025354,0.028108,0.006117,-0.032622,-0.064988,-0.16959,-0.27231,-0.20166,-0.10998,-0.021761,-0.028404,-0.08925,-0.12021,-0.14937,-0.13572,-0.053495,-0.074907,-0.12136,-0.013932,0.096958,0.082303,0.032888,0.028081,0.069851,0.11548,0.11943,0.098688,0.068138,0.042473,-0.0068522,-0.025937,-0.048969,-0.057793,0.031801,0.086235,-0.014599,-0.017512,0.015008,0.048791,0.063587,0.072834,-0.1709,-0.033835,-0.12097,-0.23487,-0.19348,-0.12846,-0.11881,-0.17214,-0.15266,-0.10573,-0.086202,-0.069975,-0.037382,-0.0238,-0.031798,-0.038547,-0.01807,0.042472,0.072025,0.062443,0.088582,0.10226,0.050371,0.017255,0.02787,0.026397,0.030768,0.054917,0.091716,0.031828,-0.049078,0.004079,0.068042,0.027468,-0.027405,-0.031825,-0.019962,0.022202,0.055279,0.10683,0.084425,0.037916,-0.025394,-0.02641,0.025963,0.035249,-0.063956,-0.18708,-0.24843,-0.11141,0.069934,-0.02993,-0.090076,0.010617,0.10179,0.062376,0.09591,0.15063,0.19616,0.20408,0.18893,0.10988,-0.082534,-0.19888,-0.17783,-0.14847,-0.1135,0.03455,0.10256,0.022277,-0.047715,-0.017566,0.026524,0.046419,0.034409,0.044378,0.062351,0.0052349,-0.068473,-0.042362,0.0021823,-0.041694,-0.067084,-0.089809,-0.11462,-0.10307,-0.060809,0.00068871,0.080573,0.11901,0.13294,0.13958,0.16943,0.1905
-0.10315,-0.041472,0.082593,0.14167,0.068633,-0.075688,-0.056683,0.02498,0.019224,-0.017258,-0.017459,0.00027278,0.0076153,-0.013675,-0.038047,0.028855,0.080231,0.036564,0.017942,0.05775,0.10434,0.07811,0.023274,-0.057913,-0.080453,-0.072018,-0.10881,-0.15778,-0.12505,-0.020322,0.0056631,-0.068518,-0.11559,-0.12489,-0.096049,-0.056049,-0.014801,0.0020671,-0.024703,-0.010033,-0.016958,0.011116,0.012132,0.04205,0.10855,0.13093,0.11603,0.051727,0.047601,0.10776,0.13048,0.085373,0.047368,0.051761,0.028629,0.022849,0.024164,-0.40847,-0.36922,0.053817,0.015507,-0.0057179,-0.012988,-0.043708,-0.038785,0.088433,0.13033,0.0065145,-0.10646,-0.074363,-0.0042191,0.047678,0.054979,0.11508,0.078086,-0.055985,-0.13135,-0.11418,-0.040136,0.0022476,-0.062708,-0.17321,-0.23146,-0.21419,-0.11998,0.025599,0.10779,0.073504,-0.0040742,-0.053449,-0.062584,-0.071486,-0.032718,0.018414,0.025238,0.014136,-0.0010143,-0.014796,-0.057753,-0.095809,0.042654,0.079519,0.16094,0.22422,0.22906,0.11989,-0.19932,-0.17049,-0.0046623,0.081261,0.060005,0.010918,0.0081165,0.039717,0.065549,0.078897,0.073537,0.027105,0.010187,0.023433,0.0060318,-0.062213,-0.030239,0.036817,0.054151,0.051023,0.025145,-0.0089941,-0.017003,-0.013147,-0.10312,-0.19978,-0.18158,-0.15723,-0.1119,-0.046117,-0.034687,-0.033187,0.028784,0.0027041,-0.030198,-0.065642,-0.096866,-0.064404,0.029621,0.19193,0.23567,0.14885,0.070029,0.064915,0.033889,-0.026309,-0.050254,-0.044976,-0.091156,-0.15395,-0.098484,0.47127,0.37807,-0.19643,-0.091652,0.00076373,-0.069857,-0.14712,-0.13381,-0.0052783,0.05899,-0.14058,-0.30368,-0.30878,-0.31911,-0.25163,-0.085723,0.047834,0.016249,0.023872,0.10638,0.16566,0.12917,0.093125,0.079211,0.094122,0.147,0.13821,0.058972,-0.014661,-0.064046,-0.086727,-0.050982,-0.022155,-0.012951,0.0067311,0.044052,0.084528,0.069044,-0.012314,-0.13951,-0.21741,-0.16963,-0.12162
-0.2182,-0.18416,-0.095839,-0.046901,-0.087715,-0.10336,-0.034737,0.0054045,0.043205,0.080551,0.0656,0.04975,0.05729,0.065303,0.086417,0.090963,0.058271,0.021161,0.012148,0.041178,0.08087,0.11047,0.069873,-0.038903,-0.13336,-0.14032,-0.093169,-0.08135,-0.10886,-0.09914,-0.081522,-0.11054,-0.12012,-0.054634,0.019522,0.052401,0.069196,0.064113,0.096872,0.12037,0.1048,0.094248,0.047862,0.034623,-0.035577,-0.14256,-0.15563,-0.11371,0.039502,0.09845,0.095537,0.041194,-0.062704,-0.090775,-0.040208,-0.0048863,-0.024388,-0.012867,-0.036394,-0.057355,-0.033176,-0.026027,-0.0021578,0.054156,0.072836,0.04029,0.029256,0.012344,-0.0023193,0.029128,-0.045574,-0.13062,-0.075403,-0.0021316,0.022482,0.050966,0.11623,0.15624,0.15622,0.049231,-0.1068,-0.14294,-0.074045,-0.021007,-0.0035614,0.0049564,0.04466,0.075298,0.067469,0.065129,0.073355,0.073362,0.071569,0.078346,0.078112,0.068964,-0.041038,-0.13499,-0.12248,-0.11132,0.063014,0.093906,-0.035727,-0.13321,-0.0089799,-0.10211,-0.13406,-0.15796,-0.056993,0.059908,0.032117,-0.014309,-0.032482,-0.048512,-0.10087,-0.13474,-0.084768,-0.0081926,0.043056,0.078987,0.0868,0.12258,0.084597,0.013701,-0.0096325,-0.015017,-0.0043726,0.0084842,0.014464,0.016937,0.0077361,0.00033242,0.021148,0.052619,0.039746,-0.051559,-0.099581,-0.053843,-0.044766,-0.046744,-0.016127,0.012161,0.08018,0.052902,-0.10905,-0.19254,-0.21276,-0.20152,0.029047,0.21587,0.15934,-0.049513,-0.20412,-0.17208,-0.022505,0.074869,0.085404,0.015472,0.007688,0.038704,0.026521,0.069192,0.20169,0.13779,0.038256,0.05392,0.087125,-0.029971,-0.16419,-0.12846,-0.090775,-0.12337,-0.1273,-0.033273,-0.027167,-0.044881,-0.010489,-0.0066869,-0.034108,0.0013286,0.057483,0.081908,0.046157,0.00084923,-0.031036,-0.0749,-0.032405,0.039036,0.0058291,-0.027046,-0.05379,-0.067701,-0.014104,0.046695,0.016428,-0.045972,0.011247,0.046782,0.047985,0.062713
0.10954,0.078697,0.034671,-0.048291,-0.12898,-0.15675,-0.10751,-0.061335,0.037313,0.11625,0.11142,-0.061483,-0.18718,-0.11372,0.028999,0.056133,-0.0024957,-0.025142,-0.0056707,-0.0058184,-0.014531,-0.0077942,0.023358,0.06731,0.13881,0.20097,0.23593,0.23947,0.1816,0.083519,-0.10031,-0.16585,0.012756,0.12254,0.10932,0.092001,0.070183,0.042787,0.013184,0.010122,0.018302,0.027327,0.048585,-0.0053472,-0.023542,-0.023408,-0.013033,-0.0078074,-0.023278,0.0061767,0.028367,-0.070596,-0.1566,-0.16623,-0.15444,-0.095241,-0.0038757,-0.17872,-0.3733,-0.33863,-0.083141,-0.01471,0.044269,0.066789,0.043776,0.03582,0.04118,0.042866,0.016818,0.0065922,-0.06281,-0.12428,-0.056101,0.046109,0.071374,-0.031317,-0.071471,-0.0027614,0.080774,0.10401,0.083773,0.05278,0.0073684,-0.027544,-0.019095,0.020708,0.065364,0.088884,0.089,0.082886,0.080892,0.070698,0.056271,0.052474,0.060963,0.067348,-0.0012994,-0.026343,0.039974,0.060471,-0.23586,-0.23964,-0.20638,-0.11022,-0.033736,-0.056019,-0.09152,0.029484,-0.019196,-0.11434,-0.10137,-0.042062,0.038336,0.013241,-0.13599,-0.28063,-0.26295,-0.074791,0.035309,0.023501,-0.011375,-0.030405,0.0017376,0.029804,0.021459,0.0048019,-0.017294,-0.048846,0.0063792,0.085788,0.092978,0.096739,0.10149,0.098342,0.14029,0.063002,-0.040523,0.011236,0.070158,0.068319,0.038962,0.057164,-0.011233,-0.0099135,-0.07587,-0.11724,-0.033486,0.028971,0.053339,0.039473,-0.010196,-0.033828,-0.031654,-0.064315,-0.15825,-0.23209,-0.24862,0.07042,0.2671,0.2825,0.11694,0.14922,0.27017,0.14602,0.0069781,0.088188,0.22236,0.11161,-0.12859,-0.21743,-0.21777,-0.23683,-0.20695,-0.039829,-0.0073972,-0.042369,-0.069068,-0.073428,-0.060575,-0.047889,-0.023085,0.0018685,0.019923,0.023646,-0.0038774,-0.00915,0.03514,0.041998,-0.00031764,-0.028462,-0.041891,-0.038113,0.0028926,0.06991,0.10912,0.080188,0.11783,0.1733,0.1859,0.18593
-0.10653,-0.094651,-0.0043626,0.069505,-0.0089722,-0.1533,-0.080944,-0.053486,-0.10182,-0.1074,-0.043179,-0.039174,-0.043531,-0.032136,-0.012366,-0.012268,0.060656,0.15297,0.12983,0.13915,0.12411,0.098741,0.1249,0.18191,0.18829,0.15901,0.10746,0.054341,-0.0083402,-0.0861,-0.13568,-0.12106,-0.083367,-0.083063,-0.13468,-0.22163,-0.26194,-0.17453,-0.049957,-0.063408,-0.0043909,-0.04663,0.038199,0.065833,0.020085,0.033224,0.03381,-0.008065,-0.046998,0.046626,0.1323,0.1145,0.088178,0.041264,0.037473,0.078945,-0.037244,-0.28975,-0.28469,-0.096718,-0.063754,-0.089516,-0.036325,-0.050488,0.046278,0.10999,0.076934,0.11579,0.1412,0.13241,0.0026154,-0.14676,-0.068467,0.055064,-0.028209,-0.17507,-0.15613,-0.10705,-0.036276,0.034481,0.077589,0.059802,0.066879,0.085881,0.052622,0.04371,0.045314,0.027043,0.015265,0.0078333,0.047099,0.08901,0.08107,0.058937,0.047125,0.065815,0.021701,-0.052604,-0.087156,-0.11056,-0.12597,-0.11126,-0.031056,0.11046,0.16272,-0.04718,-0.27727,-0.17173,-0.041281,-0.018315,-0.0051556,0.014694,0.024263,0.019334,-0.024902,-0.13163,-0.13257,-0.024198,-0.023683,0.0047945,-0.043362,0.045541,0.098995,0.051418,0.02706,0.0081346,-0.0049092,-0.02455,-0.02805,-0.015695,-0.009662,0.0064631,0.021528,0.034891,0.06905,0.11676,0.17241,0.031538,-0.18395,-0.1429,-0.1514,-0.069746,-0.068594,-0.043802,0.053042,0.077279,0.074733,0.031923,-0.040578,0.0036769,0.083794,0.11462,0.060045,-0.070909,-0.19075,-0.13142,0.10424,0.14334,0.079232,-0.032331,-0.13774,0.060161,0.2883,0.37844,0.24446,0.10418,0.067145,-0.058742,-0.2144,-0.26339,-0.19172,-0.12799,-0.090859,0.073349,0.025646,0.056834,0.15929,0.21381,0.061372,-0.076922,-0.07409,-0.04692,-0.031499,-0.051519,-0.06502,-0.038794,-0.018924,-0.051389,-0.084192,-0.11269,-0.11114,-0.11408,-0.11647,-0.057275,0.037196,0.099897,0.17438,0.16338,0.096476,0.075472
0.12165,0.050823,-0.02395,-0.017053,0.024643,0.00094792,-0.0036663,-0.026652,0.053831,0.19499,0.11882,-0.083584,-0.086035,-0.027157,-0.012882,-0.057596,-0.016306,0.084196,0.060627,0.031439,0.015536,0.0020464,-0.020705,0.025097,0.12987,0.19547,0.13893,0.066175,0.047946,0.04481,-0.0018123,-0.024906,0.042031,0.10584,0.1067,0.076862,0.033065,-0.014835,-0.06171,-0.060449,-0.032814,0.0013168,0.049217,-0.0055673,-0.0017361,0.015992,-0.012243,-0.028743,-0.027309,-0.032899,-0.013049,-0.038515,-0.067723,-0.061373,-0.0752,-0.066967,-0.026736,-0.46776,-0.42268,0.0040656,0.0085896,0.0048403,-0.016318,-0.048527,-0.051738,-0.018546,0.014647,0.030767,0.0041588,-0.057727,-0.059512,-0.06072,-0.073611,-0.069983,-0.13125,-0.14324,-0.069648,0.040562,0.12178,0.12074,0.048288,-0.085079,-0.1763,-0.12958,0.0055912,0.09637,0.067979,0.087221,0.12895,0.11791,0.10746,0.091706,0.054924,0.030195,0.033606,0.043823,0.08886,0.12895,0.098822,0.06219,-0.033846,-0.050297,-0.026086,-0.025172,-0.011736,-0.028743,-0.032359,-0.067937,-0.096878,-0.04177,0.025691,0.14052,0.12431,0.0091095,-0.0781,-0.10673,-0.044457,0.04198,-0.041044,-0.045003,-0.027072,-0.058738,-0.11369,-0.037315,0.042817,0.032339,0.020282,0.057826,0.094399,0.095603,0.10815,0.071961,0.040418,0.064405,0.10582,0.10834,0.013988,-0.029078,0.038023,0.06505,0.054099,0.03506,-0.094288,-0.11483,-0.1129,-0.12599,-0.11872,-0.15235,-0.16841,-0.13003,-0.098706,0.0087024,0.17359,0.24411,0.16639,0.0073374,-0.1699,0.39946,0.38089,-0.063368,0.018548,0.0255,0.11661,0.037764,-0.06009,-0.019201,0.067266,0.16249,0.19212,0.095247,-0.060715,-0.15619,-0.14948,-0.081492,-0.055851,0.0090713,-0.041417,-0.11347,-0.09917,-0.12075,-0.13268,-0.045233,0.043115,0.014532,-0.077517,-0.16938,-0.21826,-0.1384,-0.038498,-0.066145,-0.071501,-0.066672,-0.01765,0.061224,0.080533,0.050222,0.016441,-0.017259,-0.022396,-0.011318
0.11152,0.11648,0.081202,0.0026896,-0.032595,-0.058401,-0.057089,-0.088568,-0.048586,0.018788,0.018274,-0.047078,-0.081958,-0.037116,0.021106,0.045404,0.03106,-0.010819,-0.036933,-0.045115,-0.053005,-0.047954,-0.027382,0.053759,0.16169,0.20169,0.18498,0.16938,0.14494,0.095459,0.054483,0.052356,0.078094,0.11155,0.15665,0.204,0.213,0.18899,0.15351,0.11779,0.11015,0.13181,0.13989,0.089117,-0.0026436,-0.08496,-0.10856,-0.10532,-0.080626,-0.057143,-0.11723,-0.18985,-0.18032,-0.19551,-0.21439,-0.11604,-0.20728,-0.40316,-0.12329,0.090617,0.156,0.13848,0.13092,0.096376,0.014459,-0.033211,-0.01188,0.0019111,-0.0006746,-0.1077,-0.21172,-0.19034,-0.078911,0.045159,0.031437,0.0097157,0.076455,0.13584,0.10024,0.044448,0.082746,0.14137,0.089935,0.013732,-0.020326,-0.041707,-0.01172,-0.013255,-0.064451,-0.091033,-0.096262,-0.084401,-0.065724,-0.020068,0.020667,0.0198,0.041571,0.07639,0.093214,0.096882,-0.036949,-0.029803,0.0067251,-0.019041,-0.043466,-0.082015,-0.049151,-0.060452,-0.08279,-0.036707,-0.0036318,0.063163,0.13035,-0.020484,-0.23078,-0.20493,-0.073597,-0.023817,-0.0065128,-0.013129,-0.025702,-0.028359,-0.0042389,0.041454,0.052727,0.037488,0.021975,0.015524,0.014616,0.022326,0.021337,0.021857,0.045892,0.069119,0.0041102,-0.057599,-0.011816,0.031734,0.083559,0.13743,0.14254,0.10932,0.0471,-0.027332,-0.17091,-0.24405,-0.24583,-0.2977,-0.35149,-0.30929,-0.084481,0.25682,0.48734,0.50832,0.32247,0.064495,0.10635,0.16568,0.16505,0.12654,-0.0059765,-0.077038,0.070583,0.15328,0.038136,-0.068566,0.11431,0.2353,0.045869,-0.0093283,0.17709,0.19828,0.16162,0.079911,-0.037415,-0.067767,-0.10575,-0.1262,-0.10306,-0.081854,-0.079678,-0.087754,-0.057733,-0.026199,-0.033178,-0.05922,-0.055154,-0.0057152,0.017736,0.034333,0.049518,0.024121,-0.021799,-0.022271,0.0015101,-0.015747,-0.055515,-0.078889,-0.077329,-0.072284
-0.22958,-0.25221,-0.26128,-0.24219,-0.19064,-0.14933,-0.13732,-0.29688,-0.39953,-0.34667,-0.18093,0.0045276,0.04131,0.010629,0.00542,0.0050034,-0.03712,-0.060251,-0.034585,-0.041184,-0.041271,-0.029142,0.0036932,0.0844,0.18173,0.26115,0.25996,0.089653,-0.098864,-0.17951,-0.17604,-0.18893,-0.1508,-0.061577,-0.029779,0.0031118,0.052883,0.11056,0.18606,0.22808,0.23627,0.21255,0.17705,0.061798,-0.013184,0.012327,0.0015949,-0.062441,-0.11113,-0.15219,-0.19385,-0.16912,-0.1082,-0.10307,-0.12424,-0.17604,-0.2658,-0.083672,0.14019,0.18484,0.17388,0.13123,0.046577,-0.038998,-0.13383,-0.082187,-0.0027057,0.021169,0.063471,0.061296,-0.040428,-0.10332,-0.049279,0.021959,0.029886,0.016464,0.078527,0.15602,0.28972,0.36317,0.2408,0.10326,0.075972,0.079697,0.061153,-0.011859,-0.095677,-0.10242,0.031842,0.19529,0.23339,0.19205,0.10727,0.037217,0.015315,0.0016704,0.013023,0.080953,0.1438,0.16342,-0.5072,-0.49783,-0.42326,-0.24697,-0.039634,-0.036362,0.056024,0.17701,0.29168,0.38658,0.34534,0.24753,0.033761,-0.11553,-0.1339,-0.10257,-0.059156,-0.068434,-0.06046,-0.057901,-0.042475,-0.029195,0.0085674,0.057387,0.060992,0.036246,0.018095,0.10228,0.17683,0.17535,0.14798,0.12104,0.1123,0.11349,0.15686,0.14104,0.11154,0.10072,0.066843,0.073067,0.082608,0.1279,0.19398,0.3121,0.48282,0.59981,0.51545,0.28438,-0.051867,-0.29695,-0.28884,-0.12965,0.011904,0.04611,0.034998,0.10698,0.15657,0.036944,-0.04629,-0.030832,0.030171,-0.047599,-0.016208,0.01438,-0.044083,0.018254,0.29711,0.44941,0.40148,0.2616,0.049231,-0.15033,-0.17596,-0.056198,-0.039013,-0.19426,-0.26429,-0.24325,-0.25645,-0.24246,-0.24142,-0.23485,-0.23539,-0.15167,-0.058618,-0.054582,-0.039873,-0.079525,-0.13215,-0.19496,-0.25744,-0.24219,-0.16057,-0.060361,-0.021354,-0.095844,-0.1783,-0.14572,-0.080907,-0.05505
-0.28971,-0.24321,-0.1305,-0.066009,-0.10429,-0.11606,-0.057681,-0.027693,-0.024029,-0.029604,-0.02535,-0.019477,-0.0052524,0.044439,0.077679,0.061592,0.09088,0.13896,0.12618,0.13558,0.11371,0.049027,0.04278,0.091643,0.012413,-0.14263,-0.20122,-0.13067,-0.063421,-0.033528,0.0027696,0.054525,0.092992,0.098672,0.090922,0.076495,0.064982,0.052773,0.048623,0.053722,0.019628,-0.0017091,-0.032788,-0.068385,-0.13578,-0.18968,-0.13457,-0.051284,-0.052064,-0.090673,-0.10778,0.0031512,0.087693,0.056139,0.06771,0.056339,-0.12615,-0.27232,-0.2248,-0.076756,0.005678,-0.015017,-0.0024727,-0.0033466,0.062576,0.10079,0.067887,0.020908,-0.02944,-0.05186,-0.02945,0.042862,0.019004,-0.054164,0.047451,0.0060011,-0.040254,-0.0012524,0.06179,0.088656,0.080912,0.045185,0.017868,0.041576,0.07631,0.042226,0.0084863,-0.012324,-0.045703,-0.033866,0.047782,0.10553,0.090291,0.060552,0.037928,0.036042,0.03051,0.033343,0.041847,0.032089,0.028192,0.068848,-0.045851,-0.13394,-0.0063095,-0.085445,-0.10952,-0.14366,-0.040331,0.089678,0.067241,0.033138,0.025227,-0.032595,-0.097607,-0.099538,-0.022478,0.027981,0.00024576,0.0033418,-0.054844,0.017177,0.068535,0.046173,0.029161,-0.010939,-0.022762,0.0047041,0.020494,0.022937,0.014675,0.012449,0.036021,0.061216,0.043779,-0.024492,-0.041268,0.006846,0.056994,0.0099066,-0.036779,-0.0077765,0.04348,0.039037,-0.099277,-0.11343,-0.083298,0.011619,0.056098,0.018637,0.061377,0.049315,-0.0094212,-0.092694,-0.16973,-0.1058,0.21782,0.24798,0.19711,0.11373,-0.069346,0.010471,0.17648,0.16844,0.093043,0.14687,0.28247,0.16859,-0.07661,-0.16584,-0.088661,0.0048883,-0.03341,-0.019472,0.07732,0.0023119,-0.091205,-0.11038,-0.094947,-0.083072,-0.071976,-0.059341,-0.030916,-0.032587,-0.0721,-0.097453,-0.061738,-0.0038001,-0.0022031,-0.052215,-0.10756,-0.13286,-0.12842,-0.075301,-0.012319,0.016786,0.022131,0.011475,-0.0073453,-0.017082
-0.03185,0.011838,0.082713,0.051006,-0.11155,-0.18877,-0.051747,0.11811,0.15425,0.023844,-0.073474,-0.11624,-0.098585,-0.026558,0.0043802,0.052541,0.078111,0.025921,0.0026878,-0.0083239,-0.021001,-0.038963,-0.042295,0.030728,0.092199,0.047646,0.026567,0.14623,0.19347,0.14323,0.13691,0.16236,0.16559,0.23238,0.32225,0.29408,0.23022,0.17394,0.10258,0.045511,0.018383,0.029902,-0.00086937,-0.078385,-0.16968,-0.27597,-0.30657,-0.26438,-0.13362,-0.04806,-0.085962,-0.11695,-0.121,-0.063674,0.0029193,-0.0034976,-0.22046,-0.29502,-0.14423,-0.035354,-0.11145,-0.13239,-0.12574,-0.057996,0.048219,0.071252,0.031252,0.01862,0.016668,-0.087297,-0.16816,-0.10559,-0.029871,0.085332,0.1645,0.21825,0.23926,0.16984,0.12314,0.16102,0.18666,0.09745,0.026767,0.023987,0.022378,0.0095915,-0.0012488,-0.019907,-0.040916,-0.018514,0.020328,0.023932,0.020705,0.018594,0.019571,-0.0068759,0.01752,0.083141,0.10393,0.11288,-0.090761,-0.066397,0.0027104,0.07866,0.040118,-0.13102,-0.22819,-0.16364,-0.029557,-0.0054509,0.011447,0.075857,0.081524,-0.082467,-0.22216,-0.10323,0.079935,0.041536,-0.0037256,-0.029235,-0.053186,-0.090795,-0.12796,-0.0095383,0.085655,0.069652,0.054473,0.027741,0.0036716,0.015179,0.031826,0.050393,0.045376,0.026385,0.047273,0.11244,0.17684,0.11583,0.052104,0.11401,0.15477,0.05553,-0.049159,-0.07645,-0.1104,-0.072137,-0.064947,-0.07563,-0.12532,-0.19249,-0.19653,-0.052685,0.058348,0.070781,0.049031,0.076181,0.3441,0.32912,0.03038,-0.22259,-0.053241,0.0030039,0.19354,0.18432,0.13729,0.21474,0.23183,0.13913,0.011932,-0.081295,-0.18468,-0.2607,-0.1711,-0.0072259,0.0020387,-0.11988,-0.16992,-0.12672,-0.1089,-0.099342,-0.094611,-0.11803,-0.14135,-0.11598,-0.1019,-0.13611,-0.08773,-0.010683,-0.024959,-0.0093428,0.0071032,-0.00028051,0.021718,0.058478,0.067257,0.080223,0.09412,0.077308,0.049651,0.042205
0.36812,0.38376,0.32315,0.071885,-0.051753,0.092885,0.10839,0.16269,0.073974,0.03667,0.073138,0.0011609,-0.074185,-0.078476,-0.11807,-0.17465,-0.1154,-0.028208,-0.040699,-0.052614,-0.071454,-0.053614,0.051469,0.22975,0.37548,0.40554,0.34699,0.26723,0.23238,0.23542,0.21985,0.1707,0.093842,-0.01005,-0.089243,-0.058584,0.027627,0.071697,0.11371,0.16505,0.19132,0.16453,0.17315,0.13811,0.1107,0.11874,0.020811,-0.12997,-0.20207,-0.23317,-0.23698,-0.15229,-0.056935,-0.063259,-0.09084,-0.076997,-0.0042641,0.23517,0.31271,0.11194,-0.05403,-0.0019896,0.072398,0.019559,-0.13317,-0.26941,-0.26727,-0.20225,-0.15105,-0.15242,-0.15928,-0.10705,-0.080721,-0.054548,0.019797,-0.019717,-0.0089087,-0.046603,-0.103,-0.013439,0.10032,0.15358,0.19437,0.23822,0.21104,0.1252,0.040911,0.018821,0.045507,0.065304,0.059209,0.054299,0.051726,0.043864,-0.028956,-0.015259,0.052144,0.063076,0.086084,0.10836,0.16976,0.16524,0.18237,0.2334,0.045665,-0.35911,0.090057,-0.11477,-0.23397,-0.24484,-0.24409,-0.18049,-0.10386,-0.040169,0.084552,0.11494,0.073923,0.065493,0.04237,0.00062822,-0.038866,-0.035905,0.026321,0.059067,0.028101,-0.0045497,-0.018421,-0.035678,0.052429,0.15098,0.16976,0.11345,0.052644,0.077248,0.11446,0.055276,-0.027032,0.01207,0.044405,0.023464,-0.02227,0.0044983,2.2375e-06,0.091403,0.26727,0.31964,0.17773,-0.071267,-0.29441,-0.38775,-0.267,0.038441,0.29629,0.34986,0.25099,0.084922,-0.17354,-0.46281,-0.51316,-0.30994,0.034658,0.15468,0.21435,0.22136,0.08239,-0.12886,-0.17988,0.015154,0.22246,0.24672,0.10394,-0.047553,-0.088812,-0.00081568,0.076654,-0.0005903,-0.17374,-0.23398,-0.1754,-0.17838,-0.21076,-0.22819,-0.17655,-0.13365,-0.15836,-0.094351,-0.015021,-0.04808,-0.05616,-0.044705,-0.051793,-0.062022,-0.076026,-0.062682,0.15733,0.36031,0.32587,0.20768,0.16326,0.16132
0.36812,0.38376,0.32315,0.071885,-0.051753,0.092885,0.10839,0.16269,0.073974,0.03667,0.073138,0.0011609,-0.074185,-0.078476,-0.11807,-0.17465,-0.1154,-0.028208,-0.040699,-0.052614,-0.071454,-0.053614,0.051469,0.22975,0.37548,0.40554,0.34699,0.26723,0.23238,0.23542,0.21985,0.1707,0.093842,-0.01005,-0.089243,-0.058584,0.027627,0.071697,0.11371,0.16505,0.19132,0.16453,0.17315,0.13811,0.1107,0.11874,0.020811,-0.12997,-0.20207,-0.23317,-0.23698,-0.15229,-0.056935,-0.063259,-0.09084,-0.076997,-0.0042641,0.23517,0.31271,0.11194,-0.05403,-0.0019896,0.072398,0.019559,-0.13317,-0.26941,-0.26727,-0.20225,-0.15105,-0.15242,-0.15928,-0.10705,-0.080721,-0.054548,0.019797,-0.019717,-0.0089087,-0.046603,-0.103,-0.013439,0.10032,0.15358,0.19437,0.23822,0.21104,0.1252,0.040911,0.018821,0.045507,0.065304,0.059209,0.054299,0.051726,0.043864,-0.028956,-0.015259,0.052144,0.063076,0.086084,0.10836,0.16976,0.16524,0.18237,0.2334,0.045665,-0.35911,0.090057,-0.11477,-0.23397,-0.24484,-0.24409,-0.18049,-0.10386,-0.040169,0.084552,0.11494,0.073923,0.065493,0.04237,0.00062822,-0.038866,-0.035905,0.026321,0.059067,0.028101,-0.0045497,-0.018421,-0.035678,0.052429,0.15098,0.16976,0.11345,0.052644,0.077248,0.11446,0.055276,-0.027032,0.01207,0.044405,0.023464,-0.02227,0.0044983,2.2375e-06,0.091403,0.26727,0.31964,0.17773,-0.071267,-0.29441,-0.38775,-0.267,0.038441,0.29629,0.34986,0.25099,0.084922,-0.17354,-0.46281,-0.51316,-0.30994,0.034658,0.15468,0.21435,0.22136,0.08239,-0.12886,-0.17988,0.015154,0.22246,0.24672,0.10394,-0.047553,-0.088812,-0.00081568,0.076654,-0.0005903,-0.17374,-0.23398,-0.1754,-0.17838,-0.21076,-0.22819,-0.17655,-0.13365,-0.15836,-0.094351,-0.015021,-0.04808,-0.05616,-0.044705,-0.051793,-0.062022,-0.076026,-0.062682,0.15733,0.36031,0.32587,0.20768,0.16326,0.16132
0.25207,0.28495,0.47162,0.70981,0.55376,-0.017981,-0.16828,-0.15318,-0.019705,0.093821,0.15676,0.2047,0.18814,0.083424,0.012805,-0.0061333,-0.052655,-0.067691,-0.053054,-0.07335,-0.061322,-0.0069336,0.03433,0.017477,-0.048027,-0.13396,-0.20003,-0.14212,0.038668,0.073126,-0.096923,-0.23566,-0.2677,-0.19555,-0.10291,-0.099073,-0.12394,-0.18725,-0.17906,-0.15267,-0.16316,-0.092074,-0.12631,-0.037706,-0.0049618,-0.0075757,0.026956,0.030617,0.014677,0.065532,0.10801,0.089308,-0.022096,-0.067505,-0.0060942,0.053312,0.12269,0.28586,0.29612,0.094962,-0.014503,-0.090642,-0.12092,0.0078646,0.089528,0.04191,0.029876,0.082765,0.13608,0.12929,0.11282,-0.038115,-0.17529,-0.036948,-0.027621,-0.040811,-0.06998,-0.076904,-0.029915,-0.0052958,-0.071014,-0.13036,-0.086095,-0.0027827,0.024247,0.016354,-0.010621,-0.041188,-0.061839,-0.066552,-0.050005,-0.065262,-0.12528,-0.161,-0.16887,-0.14858,-0.065623,0.061389,0.1577,0.19828,0.11631,0.11026,0.10411,0.19857,0.39457,0.23601,-0.13032,0.018919,-0.12026,-0.26077,-0.27802,-0.24201,-0.17116,-0.11085,-0.064553,-0.023798,0.0077873,-0.063294,-0.1291,-0.12668,-0.063739,0.0005077,-0.0099595,0.0035999,0.023479,-0.0016451,-0.01554,-0.0166,-0.025035,-0.023983,-0.011448,-0.012761,0.0012324,-0.11361,-0.23798,-0.17457,-0.11354,-0.053453,-0.066852,-0.093315,-0.064041,-0.093112,-0.020382,-0.16254,-0.2447,-0.16243,-0.072342,-0.052595,-0.05348,0.12295,0.30286,0.19394,-0.13077,-0.26329,-0.17776,-0.077324,-0.18035,-0.31755,-0.29467,-0.10624,0.035525,-0.3112,-0.27403,-0.054356,0.072027,0.019326,-0.19768,-0.2207,0.038741,0.20265,0.18876,0.099831,0.091844,0.20284,0.15326,0.17138,0.18888,0.19584,0.2149,0.22898,0.13926,0.060354,0.049015,0.0016894,-0.032396,0.042238,0.1517,0.16607,0.18128,0.18303,0.16292,0.087401,-0.018249,-0.069627,-0.0033073,0.10401,0.15963,0.28487,0.36183,0.3573
0.1081,0.090295,-0.056777,-0.20599,-0.24205,-0.20953,-0.15765,-0.12376,-0.076589,-0.023013,0.034767,0.026518,-0.037214,-0.10257,-0.12501,-0.13212,-0.12204,-0.062269,-0.016841,0.0038836,0.037523,0.075435,0.065239,-0.07395,-0.24345,-0.23158,-0.05079,0.0387,-0.011997,-0.078767,-0.082136,-0.049506,-0.055534,-0.1285,-0.19705,-0.22235,-0.2093,-0.14936,-0.047779,0.009755,-0.025515,-0.020097,-0.083548,0.0049622,0.04646,-0.059828,-0.12449,-0.13114,-0.075655,0.048421,0.1189,0.076984,0.057476,0.075315,0.091254,0.12163,0.13546,0.13362,0.056907,-0.03695,-0.071561,-0.080683,-0.2368,-0.10084,0.075286,0.094939,0.081021,0.09237,0.11735,0.1114,0.10519,0.14234,0.19638,0.14347,-0.059829,0.10217,0.21165,0.20175,-0.070894,-0.31608,-0.26024,-0.039074,0.048857,0.0053649,-0.022039,-0.024278,-0.038956,-0.079608,-0.11325,-0.11215,-0.086079,-0.053528,-0.067072,-0.04365,0.0095452,0.0069698,0.020447,0.022709,-0.0080338,-0.026952,0.12421,0.12458,0.12864,0.047751,-0.080691,-0.044488,-0.034787,0.067057,0.10267,0.072148,0.08126,0.043201,0.056127,0.17404,0.23025,0.1648,0.048735,-0.0016764,0.01792,0.035511,0.04761,0.04275,0.036737,-0.0017155,-0.070258,-0.069108,-0.021383,-0.01965,-0.080482,-0.12786,-0.11807,-0.10131,-0.12382,-0.15592,-0.129,-0.071135,-0.0025744,0.063251,-0.023488,-0.15712,-0.11708,-0.094773,0.018814,0.029038,-0.076716,-0.18794,-0.25619,-0.30955,-0.25227,-0.021678,0.048897,-0.039399,-0.037142,0.0029883,-0.032859,-0.039539,0.017323,0.044862,0.08652,0.071947,-0.0075645,0.092783,-0.44885,-0.63524,-0.32041,0.025502,0.046281,0.14697,0.21205,0.18036,0.093885,0.097488,0.21129,0.11679,-0.072981,0.0062792,0.096754,0.15119,0.11495,0.12459,0.11265,0.025607,-0.0053367,0.053464,0.10067,0.071945,0.11939,0.24637,0.322,0.34095,0.30968,0.23804,0.1587,0.086272,0.012432,-0.049467,-0.095327,-0.14002,-0.16962,-0.17736
0.1654,0.19106,0.20534,0.18606,0.1962,0.23294,0.093605,0.13957,0.12603,0.10592,0.11985,0.096183,0.024505,-0.017314,-0.041892,-0.099639,-0.17442,-0.12932,-0.049146,-0.046508,0.00051527,0.089382,0.13289,0.026949,-0.12358,-0.22193,-0.29679,-0.23021,0.032082,0.11101,-0.13582,-0.31764,-0.09326,0.16592,-0.026926,-0.28561,-0.20172,0.0033456,0.059845,0.1335,0.14027,0.10748,0.03362,0.046686,0.046255,-0.012215,-0.025075,-0.023987,-0.02048,0.051316,0.11664,0.088719,0.092163,0.10829,-0.008165,-0.12906,-0.04113,0.17307,0.19849,0.075492,-0.005399,-0.033274,0.028488,0.085428,0.016496,-0.040946,-0.031183,-0.0099813,0.035105,0.041076,-0.06031,-0.13027,-0.079189,0.0066878,0.08644,0.14238,0.16546,0.14826,0.15739,0.19201,0.19149,0.10607,0.0043364,-0.013777,0.026756,0.074172,0.12771,0.10683,0.00903,-0.055706,-0.06372,-0.038574,-0.09907,-0.16202,-0.16638,-0.18467,-0.14712,-0.047945,0.021494,0.024455,0.13115,0.13763,0.17697,0.17702,0.17531,0.33332,0.27521,0.09797,0.017733,-0.078251,-0.07465,-0.075294,-0.025032,0.034422,0.066412,0.10672,0.11286,0.036119,-0.047013,-0.057203,-0.0010001,0.048424,0.010389,-0.017007,-0.024552,-0.055202,-0.072933,-0.065988,-0.049731,-0.040041,-0.033779,-0.048333,-0.00030717,0.027183,0.063292,0.1036,0.027881,-0.096227,-0.061445,-0.060487,-0.048142,-0.073143,-0.056352,-0.043478,-0.11547,-0.13442,-0.12221,-0.11222,-0.05466,0.06464,0.063055,0.0092007,0.076194,0.16066,0.13707,0.060194,-0.11672,-0.2807,-0.28483,-0.19618,-0.092645,-0.037738,0.072668,0.15383,0.13837,-0.016184,-0.11322,-0.021936,0.13399,0.18722,0.069514,-0.11508,-0.17872,-0.078586,-0.032536,-0.039536,-0.063631,-0.062432,-0.046036,-0.03574,-0.029034,-0.012661,0.015431,0.01026,-0.033319,-0.10239,-0.08788,0.010153,0.098034,0.20453,0.25703,0.20905,0.081651,-0.057993,-0.14892,-0.1243,-0.030332,-0.0066381,-0.021035,-0.0207
-0.029589,-0.016606,-0.033683,-0.081663,-0.083369,-0.042345,-0.053537,0.069223,0.26103,0.25698,0.12496,0.058032,0.028743,-0.027287,-0.077771,-0.12886,-0.19113,-0.13727,-0.046092,-0.064492,-0.09034,-0.09999,-0.099473,-0.13447,-0.1993,-0.21585,-0.072677,0.11643,0.13706,0.065287,-0.03691,-0.10199,-0.1387,-0.1431,-0.10157,-0.036757,-0.0016918,-0.017265,-0.057246,-0.041124,-0.040994,-0.021492,-0.018989,-0.078081,-0.099746,0.017133,0.077703,0.10346,0.15899,0.12431,0.1166,0.096487,0.022738,-0.016162,-0.060359,-0.14805,-0.13733,0.038616,0.070378,-0.032324,-0.088395,-0.11023,-0.05436,0.035116,0.066519,0.048619,0.07929,0.11614,0.14202,0.16033,0.13335,0.14793,0.23876,0.23741,0.048973,0.097442,0.12696,0.11407,0.042311,-0.086216,-0.19663,-0.21314,-0.11541,-0.0091936,-0.049591,-0.19552,-0.28057,-0.23853,-0.13139,-0.089262,-0.1069,-0.060171,0.0052052,0.025307,0.023893,0.0099537,0.042077,0.08272,0.037191,0.010256,-0.090256,-0.074626,-0.02991,0.021368,0.086101,0.21766,0.20884,0.11454,-0.046674,-0.19173,-0.14739,-0.10581,-0.10079,-0.016215,0.084635,0.10421,0.057487,0.01858,0.0065825,-0.048861,-0.086037,-0.088798,-0.10525,-0.03931,0.016688,0.0082176,0.00053989,-0.034493,-0.053643,-0.045254,-0.028091,-0.11261,-0.20499,-0.18139,-0.13528,-0.06736,-0.044731,-0.030597,0.031811,0.015662,-0.0050666,-0.0006192,0.017403,0.048041,0.094691,-0.082097,-0.29853,-0.26741,-0.062339,0.14321,0.11929,-0.034032,-0.1416,-0.20805,-0.1089,0.10893,0.051389,-0.12232,-0.14336,-0.077219,-0.026741,0.04736,-0.032368,-0.046142,0.026619,0.035924,-0.015491,-0.068765,-0.0074774,0.04842,-0.01882,0.0092237,0.14681,0.16283,0.01068,0.05526,0.1222,0.14937,0.16071,0.22389,0.30193,0.3412,0.29819,0.11505,0.020282,0.1195,0.20309,0.126,0.023259,0.032488,0.072645,0.083894,0.044752,-0.044571,-0.12583,-0.14836,-0.10147,0.15782,0.273,0.24485
0.016983,0.060327,0.084491,0.023324,-0.065981,-0.11722,-0.058644,-0.044488,-0.031106,-0.048828,-0.062609,-0.058909,-0.046829,-0.05522,-0.073893,-0.10576,-0.10204,-0.044825,-0.037718,-0.066928,-0.084221,-0.059174,-0.0039601,0.019323,-0.02285,-0.071433,-0.11177,-0.13796,-0.16602,-0.13166,0.0072706,0.14608,0.19036,0.17834,0.1826,0.20582,0.1982,0.15339,0.090652,0.038657,0.018022,0.029419,0.048614,-0.016351,-0.038545,-0.0071309,0.025608,0.0092057,-0.042347,-0.021252,0.045825,0.029714,0.047641,0.095617,0.11558,0.13145,0.091242,0.025394,0.018079,-0.0071896,-0.073669,-0.036005,-0.029309,-0.018239,-0.029568,-0.10937,-0.13672,-0.12312,-0.098221,-0.13693,-0.16851,-0.12112,-0.077157,-0.030189,-0.027865,0.024245,0.11791,0.11153,0.062341,0.053322,0.049207,0.042796,0.075155,0.1308,0.13758,0.084331,0.029366,0.059864,0.11089,0.11117,0.099961,0.08525,0.084525,0.089324,0.086775,0.082407,-0.019776,-0.13175,-0.16933,-0.18953,-0.071532,-0.049857,-0.11559,-0.11152,-0.0045269,-0.12255,-0.12817,-0.13434,-0.026677,0.047133,0.028892,0.052295,0.05546,0.049967,0.035268,-0.0064302,-0.05999,-0.085303,-0.10565,-0.12067,-0.10802,-0.066762,-0.057051,0.057278,0.14413,0.12732,0.11873,0.071116,0.022243,0.026132,0.018893,0.011255,0.032829,0.059977,-0.01002,-0.079717,-0.029844,0.020972,0.084799,0.079417,0.03904,0.046281,-0.043322,-0.058775,-0.095002,-0.068455,0.086329,0.18948,0.20598,0.078076,-0.18208,-0.23249,-0.073489,0.060251,0.062554,0.0098641,0.056807,0.10653,-0.052848,-0.18995,-0.01584,-0.10296,-0.051599,0.081146,0.10641,-0.016448,-0.087625,-0.033483,0.01625,-0.00238,-0.11995,-0.26326,-0.24748,-0.11352,-0.068091,-0.099899,-0.093938,-0.037006,-0.012946,0.0032012,0.015457,0.022361,0.012184,-0.020414,-0.049907,-0.018655,0.017726,0.011728,-0.0049135,-0.040792,-0.042866,-0.041376,-0.024494,0.0069309,0.0071231,-0.012358,0.063605,0.070024,0.017241,0.0058284
0.11838,0.082971,-0.015583,-0.050565,-0.0078384,-0.021987,-0.022758,0.040372,0.16066,0.19782,0.036773,-0.090412,-0.094122,-0.080438,-0.075233,0.020013,0.083568,0.035042,0.0091699,0.0066882,0.013641,-0.0024369,-0.034313,-0.069488,-0.098472,-0.14058,-0.19662,-0.17944,-0.11876,-0.094082,-0.10696,-0.12056,-0.20155,-0.32033,-0.36422,-0.32202,-0.21845,-0.090935,-0.03995,-0.010341,0.011487,0.025247,0.016015,0.014258,0.011436,-0.021318,-0.04326,0.09655,0.20639,0.18042,0.15507,0.13999,0.15619,0.15192,0.12966,-0.0023852,-0.13429,0.022222,0.013326,-0.077984,-0.084473,-0.079699,0.069039,0.14361,0.075485,-0.003646,-0.049631,-0.020871,0.03475,0.038683,0.063678,0.11789,0.0087702,-0.24995,-0.16145,-0.12728,-0.059781,0.028555,0.077611,0.11469,0.11371,0.029803,-0.019951,-0.014893,-0.049238,-0.049104,-0.033792,-0.045978,-0.050442,-0.039861,-0.015581,-0.044541,-0.078222,-0.071857,-0.070789,-0.071006,-0.044795,0.0079169,0.069861,0.10211,0.26842,0.26278,0.27944,0.15251,-0.03259,-0.044502,-0.023297,-0.081223,-0.057359,0.040119,0.059551,0.098222,0.12324,0.13749,0.13198,0.098646,0.067517,0.019386,-0.01507,-0.017365,-0.021394,-0.060224,-0.11943,-0.061607,0.0061055,-0.0067119,-0.017599,-0.01879,-0.02001,-0.016378,-0.007818,-0.097689,-0.21073,-0.22358,-0.19747,-0.11549,-0.018643,-0.041744,-0.093032,-0.06834,-0.046103,-0.063357,-0.066895,-0.076346,-0.10644,-0.063264,-0.067244,-0.065335,-0.050435,-0.052884,-0.067997,0.057301,0.228,0.29412,0.23874,0.11988,-0.0037342,-0.17889,-0.17511,-0.087853,-0.035069,0.071595,-0.077243,-0.19614,-0.23636,-0.23282,-0.15913,-0.050278,0.15885,0.27619,0.32082,0.28393,0.082094,-0.14197,-0.011848,-0.02283,-0.061472,-0.053987,-0.036936,-0.026329,-0.01511,-0.0024536,0.0016328,-0.010109,-0.011563,0.07822,0.18309,0.18121,0.16813,0.13366,0.092469,0.05367,0.032444,0.022016,0.0074356,-0.001763,-0.026098,-0.027085,0.0076283,0.02631
0.10535,0.075248,0.039922,0.033791,0.051233,0.07945,0.022734,0.1775,0.21352,0.12308,0.015115,-0.023043,-0.027391,-0.052542,-0.083385,-0.1152,-0.071949,-0.0031548,-0.0089833,-0.012272,-0.02625,-0.021347,-0.0091,-0.014007,-0.034621,-0.075587,-0.12431,-0.11822,-0.063097,-0.0061967,0.051179,0.118,0.1246,-0.0076251,-0.19589,-0.28022,-0.26556,-0.15563,-0.016899,0.038294,0.00022176,0.0012618,-0.066698,-0.088312,-0.10383,-0.14351,-0.17358,-0.19809,-0.0040174,0.11117,0.092998,0.063236,0.00071943,-0.017673,-0.0086037,-0.0044333,-0.033188,-0.014515,-0.011934,-0.029669,-0.067032,-0.10617,0.0095576,0.082729,0.068465,0.10597,0.083709,0.07044,0.060953,0.037995,0.022288,0.0183,0.12174,0.209,0.13682,0.16749,0.12454,-0.037926,-0.13118,-0.074425,0.11466,0.30354,0.3774,0.32115,0.13265,-0.079615,-0.12996,-0.10376,-0.061389,-0.027233,-0.050179,-0.075041,-0.05279,-0.097026,-0.16235,-0.15766,-0.092633,-0.048745,0.0027161,0.066726,0.12976,0.12488,0.15752,0.10711,0.045947,0.12381,0.16392,-0.12063,-0.14877,-0.052079,-0.0023147,0.025543,0.017619,0.046321,0.089667,0.060405,0.045563,0.09793,0.080863,0.033323,-0.014728,0.037659,0.055513,-0.034374,-0.096887,-0.059697,-0.020686,-0.029204,-0.036692,-0.03414,-0.073199,-0.1091,-0.086558,-0.11913,-0.16032,-0.11664,-0.046952,0.031863,-0.045529,-0.17386,-0.14947,-0.1679,-0.077823,-0.10923,-0.10503,-0.063911,-0.07833,-0.13259,-0.0083395,0.19613,0.22095,0.027798,-0.11589,-0.057899,0.071957,0.12965,0.1158,0.029429,-0.0025748,-0.048672,-0.13497,-0.035094,-0.15148,-0.24982,-0.21889,-0.021351,0.11988,0.043345,0.071637,0.12605,0.14862,0.24644,0.29154,0.17276,0.040031,0.077779,0.13359,0.03691,-0.059903,-0.054521,-0.062138,-0.069104,-0.089845,-0.10241,0.042282,0.28356,0.32116,0.26909,0.17761,0.098633,0.047624,-0.0035994,-0.067967,-0.12455,-0.10627,0.010678,0.093713,0.07969,0.025997,0.00074281
-0.34153,-0.38637,-0.32073,-0.19266,-0.21825,-0.19587,-0.14589,-0.15224,-0.15824,-0.12724,-0.0079975,-0.0043685,-0.057374,-0.071659,-0.065759,-0.078087,-0.093704,-0.043511,0.0081827,0.0040517,-0.011142,-0.08238,-0.19999,-0.26846,-0.29497,-0.25107,-0.11672,-0.016702,0.014593,0.01452,-0.027037,-0.086774,-0.128,-0.16476,-0.18552,-0.19254,-0.12803,-0.077621,-0.024701,0.020635,0.053595,0.061825,0.018099,-0.067388,-0.069639,-0.030562,-0.034415,-0.058937,0.025683,0.099844,0.12594,0.11631,0.1076,0.054503,0.0079091,0.037377,0.084779,0.22096,0.22839,0.078641,0.011899,-0.051148,-0.085164,-0.048572,0.16849,0.26253,0.19657,0.18066,0.24104,0.24595,0.23534,0.21712,0.22465,0.23988,-0.069274,0.021433,0.080881,0.0086865,-0.14516,-0.19146,-0.003146,0.15429,0.16912,0.15514,0.090123,0.0047689,-0.019546,-0.025002,-0.033294,-0.03816,-0.14653,-0.24055,-0.22805,-0.20957,-0.097288,0.0075851,0.0033315,0.0027466,-0.012394,-0.020423,0.0062561,-0.0032703,-0.13838,-0.19515,-0.076721,-0.1316,-0.077023,-0.0068553,0.1478,0.26943,0.25762,0.14448,0.070921,0.10931,0.094744,0.021847,-0.037767,-0.015897,0.010485,-0.021466,-0.048567,0.05231,0.071161,-0.035673,-0.086481,-0.064277,-0.011088,0.0053767,-0.009582,-0.0077355,-0.096271,-0.19496,-0.17844,-0.15984,-0.12359,-0.063117,-0.094909,-0.14602,-0.10356,-0.067223,-0.091931,-0.091072,-0.14912,-0.14433,-0.098512,-0.10428,-0.048705,-0.031163,0.17844,0.23693,0.087862,0.044333,0.080789,0.087468,0.057104,-0.0015178,-0.11847,-0.24277,-0.23663,-0.11272,-0.055528,-0.15734,-0.084686,0.021021,0.15311,0.16495,-0.046649,-0.072626,0.14865,0.10333,0.018733,0.28847,0.58933,0.43594,-0.025112,0.034338,0.11311,0.023933,-0.050793,-0.013399,-0.03784,-0.054294,-0.064077,-0.077143,0.031053,0.17001,0.15495,0.13578,0.12394,0.1168,0.10847,0.10819,0.12815,0.1099,-0.00096324,-0.14101,-0.22211,-0.23743,-0.21363,-0.19618
0.044122,0.095772,0.22081,0.30545,0.3385,0.16962,0.061797,0.029795,0.067622,0.018686,-0.0040741,0.12253,0.16069,0.092671,-0.010037,-0.03637,-0.044289,0.0088619,0.11175,0.11511,0.1527,0.16579,0.15258,0.09537,-0.035901,-0.17748,-0.24221,-0.22479,-0.14863,-0.064262,-0.054081,-0.15902,-0.34113,-0.42644,-0.33965,-0.24005,-0.21224,-0.2072,-0.14998,-0.043132,0.01439,-0.041748,-0.061649,-0.1455,-0.1059,-0.046098,-0.047227,-0.053647,0.089362,0.12665,0.11146,0.083303,-0.032532,0.020193,0.11718,0.12752,0.092886,0.15619,0.11313,-0.016274,-0.062104,-0.091939,-0.24609,-0.24023,-0.084371,0.043387,0.055788,0.030516,0.072233,0.10119,0.10987,0.090755,0.074243,0.18596,0.25048,0.22752,0.20416,0.17276,0.059897,-0.063463,-0.075835,-0.01829,0.035098,0.025832,-0.046673,-0.093176,-0.085829,-0.07274,-0.06721,-0.060148,-0.086986,-0.10526,-0.12089,-0.13795,-0.14305,-0.12348,-0.043268,-0.1096,-0.18702,-0.1662,-0.045277,-0.10137,-0.12403,0.029629,0.19734,0.087116,-0.12893,-0.11455,-0.22517,-0.24114,-0.23108,-0.21226,-0.16403,-0.12615,-0.028443,0.015753,-0.045133,-0.066082,-0.034208,-0.054109,-0.027521,-0.05692,0.0044943,0.002642,-0.036333,-0.026806,-0.039537,-0.035931,-0.030848,-0.070866,-0.06163,-0.015397,-0.047769,-0.054621,0.026067,0.011201,-0.042543,0.021979,0.08665,-0.0077117,-0.15325,-0.10825,-0.1529,-0.014574,-0.052642,-0.10985,-0.083337,-0.10286,0.093681,0.35474,0.33036,-0.085603,-0.3115,-0.22812,-0.045795,0.10599,0.16227,0.10078,-0.027948,-0.06305,0.054147,0.011322,-0.19593,-0.24722,-0.17124,-0.064893,-0.072201,-0.13597,-0.039684,0.027482,-0.051702,-0.071055,0.043114,0.15059,0.09877,0.052637,0.08034,0.12024,0.15407,0.19975,0.2194,0.20993,0.19657,0.19778,0.23092,0.25176,0.22857,0.20191,0.17972,0.1582,0.12317,0.061848,-0.04324,-0.17462,-0.16846,0.056782,0.18199,0.13195,0.11107,0.12631
-0.076863,-0.081916,-0.10114,-0.19725,-0.16295,0.033086,0.048714,0.0443,0.039478,0.10313,0.097006,0.023931,-0.039678,-0.077114,-0.082669,-0.048566,-0.0536,-0.10761,-0.12695,-0.10746,-0.072082,-0.068526,-0.096576,-0.11759,-0.043092,0.15791,0.30112,0.29662,0.25098,0.22474,0.18957,0.14559,0.12525,0.085819,-0.14135,-0.47178,-0.60071,-0.49011,-0.25087,-0.018514,-0.021999,0.025406,-0.035386,-0.030498,0.016192,0.021371,0.028446,0.0021429,-0.044637,-0.074081,0.025497,0.11363,0.10316,0.076399,0.0688,0.0061326,-0.11727,-0.062988,0.00046193,-0.0022197,0.042696,0.13522,0.21161,0.19504,0.11468,0.022951,-0.011765,-0.029501,-0.024683,0.00038727,-0.058366,-0.1002,-0.03512,0.043563,0.046862,0.0084065,0.02904,0.09406,0.12938,0.13461,0.14595,0.20104,0.26236,0.23006,0.12762,0.068613,0.023731,-0.01586,-0.031884,-0.028025,-0.014547,-0.052588,-0.081054,-0.065372,-0.069792,-0.090438,-0.066522,-0.0029372,0.030776,0.037368,0.14779,0.15462,0.07792,0.087722,0.018137,-0.31417,0.13859,-0.075002,-0.056692,0.055799,0.024203,0.014199,0.078519,0.14827,0.16035,0.10822,0.040024,0.0071907,0.016724,0.062733,0.10535,0.084936,0.015383,-0.019738,-0.0072694,-0.0020293,-0.025052,-0.054655,-0.072112,-0.065478,-0.041115,-0.0107,0.018291,0.039894,0.044448,0.0097159,0.042978,0.17695,0.069948,-0.20023,-0.20006,-0.28165,-0.21545,-0.15292,-0.030046,0.10543,0.13,0.069738,-0.037343,-0.084846,-0.053153,0.051228,0.10066,0.027082,-0.11123,-0.16473,-0.067306,-0.11087,-0.1358,-0.055145,0.0026796,-0.078417,0.038552,0.13899,0.12018,0.026325,-0.082515,-0.15008,-0.14851,-0.12007,-0.14087,-0.21162,-0.19771,-0.055767,-0.029541,0.00081261,-0.030373,-0.074549,-0.056492,-0.043477,-0.026316,-0.024003,-0.041639,-0.055747,-0.057426,0.025855,0.13772,0.15209,0.14565,0.11991,0.10277,0.089528,0.052427,-0.016199,-0.10857,-0.15483,-0.10972,-0.03934,-0.012198,-0.0084617
-0.30553,-0.2618,-0.18897,-0.13336,-0.076269,-0.048429,-0.041878,-0.038866,-0.043286,-0.04273,0.031021,0.12413,0.074772,-0.039398,-0.099558,-0.1419,-0.1921,-0.12009,-0.0041704,-0.0053292,-0.013296,-0.0033255,-0.03167,-0.10506,-0.15532,-0.17231,-0.14784,-0.076242,-0.076779,-0.1173,-0.11306,-0.17006,-0.35819,-0.49224,-0.52176,-0.46795,-0.35291,-0.1855,-0.070572,-0.082412,-0.018314,-0.056199,0.042537,0.07089,0.018084,0.079406,0.14173,0.19491,0.13413,0.0094061,0.061532,0.10496,0.027327,0.036451,0.11325,0.096558,0.01545,0.11211,0.17838,0.10005,0.067592,0.081939,0.080195,0.018777,0.0064264,0.038119,0.030402,0.065233,0.12222,0.12498,0.27345,0.34707,0.19646,0.025777,0.091625,0.15817,0.18431,0.14932,0.046449,-0.040683,-0.066397,-0.16299,-0.32365,-0.22152,0.20725,0.29371,0.057609,-0.048083,-0.12148,-0.21336,-0.24893,-0.2472,-0.21602,-0.092835,0.0086268,-0.023151,-0.046479,-0.058882,-0.070953,-0.071892,0.049267,0.089437,0.061802,-0.04728,-0.026019,-0.0025072,0.039179,0.020784,0.079102,0.18372,0.18464,0.1433,0.043993,0.038323,0.137,0.14917,0.078625,0.023512,0.018035,-0.012799,-0.032425,-0.0016168,-0.033368,-0.14612,-0.2113,-0.21536,-0.20473,-0.087138,0.0063962,0.0084895,0.015724,-0.090785,-0.251,-0.29189,-0.26585,-0.16668,-0.039987,-0.068883,-0.16076,-0.11994,-0.12939,-0.050714,-0.081677,-0.092661,-0.010317,-0.045973,-0.060173,0.14023,0.42998,0.56051,0.42505,0.067079,-0.16766,-0.14583,-0.033196,0.029459,0.0047382,-0.12488,-0.18084,-0.090439,0.040909,0.089786,-0.074484,-0.21617,-0.17358,-0.13826,-0.19372,-0.065138,0.12951,0.17963,0.43738,0.73093,0.59233,-0.060339,-0.061938,-0.011384,0.060582,0.10851,0.090483,0.079331,0.10292,0.12224,0.23223,0.22937,-0.015229,-0.14501,-0.083124,-0.0076047,-0.023581,0.023254,0.12969,0.16567,0.083044,-0.059243,-0.19169,-0.27525,-0.30014,-0.28248,-0.2354,-0.20692
-0.28767,-0.3294,-0.39188,-0.40434,-0.3786,-0.30685,-0.30351,-0.3431,-0.30378,-0.29148,-0.27176,-0.20674,-0.10359,0.0017767,0.034542,0.014736,-0.0012448,-0.012523,0.0078361,0.060196,0.083594,-0.019577,-0.1929,-0.29052,-0.319,-0.29593,-0.27574,-0.30024,-0.29407,-0.22148,-0.077372,0.16717,0.42119,0.53827,0.54543,0.47931,0.33178,0.036198,-0.20837,-0.26504,-0.18717,-0.066222,-0.18039,-0.17384,-0.13478,-0.11923,-0.14087,-0.21088,-0.033404,0.13327,0.17742,0.081502,-0.056596,-0.0081729,0.084647,0.095791,-0.074599,-0.1527,-0.12763,-0.12628,-0.074866,-0.060233,-0.00062462,-0.040761,0.049871,0.2295,0.25219,0.20973,0.19112,0.3823,0.4965,0.39927,0.33225,0.26799,0.11142,0.15406,-0.11295,-0.25913,-0.097504,0.093452,0.14937,0.086373,-0.031343,-0.09494,-0.12135,-0.14379,-0.12426,-0.10523,-0.11154,-0.1148,-0.12689,-0.12489,-0.044125,0.031422,0.01797,-0.0043003,0.01792,0.046266,-0.012253,-0.073926,-0.40673,-0.41578,-0.38985,-0.20222,-0.087735,-0.050076,0.15108,0.26514,0.40918,0.22836,0.062021,0.067213,-0.012492,-0.12464,-0.18685,-0.13755,-0.019181,0.075437,0.14657,0.18069,0.15154,0.17413,0.13535,0.0087231,-0.041214,-0.13072,-0.22827,-0.22804,-0.22495,-0.20736,-0.18626,-0.19332,-0.24674,-0.27574,-0.23156,-0.13928,-0.04162,0.017398,0.042814,0.094625,-0.020968,-0.22756,-0.053909,0.018335,0.14743,0.33977,0.40128,0.28426,0.40538,0.42545,0.17164,-0.14238,-0.26979,-0.19962,-0.074356,0.10598,0.33599,0.29747,0.24228,0.17887,0.015616,0.09856,0.079907,0.0029372,-0.06423,0.081237,0.2018,0.059296,0.048875,0.3466,0.51339,0.25071,-0.14728,-0.063993,0.054562,0.12998,0.059363,0.0077292,-0.019677,-0.048643,-0.051609,-0.033247,0.0077523,0.026904,0.025691,0.015477,0.030538,0.059756,0.041401,0.030878,0.07063,0.074366,-0.024729,-0.13702,-0.17247,-0.13092,-0.079579,-0.070811,-0.068023,-0.058785
-0.046469,-0.073966,-0.11124,-0.21276,-0.35024,-0.36446,-0.29176,-0.24736,-0.19472,-0.15422,-0.10875,-0.046459,-4.8038e-05,-0.019569,-0.059268,-0.023476,0.0062727,-0.029426,-0.042225,-0.059589,-0.081662,-0.045737,0.022735,-0.021879,-0.15445,-0.20381,-0.12753,-0.040042,-0.037012,-0.060575,-0.031036,0.038252,0.05342,0.031762,0.04798,0.047181,-0.0048155,-0.070916,-0.068681,-0.042089,-0.064607,-0.029095,-0.084803,-0.061355,-0.06417,-0.048883,0.0046661,0.0063693,-0.012425,0.077753,0.14859,0.10098,0.073909,0.12126,0.16409,0.17248,0.13076,0.065359,-0.016288,-0.12811,-0.19505,-0.18538,-0.27709,-0.31625,-0.15903,-0.076526,-0.037147,0.0085353,0.1504,0.2425,0.23273,0.26841,0.11064,-0.21513,-0.094257,-0.032002,0.021523,0.077196,0.07327,-0.074721,-0.19333,-0.16336,-0.051694,0.016012,-0.012811,-0.02231,0.0032349,-0.0017314,-0.022314,-0.031431,-0.014474,-0.02386,0.0063065,0.049772,0.030729,0.022214,0.045534,0.047064,-0.031157,-0.091921,-0.29212,-0.29206,-0.25148,-0.088395,-0.022134,-0.15876,-0.15908,-0.051553,0.083387,0.13829,0.11247,0.044441,0.015859,0.050004,0.10596,0.15309,0.16613,0.1181,0.064009,-0.007925,-0.052224,0.032312,0.078615,0.032125,-0.012172,-0.029346,-0.010504,-0.0068104,-0.016477,-0.014123,-0.004285,0.012289,0.036913,0.013935,-0.063709,-0.075973,-0.017686,0.040274,-0.028989,-0.13364,-0.11783,-0.17064,-0.10415,-0.24769,-0.30168,-0.17433,-0.06917,-0.083036,-0.13496,-0.025127,0.043195,-0.029106,-0.045661,0.031575,0.099114,0.13636,0.1818,0.18403,0.18214,0.078312,-0.068179,-0.44334,-0.52837,-0.41227,-0.2802,-0.20352,-0.18867,-0.064709,0.12565,0.29091,0.26105,0.27749,0.25125,-0.068793,0.026131,0.062976,0.12724,0.18382,0.20945,0.13992,0.083495,0.087479,0.046918,0.0094856,0.056818,0.13806,0.13942,0.11939,0.12159,0.11614,0.085016,-0.0064338,-0.090906,-0.10757,-0.084101,-0.039391,-0.034344,-0.085553,-0.10963,-0.099821
-0.13736,-0.12168,-0.0030463,0.11959,0.16464,0.18595,0.099508,0.18166,0.19361,0.13686,0.073695,0.0643,0.046401,-0.0026474,-0.0384,-0.03923,-0.056486,-0.063052,-0.053672,-0.075228,-0.07597,-0.052157,-0.044606,-0.12562,-0.25794,-0.33198,-0.31222,-0.22718,-0.14769,-0.10531,-0.082862,-0.062891,-0.063942,-0.052125,0.038378,0.13998,0.16358,0.17,0.13845,0.063421,-0.025486,-0.12496,-0.18093,-0.21219,-0.23994,-0.11055,-0.016126,-0.04944,0.074331,0.17029,0.13444,0.042462,0.021339,0.10824,0.082105,0.023243,0.023652,0.034639,-0.002834,-0.10119,-0.14586,-0.12748,-0.22676,-0.19953,0.0092763,0.17498,0.16543,0.11456,0.16272,0.17965,0.17113,0.2148,0.20981,0.11312,0.054621,0.097201,0.01341,-0.057413,-0.066356,-0.071673,-0.049294,0.010672,0.060309,0.078747,0.074954,0.023474,-0.037229,-0.071208,-0.081155,-0.068281,-0.14087,-0.21535,-0.2031,-0.18458,-0.181,-0.13719,-0.068339,-0.024608,-0.0097979,-0.03356,0.047968,0.062255,0.1446,0.16602,0.14611,0.26549,0.070352,0.031338,-0.081198,-0.20094,-0.1119,-0.045341,-0.041192,0.0071143,0.043623,0.049029,-0.013676,-0.10371,-0.13039,-0.12187,-0.080234,-0.039352,-0.059736,-0.062213,-0.065935,-0.090426,-0.069836,-0.043714,-0.12549,-0.21628,-0.20663,-0.1912,-0.16916,-0.1439,-0.15064,-0.15024,-0.10419,-0.068612,-0.017789,0.056643,-0.001471,-0.058009,-0.00030405,-0.036093,0.096517,0.14577,0.12544,0.10368,0.11684,0.12072,-0.00083544,-0.18718,-0.26877,-0.2331,-0.13624,-0.031723,0.0038475,-0.0037754,0.021125,0.077386,0.12797,0.20042,-0.21334,-0.36781,-0.26565,-0.11401,-0.1626,-0.27076,-0.017116,0.25749,0.18921,0.10948,0.084934,0.044741,0.056331,0.11695,0.12888,0.14409,0.17497,0.19801,0.20739,0.19775,0.1348,0.069411,0.099246,0.15751,0.18364,0.20886,0.20894,0.17471,0.1157,0.087593,0.093305,0.029117,-0.072177,-0.072925,0.10079,0.19436,0.17081,0.14529
