-0.10271,-0.033157,0.044067,0.06426,0.090918,0.11781,0.13226,0.15665,0.17827,0.11002,0.073465,0.10028,0.12639,0.025628,-0.0043981,0.097711,0.11498,0.062933,0.023482,-0.0057392,-0.022128,-0.035872,-0.047317,-0.067929,-0.093659,-0.071918,0.0092742,0.094493,0.14712,0.16541,0.12181,-0.021027,-0.13826,-0.15536,-0.12911,-0.080316,-0.072384,-0.092913,-0.08424,-0.078114,-0.082147,-0.07666,-0.049071,-0.018339,-0.052745,-0.019036,0.068447,0.10895,0.067857,-0.06,-0.25482,-0.22572,-0.13623,-0.057353,-0.013332,0.073573,-0.010088,-0.24988,-0.13403,0.080694,0.079953,0.066493,0.065307,0.13055,0.13295,0.016934,-0.11341,-0.19231,-0.14488,-0.10966,-0.0034391,0.11907,0.16366,0.23702,0.13798,-0.16187,-0.082576,-0.17361,-0.24135,-0.16234,-0.01834,0.035055,0.01847,0.025614,0.045005,0.036081,0.026306,0.063443,0.085652,-7.2249e-06,-0.11141,-0.152,-0.14525,-0.13139,0.016443,0.18501,0.18481,0.15945,0.10025,0.057501,0.040842,0.073584,0.11037,-0.011276,-0.13911,0.019816,0.065782,-0.098431,-0.036992,0.022129,0.11773,0.13431,0.12801,0.052067,-0.083137,-0.20926,-0.28203,-0.16693,0.035085,0.045897,0.010755,-0.018491,-0.03405,-0.0070008,-0.0019717,-0.04034,-0.010753,0.022764,0.0084633,-0.00027383,0.0069507,0.027324,0.033224,0.03439,0.048488,0.069094,0.032717,0.0052739,0.045982,0.093816,0.05291,-0.012191,-0.0013803,-0.070133,-0.092369,-0.2262,-0.13623,0.19683,0.25729,-0.0081398,-0.19648,-0.10711,0.021493,0.12016,0.13002,0.14325,0.21706,0.24471,0.12275,-0.071573,-0.050408,0.011471,0.12474,0.05481,-0.089512,-0.219,-0.21528,-0.024351,0.10725,0.18179,0.13751,0.14178,0.33207,0.40188,0.16736,0.048562,0.13034,0.040319,-0.038962,-0.050967,-0.0929,-0.11462,-0.1184,-0.12037,-0.10344,-0.075777,-0.078012,-0.11349,-0.15087,-0.10135,-0.0017209,0.042162,0.03618,0.004377,-0.031745,-0.098145,-0.21067,-0.2511,-0.28197,-0.30997
-0.19559,-0.048379,0.18705,0.18138,0.010048,-0.13501,-0.15372,-0.10717,-0.0065498,0.084475,0.082201,0.036201,0.022889,0.00081672,0.020515,0.073788,0.094479,0.059632,0.016337,0.0047608,-0.0056041,-0.020926,-0.023444,0.010632,0.028907,-0.015548,-0.063019,-0.068778,-0.072041,-0.16624,-0.25089,-0.21134,-0.10312,-0.00053584,0.0072926,-0.04586,-0.077643,-0.094883,-0.09123,-0.08794,-0.081793,-0.095463,-0.13819,-0.13501,-0.19975,-0.011474,0.089245,0.10311,0.10777,0.054531,0.04996,0.023876,0.022373,0.060811,0.068693,0.080291,0.13957,0.2464,0.23407,0.1181,0.064163,0.039505,0.062783,0.089927,0.063686,-0.066146,-0.18937,-0.24583,-0.22874,-0.10295,0.13308,0.20078,0.23211,0.13392,-0.21281,-0.075112,0.016365,0.049619,0.040721,0.010515,-0.005961,0.0026939,-0.010075,-0.031532,-0.012501,0.044893,0.070027,0.022073,-0.025618,-0.0084595,0.0072131,-0.021457,-0.04651,-0.048376,-0.054782,-0.058959,-0.043736,-0.067081,-0.12143,-0.14208,0.038944,0.11717,0.19483,0.22127,0.065553,-0.094094,0.038488,0.044488,0.095867,0.0022903,-0.092534,-0.062877,-0.061618,-0.046727,4.5761e-05,-0.0035286,-0.0027268,0.069441,0.10377,0.09156,0.042459,-0.0011284,0.032206,0.06322,0.023579,0.026316,0.049128,0.039785,0.04126,0.033956,0.02388,0.025035,0.021708,0.020921,-0.051803,-0.12792,-0.11651,-0.093418,-0.052679,-0.0056799,-0.086004,-0.19269,-0.15782,-0.19037,-0.045759,-0.30307,-0.42459,-0.32432,-0.078031,0.092714,0.056754,-0.056438,-0.10363,0.010173,0.11871,0.082695,-0.091822,-0.25827,-0.25279,-0.13973,-0.048217,0.054568,0.19355,0.24626,0.22879,0.091103,-0.14206,-0.2418,-0.16709,-0.0043363,0.29386,0.53372,0.47264,0.11529,-0.135,0.017408,-0.0018624,-0.037033,-0.0032398,0.015707,0.026872,0.040958,0.008627,-0.027434,-0.03979,-0.077142,-0.094614,-0.022087,0.05658,0.030982,-3.5936e-05,0.025154,0.069886,0.07511,0.065599,0.059521,-0.0024403,-0.12949,-0.19958,-0.19638
0.03642,0.15365,0.33006,0.35169,0.22924,0.098831,-0.0046136,0.052092,0.089271,0.11512,0.15088,0.069837,-0.030007,-0.073431,-0.097134,-0.11892,-0.1486,-0.089993,-0.0025103,-0.0063775,-0.01034,-0.016631,-0.032356,-0.048374,-0.059017,-0.042797,0.01227,0.05825,0.059404,0.050405,0.10483,0.18849,0.23638,0.25414,0.20587,0.054071,-0.070303,-0.053272,0.017241,0.080112,0.095642,0.073332,0.043371,-0.017791,-0.052056,-0.07082,-0.092553,-0.0019348,0.044481,-0.027943,-0.14239,-0.048896,0.054036,0.063514,0.094408,0.21727,-0.012925,-0.27227,-0.046223,0.081852,0.026363,0.034312,-0.041031,-0.32357,-0.46586,-0.26956,-0.020217,0.057786,0.02777,-0.045056,-0.050504,-0.047795,-0.065925,0.019589,0.11414,-0.022669,-0.1549,-0.14125,-0.099926,-0.010122,0.063165,0.070453,0.03486,0.0016793,-0.0051736,-0.014514,-0.012438,0.0016453,0.012576,0.021298,0.0049581,-0.019059,-0.020295,-0.0034114,-0.060921,-0.14009,-0.12562,-0.077449,-0.013927,0.026637,0.071044,0.097757,0.10911,0.12238,-0.035116,-0.15932,-0.17713,-0.19244,-0.24874,-0.27254,-0.18778,-0.1524,-0.10751,-0.076891,-0.04538,-0.027331,-0.029028,0.028399,0.11414,0.088153,0.045486,0.01363,-0.013854,-0.04513,-0.085754,-0.12836,-0.1517,-0.16236,-0.16573,-0.11924,-0.034521,-0.0054564,-0.018203,-0.013985,0.017804,0.011835,-0.017872,0.0035802,-0.032952,-0.080323,-0.030417,0.03955,0.028563,0.02687,0.096074,0.24071,0.3477,0.35514,0.24237,-0.06619,-0.32469,-0.19476,0.026898,0.064707,-0.066103,0.011114,0.32167,0.39003,0.18851,-0.042038,0.077297,0.13613,-0.11518,-0.32075,-0.37571,-0.29559,-0.085214,-0.027545,-0.070298,-0.19932,-0.21857,-0.063892,0.098989,0.15875,0.17862,0.059745,0.089704,0.15145,0.1724,0.13272,0.09574,0.11074,0.13653,0.1564,0.15989,0.10669,0.049669,0.03054,0.0064599,-0.011483,-0.012591,-0.00028698,-0.0029406,-0.054582,-0.12098,-0.077837,0.047041,0.10584,0.15892,0.19271
0.054609,0.12342,0.19974,0.18212,0.145,0.097834,-0.0022728,0.030564,0.15067,0.15189,0.069954,0.063977,0.17783,0.26747,0.21085,0.10316,0.065809,0.03973,0.0096176,-0.0074973,-0.036973,-0.079808,-0.19176,-0.30669,-0.29316,-0.19546,-0.014458,0.19856,0.28159,0.24824,0.22006,0.23275,0.22945,0.17663,0.037589,-0.13967,-0.11206,0.091359,0.21775,0.21093,0.094915,-0.058947,-0.14832,-0.19056,-0.071188,-0.11454,-0.092039,-0.093605,-0.13657,-0.13324,-0.09889,-0.04773,-0.0015173,0.050928,0.073854,-0.0019813,-0.066862,-0.0024689,-0.00091342,-0.020809,0.04823,0.11885,0.096915,0.0041532,-0.071772,-0.13196,-0.14103,-0.11907,-0.071851,-0.036766,-0.075403,-0.086924,-0.050505,-0.065446,-0.089613,-0.069026,-0.035428,-0.027906,-0.044102,-0.049258,-0.030268,0.0028948,0.01713,-0.043364,-0.15042,-0.24405,-0.27932,-0.1917,0.038353,0.24259,0.24507,0.095748,0.0017251,0.022575,0.039255,0.032641,0.055822,0.096266,0.13425,0.14838,-0.060875,-0.041615,-0.026141,-0.0024272,0.028922,0.10974,0.12189,-0.25092,-0.19448,-0.061909,-0.0453,-0.084616,-0.16403,-0.25408,-0.23931,-0.10548,0.032938,0.09214,0.08942,0.051232,-0.020972,-0.081497,-0.018099,0.028475,0.028196,0.042508,0.044299,0.016446,-0.0096201,-0.0067892,0.00049384,-0.0024211,-0.00081742,0.02202,0.043825,0.04734,0.056644,0.065459,0.080829,0.072513,0.046816,0.1006,0.18327,0.23341,-0.034233,-0.21987,0.0022075,0.13452,0.10448,0.069306,0.022285,-0.00099831,0.045997,0.071672,0.061256,0.087219,0.060018,-0.015894,-0.013142,0.069125,0.090178,-0.0047513,-0.015225,-0.013888,-0.045392,-0.046786,8.0186e-05,0.080801,0.22327,0.29849,0.20587,-0.0039209,-0.17312,-0.2169,-0.14856,-0.063441,-0.037433,-0.025384,-0.03708,-0.07159,-0.069669,-0.062857,-0.052184,-0.018392,0.047584,0.12492,0.16657,0.085463,-0.12589,-0.29902,-0.34632,-0.27547,-0.11592,0.023265,0.057117,0.01745,-0.028637,-0.016185,0.028042,0.045049
-0.037174,-0.03802,-0.0091757,0.054542,0.038836,-0.036866,-0.058954,-0.019398,0.0060235,0.021473,0.0808,0.12539,0.068718,-0.0518,-0.11444,-0.081279,-0.039708,-0.0019976,0.023408,0.016358,0.021529,0.017962,-0.0032132,-0.0043272,0.01287,-0.025578,-0.093627,-0.022991,0.11364,0.18216,0.18333,0.12835,0.031798,-0.038011,-0.012385,0.10495,0.24882,0.28021,0.16319,-0.012245,-0.15155,-0.22398,-0.2097,-0.14686,-0.15024,-0.052245,0.0012585,-0.044915,-0.037594,-0.0010924,-0.029911,-0.028412,0.029642,0.058219,0.067975,0.070724,0.061891,-0.0022975,-0.030367,-0.02995,-0.029221,-0.012059,0.021275,0.058288,0.045094,0.035261,-0.051447,-0.13683,-0.096159,-0.054809,-0.08817,-0.089369,-0.033931,-0.019658,-0.094542,-0.17175,-0.12975,-0.057319,-0.019939,-0.013937,0.02761,0.060005,0.033763,0.018701,0.016981,-0.027431,-0.082844,-0.090266,-0.064223,-0.0027407,0.088485,0.13123,0.12421,0.10844,0.078301,0.053033,0.030371,0.010103,-0.029282,-0.069046,0.024285,0.017839,0.031751,0.086538,0.10748,0.017867,-0.0010691,0.053423,0.13289,0.039961,-0.11722,-0.11875,-0.10146,0.0024527,0.084512,0.018975,-0.086221,-0.0443,0.087796,0.088153,0.066464,0.034105,-0.0097611,0.0028166,0.0074345,-0.048415,-0.08803,-0.047007,-0.010594,-0.025564,-0.027026,-0.012804,-0.043931,-0.031855,0.029569,0.03086,0.0011293,0.0074229,0.032538,-0.00031204,0.024473,0.12169,0.17658,0.068327,-0.021534,-0.12302,-0.20782,-0.2141,-0.22245,-0.18321,-0.075588,0.0542,0.17726,0.23057,0.1601,0.062391,0.040974,0.061421,0.018005,0.0075159,0.069762,0.062116,-0.070988,-0.11601,-0.094268,-0.097168,-0.074252,0.020868,0.1488,0.26273,0.22507,0.099601,0.048944,0.022817,-0.035439,-0.010264,0.050059,0.040106,0.016589,-0.023112,-0.074665,-0.066333,-0.04791,-0.04231,-0.046872,-0.030005,0.0012298,-0.0025738,-0.035756,-0.03651,-0.018601,-0.021974,-0.025492,-0.02197,-0.014555,0.0097688,0.054371,0.04181,-0.032079,-0.078403
0.034202,0.090524,0.0664,-0.064842,-0.15097,-0.15387,-0.090735,-0.041777,0.1861,0.12782,0.07147,-0.046629,-0.10498,-0.087572,-0.072165,-0.05181,-0.019063,-0.033046,-0.029388,-0.00097459,-0.0028747,0.0030974,-0.015009,-0.095852,-0.16526,-0.16715,-0.18901,-0.22687,-0.24083,-0.21132,-0.14449,-0.055501,-0.0020556,-0.0036302,-0.059905,-0.13807,-0.20695,-0.25034,-0.24071,-0.16831,-0.025777,0.076602,0.10263,0.090166,0.022532,0.10271,-0.0072123,0.00081905,0.11974,0.064835,0.070385,0.046754,-0.055216,-0.14939,-0.12554,-0.016843,0.11735,0.21259,0.18569,0.06641,0.0073271,-0.011917,-0.11167,-0.09693,0.049026,0.018809,-0.089008,-0.041691,0.028599,0.079635,0.17665,0.10156,0.0092813,0.085273,-0.0038071,0.092333,0.09901,0.063281,0.063808,-0.016246,-0.10309,-0.12407,-0.10747,-0.066536,0.00052604,0.060802,0.048159,-0.066015,-0.17664,-0.18492,-0.1092,0.017933,0.11183,0.11866,0.073169,0.031638,0.032241,-0.019363,-0.10287,-0.12673,0.11786,0.13252,0.12562,-0.015793,-0.11436,0.058033,0.26787,0.083414,-0.12184,0.059024,0.14338,0.086298,0.0094853,0.0089714,0.0017677,-0.037432,-0.055258,-0.048592,-0.060154,-0.028174,-0.0078642,0.004838,-0.016262,0.039917,0.083227,0.046375,0.021393,0.013523,-0.068325,-0.15307,-0.14743,-0.15117,-0.15704,-0.15252,-0.1348,-0.11788,-0.11008,-0.08917,-0.048036,-0.00071268,-0.034466,-0.11133,-0.13286,-0.15821,-0.055147,-0.22176,-0.4719,-0.34383,0.16567,0.32875,0.12092,-0.082072,-0.040385,0.081783,0.019216,0.21486,0.27567,0.19952,0.05381,-0.035266,0.045861,0.034646,-0.31395,-0.43046,-0.33588,-0.30298,-0.34793,-0.28177,-0.12261,-0.010086,0.2044,0.64033,0.8561,0.57662,0.069865,0.10129,0.10351,0.13491,0.16747,0.14861,0.13602,0.16699,0.18418,0.1786,0.14458,-0.0069769,-0.10721,-0.04302,0.041642,0.054151,0.029602,0.002422,-0.053717,-0.083266,-0.058668,-0.017892,-0.02485,-0.068305,-0.10992,-0.12452
0.035852,0.027583,0.030784,0.060185,0.086054,0.045295,-0.070443,-0.099038,0.016641,0.077064,0.020505,-0.063184,-0.073387,-0.13254,-0.13023,-0.061523,0.028554,0.096111,0.076263,0.05476,0.048854,0.046355,0.0037484,-0.02991,0.027932,0.117,0.10593,-0.035278,-0.064291,0.058891,0.085969,0.0036132,-0.071818,-0.12236,-0.04295,0.12019,0.19232,0.18017,0.14106,0.075925,0.0076426,-0.02436,-0.0070221,0.012028,-0.024566,0.015224,0.070575,0.0081557,-0.047775,-0.022714,0.022149,0.013219,-0.043181,-0.03734,-0.028942,-0.019826,0.027612,0.060978,0.074927,0.048281,0.029666,0.024157,0.00079579,-0.0077632,-0.085806,0.0061877,0.12661,0.13072,0.01532,-0.12738,-0.16313,-0.15631,-0.13379,-0.16556,-0.12034,-0.11865,-0.047349,0.082057,0.19736,0.26793,0.27105,0.20783,0.14451,0.11083,0.0050985,-0.15577,-0.21806,-0.15186,-0.058331,-0.014462,-0.012624,-0.024036,-0.018458,-0.012451,-0.028591,-0.046948,-0.028727,0.0095702,0.055537,0.078875,0.060855,0.046438,0.044976,0.089946,0.12603,0.12033,0.080378,0.084268,-0.17402,-0.17942,-0.06494,0.0020844,0.034522,0.094602,0.054574,-0.064834,-0.01548,0.079611,0.015339,-0.027402,-0.0019195,-0.0050231,-0.072097,-0.11831,-0.011993,0.054042,0.017557,0.0043664,0.0014304,-0.0063324,-0.0049446,0.0095341,0.012935,0.014631,0.026283,0.029996,0.023355,0.043154,0.091039,0.10077,0.014359,-0.052473,-0.048473,-0.10128,-0.072944,-0.026069,-0.052782,-0.14426,-0.26215,-0.25312,-0.076669,0.13407,0.20677,0.1178,0.012414,-0.045899,-0.067276,-0.093795,-0.1273,-0.081231,0.0074554,0.017889,0.10064,0.18508,0.13696,0.059603,0.082606,0.17328,0.18822,0.17252,0.078502,-0.11825,-0.23866,-0.20628,-0.053779,-0.068766,-0.081987,-0.084695,-0.11298,-0.10662,-0.10166,-0.08856,-0.077016,-0.071167,-0.026205,0.067878,0.11381,0.11588,0.091855,0.048438,0.036101,0.036587,0.027115,0.004524,-0.0090959,0.002594,0.0046107,0.018282,0.061342,0.080955
-0.0049788,0.095348,0.27786,0.27891,0.077076,-0.10075,-0.091851,-0.048661,0.12679,0.24486,0.25383,0.13998,-0.014687,-0.037429,0.054595,0.063084,-0.0082713,-0.056739,-0.035155,-0.004833,-0.016928,-0.024666,-0.035083,-0.030929,0.030886,0.13049,0.18991,0.19825,0.18956,0.164,0.096324,0.053421,0.077702,0.061991,-0.073775,-0.2545,-0.27792,-0.14488,-0.055013,-0.079404,-0.13319,-0.11402,-0.047295,-0.032438,-0.035798,-0.10032,-0.032788,0.084568,0.10936,0.11197,0.056095,-0.042168,-0.0017584,0.12441,0.14081,0.079623,-0.025577,-0.13139,-0.12313,-0.1497,-0.026919,0.01329,0.0097351,-0.014411,-0.014658,0.068129,0.079958,0.015626,-0.0487,-0.064588,-0.072674,-0.11512,-0.13205,-0.074428,-0.10407,-0.18768,-0.12699,-0.065804,0.024491,0.10008,0.12481,0.13774,0.16715,0.19901,0.19774,0.13463,-0.048621,-0.18267,-0.18001,-0.13096,-0.0938,-0.077948,-0.081666,-0.11106,-0.14376,-0.15349,-0.085988,-0.0026449,0.029659,0.04036,0.040602,0.067558,0.090056,0.10136,-0.051312,-0.17281,-0.070354,0.047876,-0.15146,-0.21524,-0.14952,-0.11132,-0.040087,-0.040261,-0.1374,-0.15557,-0.019591,0.081212,0.016544,-0.014456,-0.019948,-0.022405,-0.036908,-0.05736,-0.032339,0.016622,0.022276,-0.00025341,-0.01096,-0.011298,0.03442,0.073405,0.068808,0.055991,0.055644,0.056764,0.065774,-0.014347,-0.10469,-0.056434,0.022895,0.037977,-0.021284,-0.045221,-0.099154,0.039108,0.097497,0.084226,0.12286,0.12221,-0.032787,-0.20338,-0.18399,-0.059095,-0.018127,-0.029209,-0.026416,-0.062554,-0.052458,0.07901,0.066181,0.0039419,0.12461,0.16952,0.11739,0.11412,0.064957,-0.09839,-0.21644,-0.22531,-0.16486,-0.12483,-0.14756,-0.063032,-0.039841,-0.01226,0.081979,0.13107,0.071959,3.8234e-05,0.045446,0.10212,0.10357,0.091326,0.080913,0.09659,0.08949,0.079183,0.075098,0.02656,-0.02852,-0.065761,-0.06025,-0.011011,0.025146,0.026162,0.0029461,0.012441,0.047205,0.059992
0.19288,0.1883,0.14778,0.11962,0.15803,0.12339,-0.056963,-0.12403,-0.09089,-0.013386,0.049727,0.04175,0.041036,0.040634,-0.015672,-0.091732,-0.09064,-0.066584,-0.0375,-0.015905,-0.022449,0.028049,0.099415,0.12528,0.071913,-0.032528,-0.10188,-0.127,-0.15035,-0.14156,-0.087116,-0.054189,-0.055433,-0.049116,-0.040883,-0.050952,-0.081542,-0.11179,-0.12829,-0.15574,-0.17799,-0.1811,-0.14244,-0.065977,-0.058708,0.002018,0.0068159,-0.0093184,0.048355,0.065379,0.063723,0.064624,0.046704,0.091818,0.15573,0.069606,-0.10114,-0.12481,-0.027348,0.0068878,-0.051691,-0.056312,-0.21993,-0.29532,-0.1337,-0.030237,-0.044832,-0.093544,-0.10783,-0.045597,0.01178,0.065428,0.13141,0.10541,-0.00057395,0.074145,0.027258,-0.04445,-0.043428,-0.03237,0.015767,0.088974,0.082746,-0.0074762,-0.043631,-0.015752,0.017971,0.051976,0.064008,0.038989,0.014471,0.0046092,0.024626,0.017202,-0.020818,-0.038092,-0.0096674,0.00051999,0.024768,0.061637,0.11024,0.091862,0.06593,0.088092,0.17964,0.20126,0.099309,0.10472,-0.066618,-0.06594,0.003648,-0.023143,-0.085609,-0.097685,-0.035339,0.058271,0.10463,0.066693,-0.044345,-0.10852,-0.084862,0.0023191,0.046712,0.016429,-0.0092295,0.012114,0.021473,0.012945,0.017366,0.025015,-0.020357,-0.072726,-0.075411,-0.072691,-0.10142,-0.12849,-0.11754,-0.094204,-0.052482,-0.0013976,0.0096104,0.011779,0.0299,-0.043405,-0.075174,-0.23701,-0.31519,-0.22653,0.024362,0.17178,0.081107,-0.018681,0.0015149,0.059197,0.091091,0.20439,0.26839,0.20674,0.034753,-0.11399,0.00028119,-0.28013,-0.39872,-0.30564,-0.2032,-0.05697,0.037792,-0.07276,-0.21677,-0.19571,-0.059199,0.12278,0.25336,0.20274,0.070723,0.11458,0.099136,0.12037,0.15827,0.16849,0.031889,-0.08415,-0.068881,-0.03822,-0.030034,0.0016565,0.035364,0.054956,0.092326,0.11633,0.13765,0.14042,0.10887,0.0096377,-0.046786,0.059163,0.12455,0.054442,0.039371,0.067546
-0.25299,-0.26467,-0.19518,-0.10203,-0.126,-0.10513,-0.055768,-0.031685,0.028914,0.034459,0.0087706,-0.0098672,0.0094457,0.031332,0.033722,0.016012,0.0043889,-0.010276,0.00071587,0.011862,-0.0027867,0.0039032,0.013438,-0.0071823,-0.10366,-0.21661,-0.26207,-0.23326,-0.16261,-0.094111,-0.048604,-0.021353,-0.050316,-0.12486,-0.1888,-0.22265,-0.18109,-0.12778,-0.1335,-0.14756,-0.119,-0.076075,-0.046346,-0.017228,-0.041865,0.024107,0.0024694,-0.0072041,0.051252,0.05533,0.065925,0.051155,0.028305,0.088768,0.15805,0.13776,0.025942,-0.081462,-0.020314,0.050153,0.012269,0.0016261,-0.14574,-0.28515,-0.19308,-0.063263,-0.05791,-0.060305,-0.019316,0.028736,0.16713,0.24762,0.2194,0.19067,0.067776,0.081044,0.094885,0.056466,-0.041838,-0.12937,-0.12994,-0.068419,-0.033812,0.006787,0.086629,0.12983,0.09423,0.044746,0.020396,-0.0036462,-0.042798,-0.074037,-0.060891,-0.027547,0.025744,0.061803,0.061451,0.048786,0.018838,0.0039251,0.025588,0.02328,-0.12483,-0.2711,-0.18296,-0.11665,0.0073241,-0.03502,-0.033465,0.14338,0.11872,0.062913,0.063314,0.050293,0.054245,0.067417,0.027903,-0.065823,-0.11079,-0.075587,-0.052004,-0.02409,-0.01819,0.0093825,0.045044,0.020495,-0.011335,-0.003169,0.016382,-0.019599,-0.067762,-0.021206,0.024798,0.027778,0.036302,0.048844,-0.045541,-0.14023,-0.098051,-0.048985,-0.028234,-0.017749,0.0051436,-0.020273,0.021862,-0.15707,-0.29892,-0.22482,0.034026,0.22276,0.19259,0.016476,-0.12457,-0.11006,0.023602,0.12072,0.17504,0.18016,0.063383,-0.037599,0.065819,0.10562,-0.18214,-0.32172,-0.2775,-0.14525,-0.078209,-0.076742,0.04736,0.18239,0.29683,0.4216,0.59858,0.48594,0.037552,0.0073968,0.031254,0.071492,0.06908,0.05707,0.064956,0.059868,0.010302,-0.052414,-0.091549,-0.12052,-0.11366,-0.049559,0.0078127,0.022421,0.059924,0.099301,0.081344,0.0055453,-0.057141,-0.10703,-0.16856,-0.18809,-0.17083,-0.156
-0.017201,0.058973,0.1922,-0.26955,-0.39535,0.14385,0.1345,0.10823,0.16409,0.18719,0.14236,0.011754,-0.025793,0.026631,0.061323,0.039024,0.05531,0.084683,0.06154,0.030945,0.0089654,0.026854,0.040007,0.072028,0.14227,0.15003,0.10402,0.023536,-0.035813,-0.0063068,0.079775,0.14373,0.17519,0.20279,0.24675,0.28161,0.27061,0.23326,0.20447,0.1085,-0.065338,-0.17402,-0.15158,-0.070571,-0.067834,-0.066577,-0.02364,-0.072812,-0.15466,-0.18958,-0.22032,-0.13994,-0.022287,0.048911,0.027511,-0.053289,-0.0090815,0.078724,0.054439,0.054768,0.096373,0.093974,0.081371,0.013986,-0.10181,-0.084373,-0.070843,-0.11862,-0.11948,-0.12077,-0.16613,-0.1354,-0.057562,-0.023561,0.047779,0.12607,0.11735,0.11985,0.12281,0.031228,-0.10349,-0.15111,-0.1139,-0.0466,0.018557,0.06128,0.095116,0.11039,0.059268,0.047408,0.075115,0.059478,0.037255,0.026049,0.021922,-0.021471,-0.088759,-0.063609,0.018741,0.050244,0.090758,0.11145,0.13951,0.032652,-0.086909,0.066479,0.13778,-0.29102,-0.20756,-0.07711,-0.016164,-0.0040801,-0.042975,-0.09792,-0.13803,-0.12622,-0.013819,0.070298,-0.024525,-0.11087,-0.085343,-0.029498,-0.044776,-0.064886,0.029375,0.080982,0.040744,0.02844,0.029416,0.028779,0.017629,0.0051015,-0.002352,-0.00088805,0.0087479,0.016062,0.020696,0.046967,0.092662,0.11078,0.050872,0.0089091,0.015016,-0.096928,-0.17425,-0.10542,0.056291,0.1333,-0.024783,-0.17159,-0.17637,-0.10339,-0.019432,0.041352,0.042773,0.038485,-0.03159,-0.081368,-0.044448,0.022351,0.03697,0.064757,0.13677,0.13245,0.066296,0.07897,0.11555,0.072611,0.036644,0.019957,-0.084074,-0.20884,-0.21774,-0.14744,-0.034017,0.030028,-0.074931,-0.15212,-0.12452,-0.095038,-0.052959,-0.052355,-0.08123,-0.10262,-0.103,-0.098764,-0.12322,-0.14761,-0.14173,-0.042325,0.042878,0.049755,0.091576,0.11406,0.071053,0.026168,0.12889,0.24779,0.28702,0.29091
-0.043836,0.01005,0.025352,-0.032503,-0.035958,0.0093177,0.056068,0.10214,0.27751,0.26318,0.18528,0.097478,0.052889,-0.0088758,-0.098795,-0.14992,-0.09197,-0.030749,-0.023894,-0.019623,-0.031019,-0.015622,0.011461,0.038747,0.0683,0.0072354,-0.093051,-0.095601,-0.042989,-0.042481,-0.055929,-0.038968,-0.0052529,0.010112,-0.031942,-0.14462,-0.26371,-0.32658,-0.28645,-0.15695,-0.01867,0.0062751,0.011779,-0.017951,0.08819,-0.022292,-0.14202,-0.0015595,0.051641,0.045188,-0.013097,-0.10366,-0.05842,0.041616,0.069118,0.0062804,-0.025008,0.03503,-0.010268,-0.085109,-0.021491,0.021277,-0.22355,-0.24875,-0.013285,0.066976,0.030919,-0.032083,-0.089281,-0.032286,0.09354,0.13801,0.15616,0.084213,-0.12812,-0.050302,-0.040397,-0.055341,-0.035174,-0.022113,-0.0087915,0.016196,-0.0080126,-0.046373,-0.003713,0.082649,0.13555,0.10803,0.035513,-0.011724,-0.029268,-0.024462,-0.043909,-0.059748,-0.056518,-0.066051,-0.052494,-0.022989,0.0055309,0.017682,0.079975,0.095489,0.10295,0.04874,0.059241,0.18653,0.23535,-0.12237,-0.15423,-0.012308,0.02098,-0.049826,-0.095266,-0.046092,0.077679,0.15424,0.094101,-0.022918,-0.060632,-0.033461,-0.034355,-0.012515,0.0012594,-0.015942,0.041337,0.069259,0.026783,0.017621,0.023891,0.030322,0.033952,0.031717,0.025856,0.028279,-0.044334,-0.12867,-0.12943,-0.11276,-0.065874,-0.013255,-0.07022,-0.13426,-0.14728,-0.1213,-0.30075,-0.48617,-0.39076,-0.14176,0.032836,0.066809,-0.079435,-0.24689,-0.23643,-0.092575,0.053542,0.096741,0.041735,-0.025135,0.0049299,0.13821,0.20486,-0.15505,-0.36944,-0.27765,-0.13079,-0.064278,-0.12543,-0.23545,-0.28821,-0.16725,0.086438,0.27552,0.3556,0.22256,-0.027482,0.054691,0.053811,0.062936,0.097304,0.10744,0.11071,0.12056,0.099726,0.078798,0.055156,0.0016171,0.016952,0.076996,0.12466,0.17623,0.19603,0.18474,0.13698,0.06838,0.0081278,-0.044921,-0.064219,-0.021562,0.029405,0.04491
0.096602,0.14662,0.29296,0.43724,0.32076,-0.028109,-0.28951,-0.16856,-0.10822,-0.083797,-0.031064,0.061313,0.14029,0.16414,0.14273,0.09523,0.042508,-0.031362,-0.08738,-0.064813,-0.035383,-0.056712,-0.061488,-0.036143,-0.029074,-0.10868,-0.16662,-0.12432,-0.069314,-0.04719,-0.051292,-0.04465,-0.0087361,0.043972,0.089515,0.084532,0.016357,-0.057745,-0.086624,-0.10005,-0.063577,-0.019154,0.0093475,0.027633,-0.014129,0.0027613,-0.07217,-0.11991,-0.0086367,0.048403,0.023639,-0.022928,-0.026004,0.0089747,0.11895,0.17183,0.10717,-0.10534,-0.15055,-0.013704,0.0038205,-0.047472,-0.15062,-0.32373,-0.28466,-0.03727,0.068091,0.068806,0.028265,0.01476,0.12963,0.19263,0.073351,-0.12295,-0.0663,-0.051399,-0.060213,-0.09995,-0.14898,-0.16448,-0.13588,-0.094075,-0.072834,-0.031973,0.044593,0.10941,0.12472,0.099289,0.063034,0.035382,0.034911,0.023806,0.0021517,-0.008171,-0.03587,-0.059869,-0.10957,-0.11586,0.0034614,0.090388,0.22253,0.21731,0.17579,0.13791,0.19065,0.11155,-0.25612,-0.17346,-0.14559,-0.054746,0.030503,-0.039261,-0.14847,-0.19743,-0.2025,-0.18012,-0.099356,0.011729,0.025772,-0.00091913,-0.023204,-0.054324,-0.0665,-0.06507,-0.08459,-0.039471,0.015605,0.017425,0.025736,0.031289,-0.055585,-0.15589,-0.16222,-0.16385,-0.15195,-0.13301,-0.14134,-0.13816,-0.096347,-0.049397,-0.038722,-0.044726,-0.041117,-0.088183,-0.053143,-0.1611,-0.29146,-0.25211,0.0078364,0.18858,0.15429,0.039753,-0.038456,-0.083729,-0.014446,0.075302,0.13298,0.17757,0.18705,0.063064,-0.14834,-0.023443,-0.15271,-0.26236,-0.23419,-0.094028,0.046772,-0.038295,-0.21303,-0.21863,0.06759,0.33277,0.19028,-0.086766,-0.014892,-0.021036,0.0054476,0.090223,0.14878,0.17104,0.16584,0.11835,0.082732,0.073544,0.033798,0.041873,0.078311,0.083895,0.10165,0.12402,0.10487,0.022615,-0.027463,-0.026575,-0.019753,-0.0071457,0.059695,0.14933,0.2474,0.29411
-0.084629,-0.028997,0.022846,0.063502,0.09857,0.055408,0.0035805,-0.016566,0.05635,0.087414,0.066639,0.072822,0.10774,0.12892,0.065221,-0.019673,-0.054338,-0.073707,-0.0907,-0.069509,-0.052957,-0.098471,-0.13481,-0.11385,-0.010887,0.17906,0.2589,0.18581,-0.052777,-0.33936,-0.42977,-0.3299,-0.14438,0.015232,0.10722,0.15555,0.10107,-0.11711,-0.40989,-0.488,-0.27602,-0.022739,0.040693,0.061821,0.0044596,0.0402,0.13714,0.14334,0.11097,0.10055,0.089085,0.042185,-0.016572,0.0079805,-0.055541,-0.18893,-0.14119,-0.10932,0.03269,0.08292,0.0080922,-0.017175,0.021468,0.012912,-0.00078404,0.044146,0.077946,0.074258,0.022879,-0.039344,-0.053524,-0.12121,-0.17103,-0.12844,-0.11249,-0.070911,-0.01506,0.050197,0.11753,0.08616,-0.040388,-0.16507,-0.19469,-0.18975,-0.2258,-0.23115,-0.14456,-0.02471,0.09018,0.22402,0.34686,0.32942,0.16579,0.014649,0.060393,0.16728,0.17192,0.14641,0.078124,0.030984,0.033588,0.068931,0.10116,-0.019322,-0.13495,0.029124,0.088171,0.085001,0.027566,0.023792,0.098794,0.11507,0.09459,0.070197,0.078267,0.11674,0.13338,0.076108,0.0036173,-0.022851,-0.04779,-0.10294,-0.12871,-0.11607,-0.098571,0.0065831,0.079035,0.068912,0.057867,0.026267,0.021212,0.03813,0.048725,0.049398,0.056911,0.06641,0.079074,0.10554,0.11457,0.15318,0.092434,-0.070529,-0.090832,-0.1437,-0.08337,-0.005347,-0.018173,0.0066991,0.11967,0.1978,0.14748,-0.055752,-0.23033,-0.21827,-0.081513,0.0078573,-0.078257,0.1364,0.3092,0.15796,-0.053172,0.085691,0.05784,-0.068685,-0.1094,-0.012356,0.13625,0.1424,0.047263,-0.014637,-0.034225,-0.068032,-0.069035,0.0023941,0.072586,0.12249,0.031593,-0.050901,-0.077029,-0.10969,-0.071403,-0.0084411,0.027576,0.031998,0.057986,0.063933,-0.0054294,-0.087117,-0.16955,-0.27791,-0.38745,-0.41543,-0.26593,-0.061487,0.012843,-0.016857,-0.15217,-0.24211,-0.31962,-0.36165
-0.0724,-0.059992,-0.035859,0.018401,0.13372,0.20593,0.096558,-0.031531,0.009788,0.0020992,-0.039786,-0.055597,-0.021645,0.034441,0.038139,0.041601,0.047724,0.017529,0.0060632,-0.0090331,-0.032301,-0.048025,-0.018981,0.052071,0.069624,0.019546,-0.033948,-0.080049,-0.13301,-0.13712,-0.068126,0.007615,0.053211,0.080928,0.078789,0.037244,-0.019944,-0.052014,-0.039474,-0.018382,-0.034956,-0.057183,0.01964,0.061971,0.0015837,0.0032154,0.087649,0.10607,0.045179,0.033355,-0.007723,-0.04605,0.0061238,0.0054662,-0.070709,-0.11027,-0.071514,-0.017697,-0.011011,-0.032321,-0.066675,-0.095205,-0.15631,-0.12199,-0.093229,0.03726,0.094927,0.052787,0.025963,0.0032381,-0.04932,-0.032168,-0.0034368,-0.016822,0.041416,0.093394,0.060341,0.04,0.05842,0.051355,-0.0035066,-0.063267,-0.068476,-0.032763,-0.02592,-0.050685,-0.058365,-0.048036,0.003481,0.046328,0.067663,0.078264,0.06172,0.052866,0.044636,0.041191,0.023042,0.0063414,-0.0038449,-0.018515,0.0033065,0.0058487,0.024949,0.080619,0.080337,0.12016,0.18972,-0.14106,-0.12157,-0.014081,-0.0036078,-0.011893,-0.024786,-0.08057,-0.085208,0.0448,0.18261,0.1628,0.078502,-0.011304,-0.060937,0.011584,0.081476,0.074491,0.024139,0.010549,0.020517,0.0091287,0.010782,0.01761,0.018775,0.011876,0.0040786,0.0056704,0.024196,-0.00071073,-0.037474,-0.013974,-0.042041,-0.071059,-0.002554,0.071567,0.006965,-0.13371,-0.14987,-0.21259,-0.056149,0.23898,0.28735,0.11382,-0.15288,-0.28168,-0.24384,-0.094655,0.10357,0.11372,0.020934,-0.045962,-0.097472,-0.10123,-0.005081,-0.091477,-0.045082,0.11093,0.17366,0.21003,0.13927,0.040692,-0.053674,-0.11207,-0.086532,0.011047,-0.0055563,-0.056344,0.0015952,0.041638,-0.0055807,-0.029993,-0.052797,-0.088006,-0.06782,-0.032809,-0.014383,-0.021952,-0.026146,-0.019026,-0.018334,-0.035197,-0.029987,-0.012974,0.0051869,0.046113,0.073149,0.085767,0.061247,0.021273,0.028413,0.030326,0.0016938,-0.015272
-0.3204,-0.34521,-0.41945,-0.34986,-0.16721,-0.12109,-0.016079,0.018781,0.13894,0.10557,0.091982,0.082368,0.072644,0.043606,-0.0084935,-0.041808,-0.040723,0.0090312,0.043561,0.04118,0.056182,0.061192,0.029707,-0.0059745,-0.053851,-0.15978,-0.22395,-0.18916,-0.12018,-0.10949,-0.15037,-0.18048,-0.20909,-0.24891,-0.24217,-0.22714,-0.24482,-0.23936,-0.19147,-0.11536,-0.10719,-0.069744,-0.00052949,-0.0038032,-0.022008,-0.091475,0.013298,0.07781,0.084556,0.11002,0.13243,0.10891,0.09675,0.14917,0.16795,0.12241,-0.15457,-0.41347,-0.26267,-0.046325,-0.007662,-0.031579,-0.006455,-0.052681,-0.086844,0.031346,0.11177,0.12247,0.12924,0.10835,0.10128,0.14966,0.22766,0.15185,-0.025335,0.048216,-0.017351,-0.098867,-0.08444,-0.053568,-0.027636,0.0094107,0.00082371,-0.027321,-0.011224,0.020946,0.020573,0.0052798,-0.018336,-0.055313,-0.088365,-0.090118,-0.040466,0.051546,0.087867,0.055813,0.050097,0.036793,-0.019466,-0.059202,-0.14226,-0.14283,-0.14292,-0.24949,-0.31843,-0.18368,0.05952,-0.028385,-0.10283,0.068539,0.13991,0.083704,0.013343,0.041612,0.11701,0.16446,0.10884,0.02575,0.022807,0.066604,0.092785,0.072868,0.075929,0.068482,0.058975,0.036445,-0.0013764,0.0035341,0.019557,0.028981,0.032944,0.030465,0.022645,0.017031,-0.070017,-0.15846,-0.14563,-0.11862,-0.072382,-0.11704,-0.14586,-0.062859,-0.042505,-0.049144,-0.079191,0.061396,-0.091848,-0.27524,-0.093964,0.1929,0.18437,0.050835,0.030352,0.13026,0.16279,0.14821,0.27672,0.26916,0.2621,0.15517,-0.045915,0.07599,-0.094267,-0.23696,-0.24398,-0.16062,-0.062711,-0.0013909,-0.064478,-0.1981,-0.13488,0.068104,0.15559,0.11383,0.021264,0.091473,0.071788,0.083103,0.11762,0.12107,0.11953,0.12487,0.040611,-0.038369,-0.050133,-0.07533,-0.081206,-0.02754,0.040088,0.080115,0.12518,0.12407,0.039062,-0.055667,-0.10016,-0.10812,-0.1009,-0.11947,-0.17436,-0.20923
0.10493,0.10548,0.035066,-0.043786,-0.078736,-0.10409,-0.090586,0.0075636,0.10257,0.0090349,-0.15732,-0.17869,-0.10237,-0.068785,-0.077374,-0.062776,-0.037552,-0.048976,-0.11273,-0.055987,0.083483,0.044339,0.048902,0.064328,0.028694,0.095497,0.19173,0.24716,0.21482,0.13906,0.076018,0.036236,0.04023,0.10322,0.17673,0.18856,0.12931,0.046679,0.0012438,0.030943,0.054445,-0.0010297,-0.076964,-0.13,-0.066535,-0.086772,-0.11074,0.013058,0.097148,0.096689,0.079087,0.051966,0.05077,0.059275,0.0014819,-0.154,-0.32143,-0.33894,-0.25595,-0.11034,0.049936,0.068912,0.043613,0.0013038,-0.074407,-0.12407,-0.0059206,0.078621,0.05997,-0.024963,-0.071933,-0.0068132,-0.029718,-0.10188,-0.027192,-0.057662,-0.12895,-0.15147,-0.15076,-0.14009,-0.12059,-0.079065,-0.0092918,0.10193,0.17445,0.14984,0.11097,0.053322,-0.033545,-0.053068,0.018432,0.097037,0.11531,0.098083,0.058329,0.038643,-0.038061,-0.077855,-0.012187,0.015913,-0.030042,-0.038153,-0.062227,-0.13692,-0.1808,-0.038582,-0.020843,-0.04408,-0.16634,-0.17452,-0.031787,0.022522,-0.03143,-0.077161,-0.062759,-0.067444,-0.13113,-0.24378,-0.27507,-0.14277,-0.021751,-0.09259,-0.098344,-0.11853,-0.17736,-0.068579,0.021299,-0.0084994,-0.014754,-0.0023683,0.042431,0.079583,0.07768,0.043199,0.017463,0.033128,0.049888,0.082467,0.080267,0.066093,0.053264,0.069652,0.14348,0.19705,0.04099,-0.0054728,0.13374,0.16858,0.21228,0.15279,-0.058737,-0.16388,-0.19512,-0.10076,0.098437,0.1435,0.061472,-0.049336,-0.015316,0.098054,0.044075,-0.033945,0.067544,0.12127,0.099621,0.075885,0.16739,0.2234,0.094903,-0.14311,-0.26259,-0.2184,-0.16047,-0.13349,0.00029861,-0.0022153,0.025223,0.10401,0.14578,0.15885,0.15929,0.11228,0.0021998,-0.084473,-0.11872,-0.12385,-0.11495,-0.0414,0.062402,0.074506,0.045308,0.00030468,-0.030027,-0.014729,0.026514,0.07116,0.16882,0.22014,0.24414,0.25494
0.18675,0.23539,0.27112,0.24081,0.18904,0.13924,0.073135,0.11637,0.15023,0.071908,0.0044107,-0.043356,-0.062647,0.007245,0.062565,0.0043506,-0.093907,-0.062677,0.015015,0.012376,0.011735,0.0098473,0.0096678,0.021538,0.040489,0.066524,0.055991,0.020489,0.0070563,0.039385,0.039041,-0.040993,-0.025575,0.066323,0.035701,-0.0045259,0.078657,0.11861,0.079802,0.071829,0.014019,-0.05255,-0.060918,-0.00035244,0.020578,-0.038745,0.040392,0.077327,0.049134,0.068792,0.059205,0.015811,-0.02065,0.030186,0.0070011,-0.14664,-0.076729,0.041905,0.060843,0.0068358,-0.044293,-0.011797,-0.013523,-0.021399,-0.060917,-0.13879,-0.04344,0.062946,0.071966,0.02225,-0.047035,-0.12842,-0.18563,-0.11911,-0.055447,0.024615,0.034717,-0.011638,-0.014124,-0.029103,-0.12776,-0.18038,-0.095316,-0.050273,-0.10567,-0.077555,0.042738,0.044721,-0.051228,-0.090728,-0.010558,0.07985,0.090552,0.087547,0.065993,0.046338,-0.043435,-0.097985,-0.062207,-0.049112,0.11834,0.11378,0.097589,0.11106,-0.00067293,-0.086447,-0.0067657,-0.21284,-0.035915,-0.10711,-0.21425,-0.16701,-0.15961,-0.16115,-0.14305,-0.089235,-0.0047577,0.049026,0.086831,0.075296,0.05154,0.022179,-0.0045572,0.017835,0.017849,-0.036451,-0.0719,-0.034768,0.010422,0.0058841,0.0054145,0.014171,0.010689,0.0054549,0.026029,0.047197,0.044717,0.0099954,0.0046796,0.047038,0.034293,0.015822,0.061368,0.016615,-0.035653,0.12259,0.066834,-0.038284,-0.008861,0.065015,0.020685,-0.11855,-0.23381,-0.27929,-0.13787,0.088624,-0.0061744,-0.087513,-0.12942,-0.10241,0.032709,0.0028591,0.034972,0.12557,0.12385,0.045682,0.013192,0.080743,0.097364,-0.059446,-0.21025,-0.22001,-0.12004,-0.02909,0.081533,0.13949,0.12527,0.11974,0.15861,0.17747,0.094894,0.022148,0.004483,-0.0059209,0.025666,0.0042386,-0.068993,-0.082762,-0.036159,-0.011699,0.016172,0.04099,0.021606,0.014193,0.0075427,0.002911,0.10011,0.16796,0.18022,0.18048
-0.14399,-0.075824,0.018795,0.069292,0.085003,0.046897,-0.0062511,-0.034872,0.017457,0.059244,0.081873,0.096632,0.10528,0.078081,0.01205,-0.016007,-0.014888,-0.039904,-0.025848,-0.007572,-0.01661,-0.00021585,0.024619,0.016007,-0.055684,-0.12834,-0.14782,-0.17172,-0.22673,-0.23926,-0.15537,-0.050996,-0.06522,-0.14811,-0.18821,-0.20143,-0.20205,-0.17475,-0.10382,-0.047812,-0.069957,-0.081131,-0.10957,-0.019507,0.063396,0.017593,-0.0052114,0.14896,0.25921,0.25257,0.18978,0.10556,0.13549,0.10806,0.059851,-0.059752,-0.43698,-0.46483,-0.16608,0.079167,0.042657,0.0076654,-0.034332,-0.06717,-0.026664,0.049401,0.07245,0.092929,0.08379,0.097591,0.14856,0.047135,-0.058171,-0.00098693,0.07512,-0.007297,-0.10756,-0.0935,-0.039254,0.013899,0.032412,-0.058292,-0.18286,-0.23577,-0.20721,-0.12645,-0.021034,0.024204,0.023321,0.024604,0.015809,0.013328,0.021721,0.034348,-0.01104,-0.055728,-0.036734,-0.051364,-0.078077,-0.071153,-0.078521,-0.034293,0.024761,0.077014,0.16334,0.12563,0.06547,0.035349,-0.0043564,0.14573,0.038239,-0.092676,-0.11561,-0.11857,-0.060429,0.038394,0.077095,0.016671,-0.029892,-0.022431,-0.020021,-0.0038073,0.0025013,-0.026382,-0.041447,-0.0078806,0.013614,0.0076254,0.010138,0.020266,-0.0197,-0.073542,-0.12082,-0.16589,-0.156,-0.13811,-0.12351,-0.096285,-0.10363,-0.11207,-0.035067,-0.027225,-0.035863,-0.03529,-0.091945,0.069328,0.23821,0.20407,0.14603,0.2102,0.117,-0.044445,-0.04602,-0.050338,-0.055053,0.23251,0.39509,0.2643,0.088414,-0.13638,-0.09972,-0.038895,-0.11926,-0.16971,-0.11292,-0.021022,0.079762,-0.017481,-0.22459,-0.22346,-0.13193,-0.12671,-0.12827,-0.071955,0.040001,0.0047744,0.029184,0.087918,0.10859,0.10762,0.10987,0.057584,0.041337,0.094124,0.085303,0.025778,0.0087715,0.028465,0.073374,0.13774,0.14214,0.13714,0.13333,0.1088,0.06312,0.037731,0.016582,-0.07788,-0.11723,-0.090057
-0.10621,-0.13166,-0.14917,-0.10991,-0.064024,-0.093228,-0.18258,-0.11169,0.0072904,0.049185,0.055035,0.020328,-0.011325,-0.017925,-0.02387,-0.026988,0.042906,0.097689,0.072187,0.048774,0.052873,0.089395,0.086404,0.059867,-0.0058129,-0.11567,-0.19667,-0.20787,-0.16449,-0.12532,-0.11137,-0.08863,-0.062839,-0.076343,-0.11581,-0.1132,-0.066128,-0.038544,-0.0086507,0.035635,0.061872,0.038749,0.072294,0.078602,0.034576,-0.028482,-0.10889,-0.096794,0.074333,0.14511,0.12222,-0.013657,-0.020363,0.0037192,-0.036223,-0.043082,0.030819,0.10969,0.05047,-0.022411,-0.043594,-0.046057,0.0097827,0.024069,-0.004135,0.026413,0.056938,0.034093,-0.0014185,0.00085494,-0.019366,-0.0099971,0.00026422,-0.043279,-0.011197,0.041851,0.097427,0.14493,0.17467,0.17656,0.16068,0.12639,-0.02268,-0.12385,-0.087502,-0.030824,-0.011597,0.024552,0.061147,0.04244,0.0083044,-0.014504,-0.01153,-0.0046008,-0.031814,-0.049202,-0.010917,0.034995,0.025068,-0.0020104,0.026016,0.0091282,0.018009,0.0089354,-0.019163,0.047326,0.022908,-0.20545,-0.15192,-0.034504,0.015124,0.002414,-0.029148,-0.023683,-0.013059,-0.022109,0.021636,0.082919,0.031335,-0.016747,0.0066672,0.030332,-0.015817,-0.068936,-0.059663,-0.012634,-0.0051599,-0.0093294,0.0052977,0.017523,0.021947,0.019848,0.014939,0.017031,0.030416,0.0012405,-0.036928,-0.01539,0.020548,-0.037233,-0.091826,-0.023818,0.012688,0.052223,0.10967,0.19069,-0.1855,-0.40223,-0.040513,0.33419,0.14971,-0.19886,-0.2669,-0.11707,0.067808,0.059081,-0.027128,-0.076026,-0.03147,0.010614,0.010738,0.11239,0.068223,0.017576,0.022456,0.018,0.0096394,-0.020125,-0.10603,-0.10848,-0.055531,-0.07205,-0.1061,-0.086146,-0.021655,0.02416,0.034892,0.050525,0.074489,0.082936,0.091129,0.11367,0.074893,0.029094,0.0078237,-0.031099,-0.04758,-0.026826,-0.0089859,-0.0053112,0.0098338,0.022466,0.014144,-0.008106,0.019595,0.07106,0.085487,0.08173,0.041722,0.0073104
0.15266,0.15078,0.094475,0.016596,-0.05858,-0.14731,-0.20134,-0.11779,-0.048355,0.018095,0.065834,0.045688,-0.090131,-0.19069,-0.17863,-0.13596,-0.12497,-0.034143,0.069842,0.05097,0.0213,-0.0073481,-0.013384,-0.0025534,0.0076038,0.019427,0.078008,0.13342,0.16848,0.19857,0.19383,0.13385,0.012955,-0.14087,-0.090934,0.078198,0.095004,0.056472,0.041032,0.045751,0.0541,0.014291,-0.0296,-0.057367,-0.061424,-0.099625,-0.010824,0.064209,0.06023,0.045774,0.029083,-0.0054493,-0.00682,-0.022954,-0.090301,-0.25018,-0.3716,-0.312,-0.26173,-0.13459,0.021195,0.020002,-0.0067302,-0.035724,-0.10058,-0.09054,0.019447,0.065337,0.047725,0.0017511,-0.02523,-0.042858,-0.029688,0.022035,0.060858,0.045534,-0.0080783,-0.045258,-0.0067736,0.04941,0.075447,0.083926,0.087057,0.092977,0.067509,0.018925,0.0053538,0.026971,0.042258,0.026735,0.03939,0.062977,0.06433,0.072376,0.069306,0.053338,-0.053959,-0.11172,-0.042206,0.0056301,-0.016067,-0.028513,-0.052023,-0.03493,-0.10461,-0.15891,-0.11252,-0.1122,0.046304,-0.039188,-0.15583,-0.1274,-0.028147,0.10304,0.10882,-0.040242,-0.17675,-0.10842,0.052209,0.021326,-0.03244,-0.046479,-0.048799,-0.07255,-0.10581,-0.15038,-0.074739,0.0030671,-0.013183,-0.027743,-0.027243,0.0208,0.065984,0.06861,0.062847,0.062015,0.072499,0.097533,0.079349,0.058543,0.12024,0.083921,-0.00099879,0.043319,0.048172,0.17429,-0.06587,-0.22949,-0.038347,0.11407,0.031499,-0.09444,-0.16724,-0.12015,0.067105,0.21765,0.15499,0.030582,0.042962,0.11516,0.026918,-0.060811,0.017405,0.080266,0.057942,0.028603,0.098451,0.14476,0.035752,-0.10763,-0.19431,-0.24138,-0.22509,-0.15904,-0.057621,-0.020318,0.021084,0.027496,0.0084815,0.0085857,0.009551,0.022324,0.032302,0.031499,0.036394,0.050864,0.05279,0.027465,0.00030305,0.0026697,0.032309,0.059284,0.055249,0.024585,-0.036537,-0.083859,0.037513,0.14084,0.1954,0.22422
-0.066525,-0.073616,-0.093058,-0.04787,0.028583,0.015521,-0.055169,-0.062506,-0.065151,-0.06696,-0.076799,-0.016781,0.037392,-0.017617,-0.073088,-0.099778,-0.10478,0.0080403,0.1099,0.064038,0.012631,0.030269,0.08714,0.095868,0.09575,0.1194,0.12695,0.09956,0.049859,0.020546,-0.0039704,-0.062559,-0.12263,-0.12225,-0.080034,-0.073305,-0.12892,-0.20552,-0.26462,-0.30928,-0.31881,-0.23156,-0.037585,0.053015,0.019984,0.047565,0.10988,0.097646,0.062827,0.073209,0.077173,0.074546,0.046646,0.041618,0.10903,0.071304,-0.098827,-0.17804,-0.28149,-0.27788,-0.055273,0.028435,0.0047306,0.02911,-0.0044523,0.077861,0.13483,0.09021,0.063721,0.038857,0.033104,0.045537,-0.013325,-0.055667,0.051658,-0.016443,-0.15178,-0.15648,-0.10027,-0.031941,0.027408,0.054786,0.040588,0.031381,0.057849,0.056572,0.02925,0.002604,-0.024221,-0.028001,-0.021149,0.016949,0.067255,0.08935,0.089193,0.068493,0.064721,-0.022158,-0.097566,-0.082717,-0.01554,-0.021359,-0.018002,0.039911,0.13673,0.084107,-0.030402,-0.053893,-0.0045608,0.1799,0.05732,-0.11172,-0.14192,-0.082725,0.0072825,0.03618,-0.012228,-0.08928,-0.14008,-0.1844,-0.16634,-0.061208,-0.015998,-0.060864,-0.11375,-0.046845,0.023886,0.0090488,0.0083801,0.011603,0.015924,0.019311,0.017462,0.019992,0.035426,0.0064771,-0.076893,-0.10246,-0.065365,-0.016576,0.068624,0.1547,0.072615,-0.072768,-0.040843,-0.008467,-0.0057814,0.0082434,0.056567,0.13585,0.14642,0.051823,-0.084959,-0.24476,-0.28907,-0.13628,0.019237,-0.018429,0.0068823,0.14431,0.1568,0.046436,0.1085,0.23169,0.23615,0.16741,0.023173,-0.081368,-0.13979,-0.17802,-0.19988,-0.17103,-0.11567,-0.047557,0.10441,0.053305,0.053115,0.11364,0.13161,0.12329,0.11223,0.019194,-0.056558,-0.052359,-0.071425,-0.080883,-0.0195,0.045616,0.055775,0.055696,0.035374,0.043085,0.046196,-0.013208,-0.086367,-0.12653,-0.099988,0.1267,0.25162,0.25654
0.035286,0.10941,0.11039,0.031539,0.012585,0.0036898,-0.048366,-0.010456,-0.02526,0.024199,0.14772,0.06143,-0.14043,-0.15551,-0.051992,0.013464,0.0087276,-0.023227,-0.024753,-0.010975,-0.026841,-0.026912,-0.018667,-0.0086418,0.054512,0.14737,0.20179,0.15589,0.081836,0.061561,0.074345,0.055024,-0.012666,-0.025566,0.062735,0.11449,0.082308,0.027452,0.0023477,-0.0069336,-0.042786,-0.071231,-0.077911,-0.084397,-0.068124,-0.10963,-0.051019,-0.085334,-0.11822,-0.0065673,0.053715,0.044134,0.019095,0.050645,0.081489,0.023585,-0.37302,-0.43,-0.13942,0.038308,0.010308,0.0018947,-0.013406,-0.023692,0.026823,0.092652,0.081527,-0.027299,-0.10404,-0.07515,-0.11586,-0.11262,-0.032214,0.0045721,-0.026031,-0.098259,-0.10359,-0.051591,0.023159,0.071202,0.079852,0.068265,0.02477,-0.083578,-0.15636,-0.13533,-0.040897,0.055456,0.10271,0.10472,0.069503,0.033781,0.013136,0.036605,0.054229,0.043082,0.0569,0.054646,0.048306,0.05735,0.090388,0.11123,0.11336,-0.029016,-0.162,-0.014387,-0.015358,-0.062298,-0.054304,-0.11924,-0.092153,-0.0024915,0.14602,0.15568,0.10452,0.085411,0.0391,-0.0047152,-0.011653,-0.013141,-0.042184,-0.038578,-0.031049,-0.044687,0.026465,0.062715,0.019791,0.0061376,0.0085113,0.041212,0.070374,0.072581,0.04794,0.022337,0.031286,0.043458,0.055026,-0.029846,-0.11337,-0.067326,0.010803,0.041241,0.018338,0.022886,-0.035702,0.068523,-0.034977,-0.28454,-0.36723,-0.1616,0.055317,0.10042,0.096577,0.069415,-0.023414,0.075201,0.30482,0.25246,0.10746,-0.049088,0.015455,0.036174,-0.090439,-0.14144,-0.053065,0.051501,0.05145,0.074655,0.17349,0.22379,0.11839,-0.08054,-0.13862,-0.075646,-0.036732,-0.0076788,0.046784,0.035367,-0.048664,-0.094788,-0.08949,-0.073163,-0.046284,0.0079969,0.051373,0.03524,-0.029051,-0.1021,-0.1018,-0.066052,-0.063404,-0.049073,-0.029571,-0.00018147,0.023111,0.012166,-0.025229,-0.082844,-0.09268,-0.075959
0.12557,0.13774,0.12568,0.070504,0.029994,-0.024954,-0.11517,-0.13592,-0.079197,0.00033989,0.054913,0.034851,-0.048075,-0.10257,-0.056363,0.0083296,-0.046921,-0.051057,0.0075625,-0.007464,-0.023667,-0.038086,-0.046634,-0.036291,0.0096039,0.089234,0.11661,0.10434,0.088085,0.080872,0.051488,-0.0016119,-0.035578,-0.028222,0.010598,0.034659,0.059279,0.10993,0.15273,0.16414,0.13518,0.093022,0.089419,0.10479,0.11081,-0.02205,-0.16666,-0.296,-0.33778,-0.24896,-0.16523,-0.088277,-0.055914,-0.065305,0.063847,0.13242,-0.11205,-0.27077,-0.03648,0.075326,0.069301,0.068519,0.09746,0.090579,0.062458,-0.0064294,-0.018938,0.042687,0.087884,0.041789,-0.096865,-0.14193,-0.089614,0.025677,0.13651,0.12677,0.11075,0.15993,0.19659,0.14403,0.06696,0.084406,0.15731,0.15566,0.092479,0.039397,0.01347,0.00096225,-0.00064578,-0.021057,-0.056658,-0.078282,-0.079208,-0.05698,-0.042068,-0.051055,-0.047579,-0.041757,-0.016616,0.019149,-0.14275,-0.14752,-0.1535,-0.12747,-0.039319,0.055395,0.069997,0.076339,-0.080743,-0.12268,-0.096327,-0.0601,0.0093242,0.091985,-0.0048861,-0.16399,-0.16001,-0.041749,0.06264,0.036224,-0.0031956,-0.028853,-0.040014,-0.00071985,0.016747,0.022793,0.034341,0.018617,0.013685,0.012591,0.017949,0.025452,0.026581,0.029541,0.04349,0.011547,-0.035735,-0.027267,-0.04635,-0.060107,0.0037334,0.076484,0.10033,0.079929,-0.076851,-0.16443,-0.14395,-0.2457,-0.38209,-0.30251,0.0083107,0.30604,0.404,0.34025,0.16706,-0.030554,0.050441,0.13298,0.17443,0.1295,0.029034,0.07214,0.18857,0.22775,0.06675,-0.15353,-0.15544,0.14644,0.29005,0.12491,0.066106,0.20517,0.28301,0.29674,0.16344,0.020009,-0.093699,-0.14724,-0.1233,-0.10934,-0.093514,-0.084711,-0.091045,-0.094501,-0.087707,-0.078189,-0.015511,0.040332,0.030435,0.050413,0.083669,0.11235,0.13091,0.082226,-0.017943,-0.087776,-0.094879,-0.073602,-0.017162,0.028316
-0.14924,-0.13513,-0.29182,-0.45245,-0.3352,-0.14849,-0.16462,-0.13809,-0.28638,-0.41416,-0.37543,-0.23055,-0.064948,0.0095326,0.019037,0.016939,-0.0042222,-0.040079,-0.08244,-0.080361,-0.076655,-0.10156,-0.099773,-0.07472,-0.028184,0.076563,0.1726,0.24619,0.25133,0.1482,0.011665,-0.059007,-0.072747,-0.060636,-0.082299,-0.094029,-0.046538,-0.02426,0.0021053,0.078818,0.19849,0.30903,0.36743,0.35646,0.21148,0.052087,0.029074,-0.070478,-0.17844,-0.22013,-0.22536,-0.1698,-0.13331,-0.10816,-0.12917,-0.20309,-0.084342,0.12712,0.21303,0.14455,0.089326,0.095526,0.084766,0.024305,-0.015154,0.047255,0.13451,0.14825,0.049089,-0.078552,-0.1183,-0.12125,-0.062475,-0.046921,-0.024497,0.0012434,-0.0046219,0.023129,0.059178,0.12847,0.22423,0.26098,0.20246,0.11846,0.090016,0.088534,0.069071,0.048105,0.042949,-0.048766,-0.12802,-0.093304,0.0011203,0.05487,0.11989,0.19364,0.17606,0.12745,0.03934,-0.015052,-0.10125,-0.062242,-0.10192,-0.12304,-0.18821,-0.20732,-0.10933,0.063774,0.24367,0.34167,0.41655,0.37521,0.27544,0.1373,0.0541,0.046313,0.026188,-0.010807,-0.05149,-0.10833,-0.1496,-0.1405,-0.10163,-0.078021,-0.085947,-0.021011,0.027538,-0.0080954,-0.023268,-0.0023719,0.055935,0.094237,0.091657,0.092764,0.10527,0.12334,0.13554,0.15718,0.19341,0.19021,0.16903,0.14648,0.096178,0.079316,0.13146,0.3531,0.52219,0.3637,-0.026621,-0.26181,-0.19958,-0.070516,-0.052393,-0.12904,-0.084929,0.035022,-0.078475,-0.11818,-0.10476,-0.035559,0.089955,0.15778,0.17343,-0.091971,-0.2948,-0.12731,0.22281,0.27353,0.28436,0.31416,0.20649,-0.030857,-0.1894,-0.17971,-0.069324,-0.0012787,-0.1182,-0.21019,-0.18328,-0.16283,-0.14562,-0.13819,-0.13034,-0.11014,-0.10321,-0.11533,-0.11537,-0.12148,-0.079974,-0.0082151,-0.0095688,-0.075266,-0.20756,-0.30914,-0.23002,-0.12069,-0.22391,-0.31279,-0.4189,-0.46996
-0.077881,-0.12725,-0.19391,-0.15719,-0.10093,-0.11138,-0.1266,-0.089727,-0.030647,0.0025303,0.004321,0.019502,0.03358,-0.00016313,-0.032323,0.017615,0.058194,0.011408,0.0031642,0.029061,0.046755,0.082119,0.10248,0.12882,0.13712,0.035567,-0.13184,-0.19823,-0.13906,-0.064562,-0.027838,-0.010311,0.013939,0.059511,0.086338,0.070773,0.037344,0.011842,0.014785,0.027312,0.026891,0.012769,-0.011817,0.029671,0.021279,-0.14885,-0.30502,-0.33939,-0.045698,0.1669,0.12132,0.052222,0.052816,0.090797,0.011205,-0.15109,-0.05153,-0.092662,-0.094467,-0.040088,-0.010952,-0.035864,0.0051744,0.02014,0.022191,0.016303,0.039043,0.055128,0.045849,0.021415,-0.017437,-0.0094726,0.0038028,0.041305,0.089398,0.085202,0.043902,-0.0043778,0.010402,0.04611,0.052344,0.061851,0.071286,0.053136,0.025454,0.046272,0.077183,0.039,-0.035897,-0.099124,-0.14021,-0.098215,-0.010623,0.055776,0.076477,0.053424,0.067513,0.079911,0.061716,0.046136,0.049419,0.019157,0.0017358,-0.0070839,0.02824,0.04951,-0.0042206,0.011997,0.059129,0.20499,0.090303,-0.054932,-0.064467,-0.037231,-0.0030044,-0.0081587,-0.03862,-0.081627,-0.070399,0.0013629,0.038675,0.057507,0.036871,0.047597,0.084908,0.060625,0.0086416,-0.0059725,0.0085285,0.018775,0.019829,0.017496,0.012506,0.011889,-0.063703,-0.14208,-0.13067,-0.10778,-0.069438,-0.028606,-0.016689,-0.0058632,0.046953,0.06198,-0.008603,-0.069284,-0.087197,-0.14529,-0.051446,0.079231,0.053382,-0.067351,-0.12563,-0.1789,-0.1171,-0.002469,-0.12536,0.11963,0.32891,0.19909,-0.088121,0.039754,0.03738,0.012263,0.054344,0.10183,0.1888,0.20804,0.063648,-0.076686,-0.12731,-0.027473,0.069975,0.029369,0.031365,0.02703,0.043308,0.028582,0.004518,0.009304,-0.036912,-0.073871,-0.065284,-0.058903,-0.055113,-0.022583,-0.045188,-0.090011,-0.055463,-0.0025899,0.042078,0.05333,0.0044594,-0.041708,-0.038485,-0.025708,-0.018201,-0.034371,-0.061963,-0.075673
0.057688,0.042395,0.028652,0.067667,0.06438,-0.04508,-0.12237,-0.12148,0.019171,0.11971,0.18406,0.12193,0.0086864,-0.0933,-0.13047,-0.073299,-0.047247,-0.070166,-0.03783,-0.012641,-0.0313,-0.054504,-0.065797,-0.039148,0.056154,0.11224,0.064753,0.0043706,0.10436,0.2029,0.16903,0.13015,0.1367,0.14765,0.1711,0.25041,0.29354,0.2392,0.18094,0.16015,0.11318,0.033726,-0.012927,-0.050836,-0.11613,-0.061883,-0.089962,-0.023393,-0.054373,-0.18972,-0.1914,-0.12993,-0.076908,-0.041558,-0.043983,-0.16405,-0.24956,-0.18551,-0.1571,-0.11022,-0.0114,-0.062187,-0.11185,-0.10211,0.078563,0.17206,0.10221,0.052821,0.046399,-0.037058,-0.17253,-0.16082,-0.085082,-0.058151,-0.049841,0.060884,0.18981,0.23177,0.21519,0.13233,0.081296,0.13266,0.17436,0.13406,0.079275,0.054839,0.043299,0.036587,0.027145,0.0093678,-0.015242,-0.035662,-0.041448,-0.031876,-0.034313,-0.052831,-0.039783,-0.01647,0.01503,0.041102,0.080537,0.063303,0.051162,0.095053,0.0056031,-0.094074,0.032547,-0.0014216,-0.0276,0.086902,0.11574,-0.025172,-0.11974,-0.031084,0.020343,-0.073885,-0.16497,-0.086241,0.047635,0.04413,-0.015136,-0.053317,-0.067145,-0.065941,0.039662,0.090224,0.052293,0.036404,0.0072969,-0.025044,-0.014558,-0.0029877,-0.0042399,0.00069281,0.014622,0.0095456,-0.003108,0.03079,-0.015136,-0.084511,-0.011131,0.084548,0.14357,0.058754,0.017118,-0.094068,-0.18547,-0.065127,-0.072872,-0.18097,-0.1165,0.02911,0.10241,0.085275,0.10105,0.18517,0.12801,0.020977,0.024403,0.11964,0.045933,-0.10925,0.0012601,0.10084,0.16499,0.23497,0.19548,0.03732,-0.033731,0.033344,0.028898,-0.15049,-0.21832,-0.2102,-0.16716,-0.06423,0.007895,0.045767,0.066209,-0.01718,-0.09553,-0.092131,-0.092566,-0.088971,-0.084437,-0.086744,-0.088765,-0.10079,-0.11425,-0.051291,0.023662,0.036424,0.05026,0.020015,-0.029734,-0.024418,-0.0049012,-0.003945,0.026819,0.052921
