-0.099564,-0.1075,-0.021154,0.039677,-0.051535,-0.040469,-0.015427,-0.018595,0.015292,0.015923,-0.022397,-0.044406,-0.050702,-0.060933,-0.069677,-0.081732,-0.10107,-0.084795,-0.03536,-0.014766,0.10739,0.22525,0.22297,0.1827,0.14304,0.098649,0.037554,-0.026699,-0.049447,-0.0066614,0.024866,-0.0011454,-0.22552,-0.25839,-0.074877,-0.081112,-0.052603,-0.040242,-0.090342,-0.17525,-0.24032,-0.18721,-0.062637,0.043894,0.13578,0.093481,-0.022127,0.045125,0.12701,0.15476,0.15442,0.12353,0.023787,-0.17565,-0.17287,-0.06548,-0.071349,-0.009598,0.091326,0.031366,-0.001212,-0.037447,-0.089613,-0.086422,-0.099558,-0.08565,-0.019312,0.068009,0.10754,0.11121,0.091461,0.087339,0.11748,0.14653,0.14148,0.089493,0.015591,-0.013596,0.0057472,0.035441,0.058502,0.06676,0.016362,-0.021961,-0.0054074,0.015346,0.0068981,-0.040359,-0.03589,0.028706,0.060916,0.10054,0.12289,0.004247,-0.050645,0.038049,0.0055354,-0.066217,0.13784,0.21115,0.30236,0.33064,0.073048,-0.13055,-0.0017734,-0.022991,-0.069431,-0.023781,0.039636,0.060326,0.054949,0.030537,0.017174,0.023164,0.031357,0.038758,0.051367,0.02852,-0.004016,-0.0034537,0.028295,0.020827,-0.019221,-0.03491,-0.03323,-0.010673,0.083623,0.067561,-0.032329,-0.0036949,-0.025692,0.044013,-0.44344,-0.38265,0.26946,0.21887,0.070508,-0.18117,-0.33997,-0.30834,-0.12559,0.022487,0.037097,0.14234,0.30532,0.29275,0.12967,0.15308,0.284,0.21885,0.085281,-0.036541,-0.18746,-0.36168,-0.35304,-0.074196,0.13575,0.10535,0.046325,-0.067168,-0.06449,-0.053425,-0.03213,0.030227,0.082808,0.096087,-0.0045833,-0.093308,-0.095823,-0.090993,-0.081297,-0.074909,-0.077797,-0.086503,-0.09195,-0.081885,-0.013807,0.044104,0.034996,0.018281,0.006329,-8.261e-05,0.018739,0.02876,-0.0023107,-0.047005,-0.071003,-0.015858,0.040113,0.062216,0.023645,0.028329,0.10943,0.079843,-0.0573,-0.078652,-0.0024544,-0.033653,-0.52918,-0.59724
0.15748,0.1228,0.0061873,-0.13003,-0.15967,-0.064403,-0.018405,-0.082344,-0.057275,0.044759,0.11453,0.1126,0.070713,0.04833,0.033841,0.025725,0.033513,0.02334,-0.024149,-0.080019,-0.13133,-0.16041,-0.16963,-0.15117,-0.11125,-0.030297,0.058035,0.10791,0.12299,0.069238,0.054271,0.050974,0.086811,0.060942,-0.023742,-0.032809,-0.040358,-0.072821,-0.094435,0.010802,0.079289,0.039207,0.035243,0.03533,-0.011142,-0.048191,-0.056962,-0.090824,-0.07635,-0.047087,-0.034783,-0.037758,-0.047476,-0.030649,-0.024831,-0.0032762,-0.063909,-0.11815,0.011199,0.0041259,-0.043906,0.021293,0.10737,0.18511,0.062484,-0.12482,-0.1964,-0.22169,-0.22045,-0.17256,-0.019612,0.10765,0.11578,0.049176,-0.031689,-0.052076,-0.058305,-0.028015,0.0021259,0.026979,0.054067,-0.01909,-0.097797,-0.090603,-0.06191,-0.018197,0.033831,0.040451,0.014,0.026706,0.082358,0.18615,0.37697,0.40298,0.25523,0.16069,0.1388,0.10087,-0.029843,0.01325,-0.21441,-0.21022,-0.13191,0.092692,0.16676,0.0371,-0.12888,-0.17212,-0.082882,0.038782,0.05666,0.038736,0.056959,0.054527,0.0577,0.064452,0.059753,0.048743,0.042334,0.036531,0.056478,0.069904,0.055124,0.038383,0.022714,-0.067793,-0.17151,-0.17793,-0.17101,-0.070334,-0.020103,0.10321,0.25838,0.24492,0.13669,0.074815,0.069574,0.027333,0.0086558,0.0015543,0.064244,0.07392,-0.045267,-0.066692,-0.03933,-0.0549,-0.019924,-0.066259,-0.19905,-0.22805,-0.12722,-0.086113,-0.10564,-0.081553,-0.11442,-0.21074,-0.239,-0.14434,-0.05487,-0.089397,-0.11877,-0.11408,-0.12953,-0.12427,-0.10498,-0.041254,0.021398,0.046628,0.044513,0.017424,0.0064562,0.024369,0.023761,0.05874,0.10516,0.11725,0.12668,0.11537,0.076101,0.041163,0.029142,0.054565,0.11562,0.15103,0.16292,0.17007,0.1457,0.056151,-0.037579,-0.067652,0.072874,0.12804,0.14029,0.13934,0.11513,0.058887,0.0012222,0.14101,0.10339,-0.021028
-0.26917,-0.17692,-0.054489,-0.038744,-0.078169,-0.082885,-0.066185,-0.0736,-0.10377,-0.088352,-0.044406,0.025987,0.050308,0.026878,0.0045066,-0.025747,-0.063791,-0.10052,-0.12609,-0.068199,0.024576,0.075533,0.25365,0.35263,0.32827,0.2952,0.2602,0.15713,0.052615,0.045931,0.083972,0.02645,-0.03048,-0.063144,-0.15423,-0.21671,-0.13743,-0.062368,-0.09895,-0.16972,-0.18076,-0.11261,-0.13416,-0.1931,-0.085173,-0.013675,0.011325,0.015941,-0.0011939,0.015965,0.00089058,-0.0098608,0.005042,0.021412,0.014496,-0.10017,-0.21431,-0.14169,-0.058919,-0.022786,0.0478,0.060604,0.15131,0.2555,0.26814,0.23212,0.1775,0.12808,0.10664,0.093731,0.083301,0.075688,0.076179,0.091655,0.11758,0.13585,0.12535,0.10664,0.09255,0.068374,-0.0068472,-0.075412,-0.077323,-0.059521,-0.042851,-0.075471,-0.038187,-0.056564,-0.15242,-0.15922,-0.099991,-0.02847,0.1281,0.23767,0.13638,0.068498,0.088974,0.19891,0.14072,0.20024,0.35257,0.25177,0.077568,0.055898,0.15351,0.1602,0.024313,-0.07167,-0.075089,-0.019346,0.030742,0.025734,-3.1571e-05,-0.0022482,-0.0018444,-0.0036021,-0.00018407,0.0069188,0.01237,0.0036051,-0.023739,-0.055895,-0.00058819,0.057725,0.049447,0.068106,0.10328,0.066824,0.012328,0.060822,0.088301,0.18059,0.32094,0.3669,0.20629,0.021087,-0.1042,-0.19076,-0.22336,-0.15532,-0.045373,-0.075407,-0.21763,-0.19558,-0.10418,-0.12336,-0.15553,-0.10553,0.029394,0.080112,0.095994,0.080553,0.066389,0.050074,-0.028304,-0.10653,-0.18708,-0.18758,-0.1459,-0.16744,-0.16135,-0.14486,-0.1387,-0.14574,-0.11725,-0.066185,-0.066195,-0.070562,-0.052053,-0.042274,-0.059145,-0.07686,-0.076018,-0.083346,-0.094665,-0.10119,-0.074567,-0.047798,-0.045251,-0.035372,-0.0024504,0.0427,0.067108,0.069876,0.063954,0.08817,0.066157,0.03339,-0.024443,-0.047202,-0.067878,-0.089165,0.015581,0.056493,-0.016966,0.015851,0.023071,0.09877,0.17881,0.05826
-0.26308,-0.10019,0.14727,0.1754,0.082976,0.05317,0.039993,-0.057661,-0.13075,-0.032439,0.11517,0.22214,0.19504,0.12914,0.083131,0.074539,0.072558,0.046971,0.028136,0.050682,0.10351,0.15493,0.16826,0.1521,0.13252,0.10405,0.10876,0.1389,0.12409,0.069625,0.030786,-0.023357,-0.092412,-0.079218,-0.1007,-0.12012,-0.12653,-0.12436,-0.14781,-0.11844,-0.089884,-0.1402,-0.21369,-0.23664,-0.1357,-0.062508,-0.081046,-0.090472,-0.055256,-0.023222,-0.022531,-0.019033,-0.010408,-0.0030693,0.01978,0.024963,-0.05303,-0.080218,0.039605,-0.025941,-0.18735,-0.079399,-0.034701,0.035591,0.035542,0.028876,0.087431,0.096155,0.091382,0.10202,0.12511,0.14539,0.16509,0.18206,0.1734,0.089057,-0.02013,-0.06165,-0.04362,0.0083266,0.054464,0.040321,-0.00413,-0.030659,-0.04089,-0.021872,0.027394,0.074512,0.10555,0.1153,0.079401,0.067588,0.14273,0.09824,-0.050053,-0.10462,-0.094238,-0.052774,-0.064667,-0.094017,0.039848,-0.0887,-0.16772,-0.018903,0.045634,0.0622,0.05433,-0.028141,-0.069073,0.047713,0.085761,0.070438,0.093864,0.078892,0.071958,0.077754,0.092893,0.10027,0.093639,0.082174,0.063176,0.026504,0.031362,0.050706,0.042623,0.0089277,-0.033679,-0.027679,0.015038,0.11833,0.18183,0.093815,0.045639,0.14655,0.14607,0.1298,0.075758,0.0039739,-0.034637,-0.068053,-0.12931,-0.19558,-0.26435,-0.19221,-0.081206,-0.080587,-0.082198,-0.10579,-0.16086,-0.15192,-0.053541,0.028838,0.026167,-0.0028349,-0.012082,-0.020698,-0.047424,-0.013581,0.059499,0.05377,0.074714,0.10908,0.1097,0.10761,-0.022694,-0.12981,-0.12677,-0.10429,-0.090519,-0.094614,-0.10103,-0.097684,-0.09857,-0.10545,-0.11177,-0.097002,-0.059426,-0.039691,-0.048445,-0.078355,-0.10945,-0.093107,-0.037026,0.010137,0.058978,0.1035,0.12739,0.11531,0.07199,0.011681,0.0038694,0.021581,0.086726,0.085386,0.0087181,0.052248,0.013902,-0.037668,0.16529,0.17213
-0.05477,-0.011144,0.058076,0.028329,0.0024052,0.038954,0.018794,-0.01381,-0.028221,0.0070702,0.052606,0.073136,0.096273,0.12507,0.1429,0.13364,0.10387,0.11629,0.163,0.16639,0.093395,0.0018522,-0.04463,-0.05723,-0.057404,-0.032855,0.049702,0.21237,0.27408,0.17053,0.052993,-0.0060557,-0.05595,-0.083627,-0.14303,-0.059377,0.0073076,-0.035246,-0.070799,-0.13865,-0.13022,-0.11237,-0.1662,-0.20009,-0.22432,-0.25058,-0.18304,-0.097609,-0.086244,-0.07609,-0.030549,0.017375,0.041349,0.059233,-0.048616,-0.1714,-0.16268,-0.1015,0.033111,0.062649,0.04116,0.049717,0.058209,0.086627,0.075808,0.042545,0.026727,0.0081915,0.0081611,0.014544,0.0072547,0.0082972,0.030135,0.089643,0.20487,0.3291,0.38835,0.36284,0.26434,0.13926,0.055786,0.030507,-0.029686,-0.065427,-0.04302,0.0014338,0.051207,0.029703,-0.015844,-0.041876,-0.094066,-0.010263,0.16202,0.18401,0.086589,-0.073883,-0.16608,-0.061939,0.11603,0.065326,-0.12163,-0.162,-0.18396,-0.072811,0.049908,0.11171,0.036235,-0.011469,-0.01722,-0.027354,-0.029484,0.022786,0.068363,0.082937,0.093612,0.096942,0.090767,0.087951,0.08322,0.070293,0.065818,0.06893,0.059599,0.041582,0.032752,0.026944,-0.0048743,-0.10478,-0.14655,-0.0093618,0.11044,0.10078,-0.043834,0.03287,0.084715,-0.032361,-0.1351,-0.24496,-0.26657,-0.17936,-0.10779,-0.12564,-0.18935,-0.13869,-0.054491,-0.070234,-0.05854,0.091598,0.24125,0.24679,0.19635,0.13051,0.091753,0.065004,0.017468,-0.10209,-0.27619,-0.29408,-0.20215,-0.15683,-0.1226,-0.1136,-0.11617,-0.10213,-0.085633,-0.058842,-0.023796,-0.048707,-0.091413,-0.089561,-0.084088,-0.080602,-0.084684,-0.099084,-0.11907,-0.13297,-0.14237,-0.15493,-0.15636,-0.080193,0.014011,0.031154,0.077704,0.14395,0.19259,0.2113,0.19513,0.20276,0.15876,0.073661,-0.020459,-0.0179,0.096395,0.17683,0.16698,0.18838,-0.024056,-0.31233,0.26631,0.4317
0.38028,0.40484,0.20724,-0.024121,-0.029784,-0.015314,-0.016246,-0.067934,-0.12989,-0.11466,-0.10305,-0.077766,-0.037578,-0.021072,-0.010695,-0.0031772,-0.0041243,-0.031753,-0.013491,0.065543,0.12487,0.13924,0.10948,0.050788,-0.0038985,-0.038753,-0.056065,-0.070718,-0.087202,-0.095281,-0.11364,-0.14667,-0.11215,-0.14651,-0.065853,0.0099303,-0.039905,-0.069593,-0.022651,0.048746,0.040644,0.0054397,-0.037844,-0.048062,-0.0097239,-0.037021,-0.018888,0.043494,0.073039,0.02049,-0.036926,-0.0086162,0.018991,0.045196,0.0090177,-0.094446,-0.13666,-0.048957,0.1206,0.13474,0.091399,-0.058034,-0.18873,-0.16524,-0.14835,-0.10825,-0.019145,0.084552,0.13161,0.15065,0.17295,0.20881,0.24268,0.26833,0.25243,0.14867,0.001233,-0.051466,-0.027243,0.0052518,0.04283,0.059568,0.028753,-0.008833,-0.011325,0.0075912,0.019772,-0.025689,-0.089267,-0.10577,-0.0051842,0.11465,0.16944,0.18007,0.054677,-0.03407,-0.10958,-0.28128,-0.14816,-0.02226,-0.006126,-0.033057,-0.094448,0.034301,0.16018,0.091151,0.041013,-0.057253,-0.1177,-0.056963,-0.018607,-0.047062,-0.059391,-0.037338,-0.018062,-0.028124,-0.036333,-0.026036,0.021312,0.05855,0.042306,0.015407,-0.011115,-0.0089996,0.0086608,0.026006,0.048802,0.085401,0.13582,0.092388,0.074645,0.26443,0.37068,0.42015,0.27556,0.12918,0.053439,0.0090714,0.0084637,0.01933,0.066596,0.088878,-0.018493,-0.091809,-0.059108,-0.068283,-0.085136,-0.0028222,0.081843,0.095794,0.15069,0.16099,0.12845,0.10944,0.069274,-0.029927,-0.15931,-0.1412,-0.017565,0.023138,0.037535,0.024809,0.064347,0.11179,0.13156,0.11892,0.018443,-0.063717,-0.068756,-0.066873,-0.085394,-0.10379,-0.10277,-0.10707,-0.1099,-0.096998,-0.062964,-0.049483,-0.060724,-0.079147,-0.10409,-0.119,-0.055839,0.034148,0.051582,0.039186,0.015489,0.0020993,-0.054102,-0.04597,0.014415,0.02737,0.053739,0.031138,-0.039739,-0.0071669,0.06493,-0.014592,-0.39236,-0.51912
0.039639,0.027357,-0.032455,0.0055747,0.044213,-0.0081314,-0.021835,0.016404,0.027678,0.00071056,-0.043877,-0.066187,-0.058244,-0.039778,-0.026608,-0.024712,-0.034013,-0.030917,-0.040648,-0.085313,-0.099142,-0.10463,-0.071744,-0.042783,-0.059718,-0.069461,-0.07955,-0.10286,-0.12465,-0.16106,-0.055879,-0.023087,-0.070267,-0.036849,0.0093068,0.13201,0.15874,0.10123,0.085518,0.067619,0.044436,0.017018,-0.033106,0.0078641,0.089498,0.013333,-0.023144,-0.012233,-0.0028979,0.017198,0.022609,0.01564,-0.0028518,0.0085594,0.040973,-0.038206,-0.14693,-0.063427,-0.02992,-0.022033,-0.016876,-0.035638,0.067645,0.10192,0.14749,0.1219,0.1343,0.16331,0.16718,0.12363,0.0073187,-0.10247,-0.13665,-0.12195,-0.066352,-0.015346,0.0093555,-0.023408,-0.064477,-0.039125,0.015977,0.048368,0.022328,-0.0077459,-0.0034397,0.01478,0.026762,0.050927,0.10388,0.13766,0.060784,-0.041034,-0.024775,-0.060667,-0.15509,-0.15408,-0.10021,-0.045011,-0.048493,-0.16537,0.20003,0.21314,0.095756,-0.032113,-0.0058369,0.0011448,0.0026118,0.053584,0.068161,0.060664,0.038144,3.6352e-05,-0.0042181,0.018534,0.038088,0.051522,0.067677,0.01735,-0.05305,-0.056354,-0.050647,-0.055195,-0.056928,-0.060118,-0.064696,-0.07877,-0.081936,-0.039709,-0.00011835,0.096158,0.044575,-0.21537,-0.2198,-0.16014,-0.10308,0.078428,0.22239,0.27931,0.26315,0.18479,0.10392,0.030883,-0.079387,-0.099053,-0.040899,-0.093991,-0.0087931,0.2281,0.15922,0.067439,0.043885,-0.066098,-0.1445,-0.12625,-0.10472,-0.034964,0.0091413,0.031105,0.056755,0.02451,-0.0085335,-0.032787,-0.032978,-0.026712,-0.00031497,0.051229,-0.011148,-0.072083,-0.061723,-0.046182,-0.011539,0.026804,0.040271,0.033005,0.036775,0.047781,0.043358,0.019544,0.003906,-0.0085585,-0.044584,-0.071279,-0.025723,0.039111,0.044729,0.033148,0.029991,0.058812,0.070557,0.035139,0.083157,0.059493,0.035979,0.042305,-0.096569,-0.12268,-0.038696,-0.077785,-0.42086,-0.4138
-0.0064499,0.068122,0.17078,0.13233,0.062591,0.042584,0.04505,0.10603,0.10749,0.0028387,-0.073939,-0.067429,-0.043819,-0.031384,-0.018294,-0.0087646,-0.014671,-0.017389,-0.030581,-0.071413,-0.075827,-0.070666,0.017292,0.10653,0.11529,0.027109,-0.094555,-0.15632,-0.14448,-0.086864,0.032905,-0.0070694,-0.03608,-0.017201,0.031223,0.012542,-0.062035,-0.090318,-0.088121,-0.0002136,0.040017,0.0018127,-0.0055964,0.074673,0.17158,0.10116,0.025521,-0.016862,-0.038843,-0.032325,-0.043028,-0.016118,0.032967,0.088468,0.11644,0.13418,0.11241,0.0058657,-0.061587,-0.0079297,-0.034255,-0.042222,-0.091967,-0.1395,-0.12359,-0.11403,-0.066256,-0.027687,-0.0035436,-0.013235,-0.034754,-0.0693,-0.091479,-0.086463,-0.072457,-0.061331,-0.052309,-0.03865,-0.031316,-0.027038,-0.013185,-0.009381,-0.022187,-0.040647,-0.050785,-0.031629,0.008342,-0.016186,-0.030315,0.11032,0.26437,0.24443,0.14015,-0.020363,-0.18594,-0.11628,0.11444,0.2388,0.058316,0.04694,-0.15952,-0.21601,-0.1905,0.020539,0.073154,0.057277,0.056724,0.15658,0.17341,0.10206,0.035915,-0.0057623,0.00037907,0.018199,0.035753,0.05139,0.068525,0.015871,-0.056274,-0.059946,-0.057253,-0.066816,-0.096614,-0.14051,-0.16514,-0.14394,-0.099111,-0.046526,-0.037836,-0.019958,-0.19931,-0.35041,-0.21301,-0.12289,0.023135,0.18295,0.22002,0.18339,0.11164,0.033339,0.049079,0.060065,0.017014,0.058525,0.13987,0.085335,-0.02579,-0.07491,-0.14227,-0.27882,-0.27787,-0.016498,0.30343,0.38914,0.38587,0.40791,0.28549,0.074433,-0.043315,-0.092206,-0.12712,-0.097987,-0.029749,0.061925,0.10097,0.11303,0.09201,0.023767,-0.036988,-0.030906,-0.021942,-0.024016,-0.031135,-0.03405,-0.039314,-0.039011,-0.036468,-0.039711,-0.040341,-0.040682,-0.049518,-0.052623,-0.026369,0.025635,0.086577,0.11891,0.088368,0.040341,0.018517,0.11605,0.15195,0.081621,0.088058,0.04893,-0.027061,-0.038869,-0.013015,0.11697,-0.040415,-0.09848
-0.058675,0.027963,0.13478,0.12519,0.064918,0.024211,-0.0023746,0.011472,0.041327,0.086008,0.080888,0.023892,-0.029293,-0.038978,-0.0013294,0.042257,0.05395,0.023661,-0.024213,-0.070746,-0.055078,0.0070521,0.032679,0.043051,0.037884,0.012457,-0.0058088,-0.009797,-0.037122,-0.092397,-0.13805,-0.13749,-0.10369,-0.076782,-0.11554,0.039854,0.13585,0.094046,0.098684,0.072447,0.024811,-0.014706,-0.06618,-0.1061,-0.10711,-0.1299,-0.085347,-0.023673,-0.013313,0.031446,0.08777,0.09491,0.070835,0.01873,-0.0571,0.0036593,0.065684,-0.034722,-0.11164,-0.078557,-0.071585,-0.0048148,0.070117,0.0894,0.075261,-0.012608,-0.080911,-0.1079,-0.099974,-0.026289,0.031448,0.025122,-0.021748,-0.07021,-0.068421,-0.034838,0.015369,0.059723,0.093642,0.11807,0.13097,0.11304,0.036817,-0.026875,-0.024767,0.011131,0.042914,0.018325,0.012879,-0.015674,-0.071387,0.0091507,0.11715,0.032812,-0.14412,-0.24645,-0.35463,-0.32947,-0.23128,-0.21638,0.11274,0.0452,-0.036779,0.006863,0.040236,-0.0056312,-0.046495,-0.00095759,0.036898,0.075706,0.13944,0.093816,-0.015026,-0.011062,0.018337,0.049109,0.057191,0.049523,0.042095,0.036343,0.03782,0.019321,-0.014661,-0.043399,-0.054797,-0.041685,-0.019432,0.012245,-0.099601,-0.20303,-0.081576,0.031386,0.21985,0.2615,0.099931,0.15917,0.27699,0.28288,0.1973,0.09134,0.010814,-0.046204,-0.13083,-0.20798,-0.20147,-0.21493,-0.12641,0.10458,0.18778,0.19106,0.14394,-0.026986,-0.15339,-0.17557,-0.25889,-0.26038,-0.096625,-8.0008e-05,-0.062078,-0.11309,-0.14378,-0.12706,-0.14389,-0.14118,-0.092775,-0.042172,-0.0083158,0.024515,0.02507,0.02177,0.030164,0.035154,0.050654,0.065979,0.064708,0.054363,0.038175,0.019585,-0.025342,-0.068885,-0.082012,-0.081118,-0.010694,0.1085,0.18619,0.21473,0.1583,0.094368,0.070427,0.00012872,-0.092125,-0.043959,0.082203,0.069767,-0.10983,-0.18261,-0.12415,-0.05956,0.15634,0.10693
-0.035788,-0.12457,-0.17862,-0.0025524,0.12173,0.056464,-0.0017838,0.074095,0.1778,0.062481,-0.075939,-0.10268,-0.081845,-0.044413,-0.019971,-0.001184,-0.020288,-0.098146,-0.17492,-0.22761,-0.27395,-0.25024,-0.21438,-0.15212,-0.094159,-0.076171,-0.039374,-0.027568,-0.016402,-0.043373,-0.032173,-0.03838,0.053153,0.090147,0.014652,0.1015,0.15977,0.12829,0.1261,0.075832,0.0071815,-0.014092,0.012989,0.086771,0.13107,0.056078,0.0010829,-0.010861,-0.00088457,0.013523,0.0097763,-0.004843,-0.0087706,0.043118,0.077398,0.096354,0.13034,0.20513,0.15371,0.045727,0.027051,-0.054756,-0.16689,-0.31144,-0.32753,-0.32968,-0.27161,-0.13231,-0.024048,-0.019378,-0.029793,-0.055334,-0.09026,-0.11461,-0.11584,-0.10837,-0.085454,-0.078544,-0.054369,0.0035537,0.057879,0.041508,-0.018883,-0.050865,-0.055342,-0.027884,0.014557,0.034788,0.074864,0.19098,0.25421,0.17056,0.10053,0.014107,-0.093895,-0.023527,0.04426,-0.045959,-0.081284,-0.025346,0.088586,0.17298,0.048965,-0.13563,-0.12942,-0.13686,-0.050326,0.11483,0.19951,0.12843,0.026321,0.01643,0.025362,0.0061037,0.028628,0.048665,0.061569,0.053509,-0.032263,-0.10841,-0.092754,-0.074866,-0.076681,-0.092042,-0.10873,-0.10998,-0.10924,-0.084785,-0.13389,-0.12621,-0.13873,-0.049904,0.14281,0.15949,0.11744,0.16253,0.22213,0.18389,0.085144,-0.016104,-0.083744,-0.075834,-0.026983,0.053246,0.092131,0.092363,0.089948,0.015361,-0.10854,-0.22782,-0.22779,-0.21235,-0.18418,-0.07414,-0.0033092,-0.054922,-0.18632,-0.21035,-0.073652,0.035905,0.017409,0.012538,0.0077351,0.0726,0.16277,0.18135,0.1188,0.078517,0.082319,0.079722,0.082828,0.093994,0.11035,0.12319,0.1281,0.13402,0.13215,0.078437,0.01462,-0.01887,-0.05453,-0.061351,-0.011468,0.061203,0.11953,0.13749,0.092179,0.035904,0.021077,0.04126,0.074156,0.057567,0.070683,0.020974,-0.076933,-0.06699,-0.022041,0.041758,0.0034903,-0.062767
-0.18385,-0.11556,-0.010649,0.02418,0.020119,0.024546,0.0078703,-0.01196,0.011288,0.030202,0.022602,0.023348,0.029004,0.033696,0.050271,0.066017,0.063235,0.026866,-0.037649,-0.081165,-0.10421,-0.11768,-0.031249,0.053291,0.055138,0.038435,0.016207,0.0028568,-0.027908,-0.062816,-0.10093,-0.080772,-0.021135,0.069209,0.081252,0.00042132,-0.057888,-0.076187,-0.022727,0.044456,0.034682,-0.012881,-0.086566,-0.12144,-0.04942,-0.045245,-0.053121,-0.027041,-0.0052814,0.051951,0.099319,0.080413,0.054037,0.056089,-0.062317,-0.19065,-0.18063,-0.1228,0.0046291,0.0044213,-0.0058174,-0.024986,-0.025272,-0.019694,-0.062472,-0.036014,0.038655,0.11016,0.12787,0.17081,0.22798,0.25411,0.22119,0.15543,0.078205,-0.0098163,-0.070259,-0.075762,-0.062524,-0.029541,0.020054,0.057738,0.076421,0.057499,0.046734,0.069343,-0.066257,-0.099282,-0.02086,-0.010606,0.012722,0.0029845,0.038957,0.066723,0.0087819,-0.071514,-0.1372,-0.082562,0.067135,-0.012677,-0.0048201,-0.05854,-0.053754,0.073548,0.024922,-0.032087,-0.056963,-0.049272,-0.0014776,0.034744,0.050251,0.030815,0.012034,0.022021,0.037562,0.052683,0.028824,-0.0072138,-0.017983,-0.020744,-0.016377,-0.024524,-0.038257,-0.060199,-0.070949,-0.059002,-0.061136,-0.056028,-0.0017037,-0.011913,0.012595,0.13712,0.21568,0.29195,0.28041,0.27572,0.21978,0.13661,0.066533,0.04976,0.084423,0.067776,-0.076462,-0.20001,-0.16387,-0.15321,-0.10195,0.068146,0.096933,0.010621,-0.0051257,0.043749,0.033828,-0.015096,-0.03609,-0.11513,-0.28449,-0.30364,-0.21441,-0.13351,-0.043526,-0.010166,0.011847,-0.0042842,-0.0022167,0.011946,-0.0048116,-0.012316,-0.0057245,-0.055273,-0.096513,-0.088825,-0.088244,-0.091079,-0.08429,-0.030223,0.028074,0.035005,0.031693,0.014375,-0.018308,-0.047579,-0.064272,0.0014236,0.086227,0.06218,0.10035,0.078767,0.077153,0.077613,0.036634,0.059174,0.17929,0.13721,0.017651,0.052253,-0.10828,-0.31004,0.32794,0.52075
0.059169,0.088586,0.085841,0.065654,0.051039,0.010633,-0.0097376,0.029245,0.08154,0.086989,0.014506,-0.042159,-0.039753,-0.04225,-0.060371,-0.08122,-0.1101,-0.14786,-0.1283,-0.078106,-0.08281,-0.056271,-0.057242,-0.097862,-0.12572,-0.14335,-0.1379,-0.098498,-0.082712,-0.077493,-0.087873,-0.2571,-0.28915,-0.070215,0.012666,-0.040653,0.027499,0.088943,0.097353,0.1015,0.061963,0.0075244,0.01291,0.091213,0.1397,0.025757,-0.037057,0.014073,0.018865,0.035273,0.038364,0.029458,0.052937,0.092244,0.12358,0.16657,0.20288,0.073203,-0.045536,-0.007715,-0.057534,0.14966,-0.097841,-0.33876,-0.40852,-0.41604,-0.35901,-0.25407,-0.10733,0.022391,0.102,0.15418,0.15073,0.053652,-0.044403,-0.068366,-0.06422,-0.024354,0.024689,0.08595,0.14058,0.16594,0.1531,0.14216,0.079822,0.051896,0.12982,0.084907,0.0010507,-0.020555,-0.05054,-0.072883,-0.043322,-0.028203,-0.11002,-0.22005,-0.30499,-0.31835,-0.15822,-0.26341,0.23957,0.21801,0.11962,0.037956,0.0054293,-0.015393,-0.0018853,0.059593,0.10096,0.11009,0.13634,0.1442,0.079668,0.036799,0.039509,0.042274,0.050506,0.059225,0.028259,-0.0038984,0.0044958,0.0010003,-0.017194,-0.028239,-0.050925,-0.062276,-0.047287,-0.034711,-0.0010653,-0.037472,-0.051243,-0.5253,-0.63614,-0.28887,0.11027,0.10136,0.27819,0.40044,0.33472,0.16128,-0.068245,-0.20186,-0.24836,-0.14161,-0.019951,-0.070267,-0.11505,0.030066,0.14801,0.065285,-0.067751,-0.14586,-0.067885,0.067349,0.16734,0.20568,0.11736,0.033217,0.049646,0.10487,0.11871,0.15708,0.068697,0.13739,0.28098,0.28618,0.18833,0.070238,-0.020696,-0.063574,-0.077237,-0.078884,-0.076032,-0.021393,0.046509,0.060144,0.0645,0.047634,0.023201,0.013074,0.0034228,-0.020959,-0.01377,-0.020252,0.036314,0.10142,0.0030753,-0.0082551,-0.014156,-0.064716,-0.041674,-0.0056727,0.050835,-0.026231,-0.18018,-0.14326,-0.12411,-0.32921,-0.43829,-0.3896
0.21988,0.21692,0.15426,0.0016598,-0.053128,-0.027324,-0.063079,-0.1196,-0.14651,-0.11664,-0.0050759,0.11755,0.1404,0.15182,0.1456,0.12883,0.096533,0.035268,0.01493,0.053616,0.071417,0.052977,-0.0039325,-0.071147,-0.15176,-0.29142,-0.44856,-0.49162,-0.23663,0.055295,0.11112,0.11003,0.12512,0.087874,-0.0063186,-0.068049,0.002335,0.07318,0.051371,0.052424,0.029276,-0.028903,-0.096551,-0.17462,-0.13439,-0.079729,-0.043585,-0.031687,-0.045056,-0.023705,-0.015856,0.0051093,-0.037994,-0.15518,-0.24001,-0.2646,-0.25418,-0.1657,0.014874,0.096942,0.068593,0.049574,-0.081773,-0.2535,-0.33078,-0.34107,-0.22567,-0.0027735,0.15479,0.20539,0.23451,0.26568,0.2897,0.29283,0.28384,0.25189,0.17488,0.084158,0.034395,0.019786,0.0013825,0.010401,-0.00083552,-0.0018884,0.031042,-0.042071,-0.023334,0.084779,0.09271,0.072,0.0032082,-0.12353,-0.16947,-0.092656,0.12466,0.33965,0.27654,0.10786,0.13016,0.16793,-0.076623,-0.090467,-0.12304,-0.014739,0.12571,0.12066,0.014159,-0.049251,-0.044587,0.021031,0.034938,0.033846,0.077358,0.085473,0.08956,0.051854,0.016036,0.014743,0.033168,0.051411,0.043905,0.032169,0.043718,0.062735,0.068872,0.087859,0.10164,0.11963,0.057222,-0.078949,-0.031914,0.12529,0.3032,0.30958,0.16449,0.038399,0.04322,0.080418,0.079397,0.073756,0.078232,0.031559,-0.09094,-0.11166,-0.1243,-0.20633,-0.25872,-0.18007,0.0038416,0.051285,0.14169,0.16363,0.065833,-0.027829,-0.11998,-0.27677,-0.43394,-0.40895,-0.26165,-0.17729,-0.14678,-0.14318,-0.12036,0.039342,0.21906,0.25056,0.11745,-0.026164,-0.070159,-0.069252,-0.062822,-0.078938,-0.10049,-0.10873,-0.12095,-0.1265,-0.11775,-0.025223,0.0757,0.087893,0.11013,0.11115,0.11376,0.10683,0.060983,0.096005,0.1457,0.1567,0.088315,0.004522,-0.013431,-0.043845,-0.029011,0.027081,0.036563,0.067754,0.097832,0.045065,-0.28263,-0.26528
0.1662,0.20613,0.19696,0.088713,0.009063,-0.051641,-0.10852,-0.085517,-0.048109,-0.056436,-0.021015,0.043161,0.055924,0.055745,0.067245,0.07778,0.074647,0.047868,0.021258,0.024146,0.04485,0.066336,0.051806,0.017027,0.0095498,0.028288,0.056979,0.074768,0.074112,0.07414,0.074453,0.0013934,-0.042096,-0.074087,-0.16396,-0.22591,-0.174,-0.11658,-0.14419,-0.048815,0.011477,-0.042753,-0.091156,-0.071939,-0.037813,-0.10261,-0.072099,-0.045171,-0.063626,-0.04622,-0.03731,-0.0134,-0.065891,-0.12407,-0.10691,-0.10026,-0.092577,-0.046152,-0.021535,-0.029175,-0.01009,-0.085661,-0.053582,-0.023089,-0.0030962,0.023007,0.077368,0.13902,0.17605,0.18813,0.1782,0.162,0.17097,0.20959,0.24514,0.25234,0.21784,0.15309,0.089575,0.062842,0.063006,0.052477,0.031247,0.016451,0.031747,0.062453,0.058266,0.061773,0.073976,0.069334,0.069406,0.062184,0.12546,0.15681,-0.013003,-0.022991,0.023523,-0.028457,-0.025844,-0.010515,-0.045098,-0.079804,-0.10898,-0.0073427,0.098132,0.11282,0.045407,0.030725,0.036346,0.046013,0.057386,0.048489,0.043828,0.049899,0.062014,0.074134,0.088909,0.086234,0.069018,0.059614,0.051407,0.031585,0.015311,0.008827,-0.0023263,-0.0080768,-0.007545,0.010981,-0.022308,-0.055272,0.0037749,0.14778,0.30559,0.36133,0.21952,0.043381,-0.055411,-0.1073,-0.11081,-0.094529,-0.026497,-0.011627,-0.10072,-0.11093,-0.06892,-0.11434,-0.13321,-0.050095,0.0075179,-0.00063184,0.093706,0.18547,0.22371,0.23406,0.19268,0.04767,-0.1482,-0.21528,-0.15469,-0.11398,-0.10517,-0.087845,-0.067911,-0.066844,-0.058241,-0.036227,-0.085648,-0.12883,-0.12252,-0.11503,-0.10545,-0.097176,-0.096541,-0.10535,-0.11775,-0.12573,-0.12546,-0.11969,-0.097515,-0.082477,-0.088268,-0.086909,-0.068289,0.018606,0.095041,0.053607,0.051563,0.071828,0.033242,-0.030747,-0.010827,0.013291,0.074248,0.15556,0.13152,0.1693,0.10002,0.033241,-0.2429,-0.4021
0.0043346,0.010146,0.01558,0.021297,0.0063301,-0.040247,-0.091917,-0.08499,-0.068602,-0.084468,-0.013864,0.071507,0.057912,0.058213,0.075127,0.092881,0.094136,0.081016,0.058563,0.028125,-0.010666,-0.058728,-0.091991,-0.074491,-0.021356,0.033613,0.074875,0.08865,0.065367,0.023701,0.017139,0.026526,0.091243,0.078837,-0.013807,-0.031754,-0.037814,-0.070304,-0.098865,-0.089797,-0.032518,-0.047612,-0.11551,-0.083268,-0.0098325,0.020403,0.053821,0.060641,0.043003,0.020264,0.025336,-0.00030278,-0.041472,-0.047864,-0.025065,-0.080165,-0.17091,-0.10777,-0.08563,-0.060598,-0.028911,-0.031694,-0.018969,-0.063923,-0.055136,-0.077175,-0.078641,-0.093506,-0.10811,-0.11351,-0.10786,-0.10307,-0.11261,-0.122,-0.11126,-0.0033917,0.20162,0.36634,0.41108,0.31663,0.17183,0.10674,0.10817,0.094227,0.099005,-0.013402,-0.15874,-0.12976,-0.075349,-0.098949,-0.042992,0.05969,0.16592,0.18389,0.09377,0.07521,0.11143,0.088006,-0.022006,-0.044585,0.074683,0.070519,0.059562,0.095251,0.11533,0.13719,0.092016,0.041353,0.023094,0.032751,0.022875,0.021108,0.053486,0.059978,0.073616,0.08799,0.079274,0.063039,0.057009,0.049311,0.071421,0.087761,0.06926,0.044567,0.018829,0.001589,-0.031648,-0.04019,0.0071942,0.11002,0.14775,0.25892,0.42231,0.35443,0.15955,-0.054168,-0.18848,-0.24282,-0.2173,-0.11175,-0.035307,-0.092382,-0.19589,-0.14429,-0.038542,-0.0089012,-0.040852,-0.13407,-0.10175,-0.057755,-0.074541,-0.087024,-0.12886,-0.13686,-0.13008,-0.064342,-0.065253,-0.095002,-0.063334,-0.048879,-0.036045,-0.030358,-0.050346,-0.047225,-0.0033526,-0.0092216,-0.034922,-0.011706,-0.00076796,0.0013649,-0.0024129,-0.0040864,0.00064804,0.0051404,0.0030656,-0.031143,-0.081717,-0.11172,-0.1265,-0.12751,-0.044118,0.043751,0.047953,0.077773,0.072559,0.055949,0.052305,0.015903,-0.034995,-0.081615,-0.077637,-0.054219,0.028729,0.043835,-0.061066,-0.06045,0.024539,0.059434,0.037616,0.099068
0.15783,0.056011,-0.098869,-0.11033,-0.075479,-0.07354,-0.069139,-0.07257,-0.09857,-0.094501,-0.047992,0.022025,0.037814,0.047661,0.075638,0.099465,0.10073,0.077744,0.036812,-0.0083554,-0.023199,0.02865,0.11818,0.17799,0.17032,0.12051,0.071581,0.037583,0.028191,0.034167,0.031172,0.038487,0.093911,0.063779,-0.022357,-0.080103,-0.12582,-0.15442,-0.18084,-0.042388,0.020151,-0.072358,-0.045245,-0.006012,-0.016476,-0.062136,-0.059161,-0.044888,-0.064726,-0.04219,-0.029584,-0.015419,-0.022818,-0.053349,-0.094789,-0.11466,-0.031639,-0.091713,-0.19528,-0.05608,-0.026612,0.078456,0.10532,0.08628,0.088622,0.036067,0.010912,0.002816,-0.0034886,-0.011787,-0.014133,-0.0047339,0.0077122,0.00033738,-0.010123,0.0054241,0.030322,0.070599,0.099642,0.096901,0.072077,0.0032484,-0.033994,-0.020432,-0.010219,0.0013895,-0.048314,-0.029574,0.045195,0.058406,-0.0018054,-0.048435,0.086966,0.235,0.20067,0.054183,-0.036702,0.071072,0.075423,0.12578,-0.002471,0.13818,0.19044,0.0274,0.020915,0.069169,-0.014763,-0.088785,-0.081951,-0.033399,0.019732,0.043342,0.04131,0.051906,0.070385,0.086943,0.1028,0.1099,0.1021,0.092654,0.086397,0.060054,0.001073,-0.056861,-0.071789,-0.044115,-0.0030527,0.04333,0.085154,0.051044,0.016376,0.1612,0.27766,0.25556,0.13812,0.023229,-0.067337,-0.10824,-0.091435,-0.074328,-0.093416,-0.15174,-0.22896,-0.20847,-0.13135,-0.11931,-0.1235,-0.019482,0.10374,0.018567,-0.0030611,0.040328,-0.0020919,-0.098429,-0.20899,-0.35438,-0.39008,-0.19317,0.031422,0.084389,0.054515,0.056441,-0.056065,-0.13578,-0.094911,-0.062833,-0.050734,-0.024787,-0.014373,-0.0081918,-0.0048902,-0.0052837,-0.008366,-0.0089228,-0.0080763,-0.011444,-0.016881,-0.033344,-0.047017,-0.047975,-0.037872,-0.0092257,0.011926,0.0032651,-0.014152,-0.036107,-0.017733,-0.046376,-0.0724,-0.08902,-0.064566,-0.031267,0.066637,0.11448,0.047674,0.073814,0.050154,0.12208,0.39629,0.17759
-0.030453,-0.051484,0.052925,0.15393,0.041439,0.0018615,0.0076387,0.019738,0.070117,0.095164,0.016674,-0.10738,-0.16778,-0.16347,-0.14444,-0.14361,-0.15973,-0.10283,0.00037121,0.035652,0.12369,0.22082,0.24281,0.20114,0.10465,-0.0036696,-0.052408,-0.053878,-0.056423,-0.070897,-0.10402,-0.1308,-0.38611,-0.22852,0.014505,0.00077092,-0.035389,-0.072892,0.016651,0.079877,0.015647,-0.055851,-0.081234,0.046138,0.18562,0.11812,0.032828,0.034322,0.070392,0.02914,-0.019296,-0.021613,-0.033619,0.030759,0.10231,0.15239,0.19197,0.078589,-0.013289,0.069434,0.12153,-0.051516,-0.3062,-0.33456,-0.30319,-0.18583,-0.070665,-0.067579,-0.054262,-0.051529,-0.067146,-0.095694,-0.12528,-0.13341,-0.16127,-0.17535,-0.14862,-0.10781,-0.05707,0.00038689,0.040958,0.050622,0.055548,0.04524,0.04135,0.059592,0.047788,0.063108,0.084776,0.09237,0.11148,0.080336,0.069272,0.036659,-0.041381,-0.16898,-0.25753,-0.14156,0.062812,0.0038377,0.047905,0.072071,-0.020102,-0.11017,-0.045976,-0.0083025,0.0043386,0.03095,0.072231,0.093783,0.060964,-0.027536,-0.077377,-0.057488,-0.026609,-0.0080263,0.0077857,0.0015665,-0.014794,-0.011821,0.0098512,-0.014775,-0.078472,-0.096348,-0.061131,-0.018249,0.0051078,0.035046,0.0783,0.037018,0.024694,-0.3106,-0.62935,-0.6179,-0.35569,-0.093654,-0.041004,0.035432,0.13169,0.17427,0.11471,-0.0074661,-0.082389,0.020415,0.14411,0.097162,-0.038244,-0.10509,0.0023742,0.13019,0.13077,-0.04344,-0.14122,-0.020887,0.11488,0.16365,0.13956,0.10652,0.1109,0.080158,0.022569,-0.011507,0.090389,0.20142,0.196,0.094386,0.027894,0.037246,0.033145,0.033281,0.039336,0.051532,0.065224,0.06995,0.04182,0.014352,0.0099551,-0.007798,-0.033776,-0.049427,-0.058407,-0.069634,-0.078873,-0.031493,0.030399,0.0080071,0.039613,0.098577,0.070188,0.0078756,0.03156,0.041932,0.075758,0.077861,0.020722,0.046858,-0.14891,-0.43327,0.1827,0.38713
-0.11634,-0.062506,-0.048792,-0.038564,0.0015014,-0.011777,0.019015,0.10473,0.097515,0.043873,-0.0059393,-0.0012883,0.020557,0.0048502,-0.022901,-0.047148,-0.029066,0.0026834,-0.0042493,0.01306,0.0012003,-0.05151,-0.099752,-0.11551,-0.095917,-0.076189,-0.065123,-0.090219,-0.12767,-0.12331,-0.059532,-0.033962,-0.027193,-0.089886,0.066053,0.1566,0.11281,0.12905,0.13623,0.091113,0.023323,-0.039525,-0.094852,-0.04345,0.026493,-0.019819,-0.014141,0.04295,0.05748,-0.012321,-0.064788,-0.018827,0.0066783,0.0068157,-0.025271,-0.074598,-0.11258,-0.075191,0.071566,0.10926,0.049198,0.050589,0.046653,0.065502,0.051396,0.010397,-0.013934,-0.036562,-0.053135,-0.066909,-0.087002,-0.10752,-0.11873,-0.11442,-0.1248,-0.13396,-0.12041,-0.1395,-0.15826,-0.14235,-0.11347,-0.078152,-0.031186,0.0024811,0.013017,0.022301,0.016504,0.030808,0.076012,0.094603,0.099355,0.069861,0.1046,0.089052,-0.060959,-0.099077,-0.076794,-0.0901,-0.08912,-0.18914,0.30996,0.26814,0.089447,0.010711,0.037518,-0.012799,0.070542,0.15446,0.11886,0.08081,0.05328,0.02143,0.011719,0.013562,0.011533,0.012531,-0.0019626,-0.015548,-0.012662,0.014693,0.039654,0.032578,0.017865,0.0018597,-0.011565,-0.011478,0.0019157,-0.0037302,-0.0081289,0.038806,-0.0049943,0.0016332,0.12676,0.11052,0.2584,0.39426,0.3485,0.15367,-0.0044014,-0.061433,-0.0090653,-0.01394,-0.11882,-0.092988,-0.020304,-0.046956,-0.074886,0.036113,0.19391,0.24585,0.26591,0.20336,0.10671,0.016841,-0.11173,-0.32128,-0.54466,-0.57409,-0.45435,-0.26838,-0.11015,-0.10356,-0.10624,-0.090867,-0.045228,0.012588,0.049847,0.079506,0.092292,0.098643,0.10636,0.11543,0.1217,0.12113,0.10657,0.09801,0.1024,0.07641,0.053367,0.053792,0.042277,0.017404,0.00092961,-0.0080776,-0.022853,-0.036047,-0.039022,0.0046889,0.030532,-0.0058468,-0.026757,-0.047036,0.0038061,0.012937,-0.062305,-0.012279,-0.030663,-0.14488,-0.36227,-0.38716
0.11826,0.13576,0.12646,0.048286,0.033348,0.041984,0.0034301,-0.038861,-0.04051,-0.037145,-0.042019,-0.014027,0.004631,-0.0054959,-0.014243,0.011266,0.041104,0.019953,0.02061,0.10155,0.2055,0.2501,0.21714,0.1249,0.042714,-0.0035465,-0.033491,-0.056672,-0.057044,-0.0409,-0.058404,-0.0020904,0.10457,0.079397,-0.0081746,-0.070959,-0.073838,-0.063316,-0.09008,-0.14776,-0.07773,-0.023643,-0.10523,-0.14663,-0.11097,-0.080771,-0.01596,-0.0084072,-0.022928,-0.029058,-0.032779,-0.0045956,0.011716,0.010748,-0.13239,-0.28857,-0.27105,-0.22832,-0.10103,-0.071228,-0.045384,-0.021695,0.02578,0.1337,0.1639,0.14987,0.13605,0.13699,0.15202,0.19288,0.27454,0.37999,0.37929,0.23896,0.11885,0.092274,0.099409,0.10109,0.083323,0.05308,0.037049,-0.031508,-0.069651,-0.039158,-0.009341,-0.057466,-0.12771,-0.10057,-0.057839,-0.11191,-0.19472,-0.17127,0.069626,0.27281,0.21272,0.052935,-0.045746,-0.045795,-0.10147,-0.15281,-0.19868,-0.21937,-0.11895,0.18236,0.24337,0.14113,-0.016207,-0.011556,0.052263,0.076529,0.061809,0.0064779,-0.021412,-0.01627,-0.008859,-0.013966,-0.011648,0.00033509,0.036179,0.056666,0.020561,-0.023134,-0.050765,-0.031228,0.0017608,0.024896,0.052632,0.091188,0.12945,0.06472,0.035708,0.19968,0.31726,0.3164,0.15911,0.020998,-0.020914,-0.021794,-0.026514,0.021382,0.0093058,-0.069038,-0.18926,-0.25016,-0.20792,-0.17503,0.0091688,0.3155,0.31298,0.19919,0.16544,0.17115,0.11104,0.023162,0.0039554,-0.049749,-0.20636,-0.23573,-0.13967,-0.094608,-0.053912,-0.064696,-0.10135,-0.11009,-0.087496,-0.043278,-0.028153,-0.021005,-0.010839,-0.16111,-0.28378,-0.26741,-0.26473,-0.27633,-0.16958,-0.04528,-0.046229,-0.049405,-0.017643,0.027685,0.042233,0.076598,0.10188,0.081881,0.04438,0.04967,0.037821,-0.07822,-0.14203,-0.088801,-0.09246,-0.097237,0.062821,0.1304,0.05722,0.1471,0.1211,0.072035,0.41075,0.33968
-0.22557,-0.041087,0.10026,-0.012871,-0.039286,-0.03066,-0.07655,-0.14019,-0.15097,-0.050781,0.038528,0.01731,0.037503,0.087425,0.17215,0.26327,0.30198,0.26862,0.18193,0.079725,-0.0031017,-0.036327,-0.025987,0.061026,0.13138,0.099776,0.022209,-0.038962,-0.019908,0.01706,-0.012491,-0.055153,-0.021695,-0.049721,-0.13194,-0.1901,-0.075876,0.029316,0.0021403,-0.062152,-0.13347,-0.16796,-0.10567,-0.0080051,0.03624,-0.026626,-0.084824,-0.016985,0.023957,0.032087,0.032184,0.043162,0.086049,0.12842,0.12743,-0.045974,-0.23809,-0.18494,-0.078434,0.053306,0.087859,0.10146,0.18643,0.21208,0.25759,0.25425,0.24837,0.23908,0.2433,0.24528,0.23488,0.22817,0.24475,0.27864,0.2882,0.24381,0.15809,0.088353,0.077993,0.081674,0.060858,0.023558,-0.031737,-0.060734,-0.053005,-0.031552,-0.014255,-0.0044826,-0.010802,-0.063138,-0.14123,-0.21241,-1.0844,-1.0464,0.58977,0.82429,0.42779,-0.14333,0.099429,0.1675,-0.067603,-0.19137,-0.1812,0.12746,0.19298,0.13731,0.044067,-0.0079778,0.0054568,-0.054854,-0.10061,-0.017197,0.033642,0.085206,0.13453,0.15192,0.1647,0.16631,0.15225,0.11439,0.084327,0.072078,0.043359,0.014957,-0.0043706,0.0125,0.062627,0.11538,0.13976,0.070257,0.070026,0.30996,0.49278,0.52099,0.33001,0.13179,0.010287,-0.070587,-0.11301,-0.072535,0.03687,0.090764,-0.018547,-0.00065139,0.10815,0.060405,-0.042394,0.048893,0.23767,0.26803,0.24691,0.24361,0.27252,0.28029,0.15009,-0.044848,-0.22026,-0.2484,-0.17606,-0.1285,-0.098792,-0.072346,-0.12667,-0.17239,-0.15399,-0.11362,-0.074847,-0.10497,-0.14837,-0.13739,-0.12687,-0.11858,-0.12691,-0.14336,-0.15326,-0.15693,-0.14952,-0.14226,-0.12051,-0.098707,-0.090861,-0.071247,-0.014534,0.043466,0.063751,0.067387,0.068376,0.070561,0.027755,-0.06155,-0.114,-0.13841,-0.8218,-0.92067,0.0303,0.2031,0.13956,-0.12195,-0.24736,-0.20447
-0.1402,-0.10853,-0.037788,0.0098847,0.0066231,-0.0095956,-0.045061,-0.029779,0.041074,0.1056,0.089749,0.054866,0.053236,0.045064,0.047839,0.047628,0.054509,0.044698,-0.0069379,-0.044619,-0.072035,-0.094035,-0.058266,-0.024145,-0.027616,-0.029549,-0.036496,-0.036845,-0.048009,-0.06132,-0.08683,-0.050701,-0.16374,-0.1102,0.15603,0.18236,0.079755,0.034823,0.039506,-0.016189,-0.037278,-0.024285,-0.025105,0.0068697,0.0066967,-0.12016,-0.16122,-0.088209,-0.037878,0.0054246,0.02642,0.019695,-0.0031504,0.0015558,0.024186,0.051213,0.062994,0.12454,0.11012,0.034213,-0.00074851,-0.078267,-0.024757,-0.026691,-0.10045,-0.21776,-0.21636,-0.18545,-0.14421,-0.1261,-0.13476,-0.13695,-0.11251,-0.070881,-0.035902,-0.0093779,0.012693,0.027497,0.039947,0.03604,0.02854,0.035285,-0.0010959,-0.029068,-0.013742,0.012294,0.038043,0.063397,0.068483,0.083405,0.15587,0.22993,0.31135,0.25355,0.02713,-0.14862,-0.30802,-0.33785,-0.1973,-0.11355,0.17935,0.15836,0.049418,-0.041234,-0.037572,-0.01463,-0.0076517,0.027764,0.07418,0.12285,0.17988,0.13255,0.036862,0.040508,0.050579,0.060416,0.03861,0.0092119,0.0016328,-0.0031719,-0.0018871,-0.0087401,-0.0086712,-0.011281,-0.020917,-0.015645,-0.024279,-0.024575,0.020562,-0.014449,-0.024174,-0.31852,-0.5506,-0.47108,-0.071014,0.29798,0.32159,0.16121,0.034045,-0.0080846,-0.04898,-0.074645,-0.079054,-0.041996,-0.02319,-0.056618,-0.076541,-0.046902,-0.0040803,-0.046444,-0.083677,-0.1073,-0.10689,-0.061865,-0.064492,-0.1487,-0.17549,-0.046988,0.055271,0.07209,0.025619,0.0054361,0.022522,0.050387,0.039661,0.049178,0.06226,0.0463,0.01657,0.018789,0.037237,0.038101,0.028004,0.037105,0.050796,0.044266,0.04127,0.037212,0.0318,0.034971,0.043379,0.03986,0.052981,0.070082,0.07507,0.076873,0.094036,0.062966,-0.012611,-0.05642,-0.075448,-0.0020711,0.14054,0.1341,-0.044768,-0.12095,-0.074809,-0.046262,0.20307,0.15599
0.074352,0.035202,-0.031837,-0.0061306,0.0082237,-0.02061,-0.03665,-0.039305,-0.0077219,0.075446,0.1218,0.13997,0.16345,0.15788,0.1447,0.12547,0.11047,0.070943,-0.010597,-0.11978,-0.26169,-0.36718,-0.37049,-0.22743,-0.065189,-0.012826,-0.012274,0.011723,0.0085542,-0.0092399,-0.045035,-0.057014,-0.024342,0.016927,0.0016181,-0.04765,-0.001849,0.041183,0.015971,0.033164,0.013062,-0.054893,-0.090968,0.035006,0.23815,0.22892,0.083509,0.0010538,-0.011272,-0.025741,-0.017207,0.0039053,-0.0021169,-0.039111,-0.05991,-0.037686,0.039923,-0.00063776,-0.064928,-0.023099,-0.049497,-0.021774,0.040656,0.075584,0.0036723,-0.10509,-0.10226,-0.079433,-0.052702,-0.061243,-0.088286,-0.097301,-0.068855,-0.018576,0.02557,0.060734,0.076321,0.074686,0.070677,0.032833,0.00024745,0.0064992,-0.012526,-0.024924,-0.010408,0.011589,0.035022,0.11166,0.098932,0.073458,0.16074,0.19171,0.31283,0.29887,-0.076033,-0.31231,-0.29787,-0.24689,-0.16019,-0.06105,0.0042363,0.024703,-0.10661,-0.13402,0.068529,0.048153,-0.04963,-0.077793,-0.023421,0.056522,0.14755,0.13556,0.062743,0.063973,0.066011,0.068099,0.039349,0.0022446,-0.012394,0.012218,0.039135,0.023118,0.0078029,-0.0028762,-0.078064,-0.14119,-0.12822,-0.11752,-0.083072,-0.097179,-0.06432,0.063456,0.14831,0.19228,0.091913,0.029242,0.052815,0.09874,0.099627,0.033088,0.0080219,-0.035386,-0.10814,-0.044443,0.1336,0.16975,0.0075829,-0.17315,-0.17175,-0.033121,0.10678,0.1651,0.058616,-0.073252,-0.16303,-0.26024,-0.2999,-0.15662,-0.013843,-0.062744,-0.11853,-0.1228,-0.080194,-0.015271,-0.02584,-0.019518,-0.0015173,0.00013102,-0.0098941,-0.0057009,0.0053224,0.0095353,-0.00042572,-0.019106,-0.035532,-0.046025,-0.022384,0.0055928,0.0068248,0.0287,0.05472,0.052486,0.047782,0.047152,0.05851,0.073062,0.088522,0.0094787,0.057276,0.13492,0.10587,0.057435,0.1163,0.11229,0.055481,-0.0041463,-0.043892,0.03587,0.18657,0.080826
0.040957,0.074938,0.085251,0.043279,0.012047,-0.041099,-0.11703,-0.12557,-0.093271,-0.080768,-0.033442,0.02569,0.027225,0.010565,0.002516,0.0013423,0.029485,0.051545,0.037196,0.021806,0.083104,0.16901,0.18084,0.16204,0.13717,0.11489,0.13687,0.14711,0.063874,-0.015518,-0.0077837,0.0035629,0.023074,0.04271,0.029684,-0.00097695,-0.037792,0.0014379,0.040239,-0.024855,-0.056464,-0.071087,-0.12992,-0.14288,-0.046028,-0.021359,-0.055998,-0.038175,-0.0049756,-0.012239,-0.033768,-0.014149,0.015751,0.034,-0.098923,-0.25275,-0.21782,-0.094708,0.071191,0.029077,-0.047835,0.00070169,0.07325,0.035142,-0.11267,-0.17793,-0.15884,-0.038155,0.061102,0.071255,0.067165,0.086544,0.12592,0.14912,0.15208,0.12825,0.072114,0.020564,0.00052362,-0.057556,-0.089299,-0.06066,-0.0076721,0.025064,0.027747,0.039776,0.098217,0.065009,0.022734,0.037192,0.025087,0.035472,0.12959,0.1795,0.14162,0.10355,-0.033558,-0.19611,-0.17082,-0.24612,0.054487,0.026412,0.0014808,0.067676,0.11806,0.12505,0.025375,-0.03008,-0.0083591,0.032156,0.05693,0.036917,0.017062,0.01815,0.025073,0.035735,0.047836,0.054898,0.051658,0.041185,0.044961,0.023031,-0.020698,-0.047431,-0.053574,-0.041512,0.010979,0.082931,0.03121,-0.028493,-0.0087082,0.018348,0.088814,0.056018,-0.03504,-0.076099,-0.073217,-0.05473,-0.075423,-0.073163,-0.039292,-0.061068,-0.14495,-0.090661,0.0072858,-0.028699,-0.049478,-0.0066733,-0.014125,-0.032814,0.018129,0.087863,0.1487,0.1275,-0.0036852,-0.18925,-0.31259,-0.22166,-0.052671,-0.042185,-0.034186,-0.023992,-0.044779,-0.060114,0.00052268,0.081078,0.079316,0.012196,-0.031804,-0.03096,-0.025722,-0.038846,-0.05821,-0.066723,-0.074559,-0.072444,-0.01432,0.050682,0.064446,0.081408,0.086969,0.068227,0.021859,-0.016672,-0.025165,-0.036603,-0.10321,-0.088054,-0.045623,-0.05294,-0.027828,0.011495,0.086542,0.10871,0.041462,0.073694,0.0094636,-0.16872,-0.27596,-0.31286
-0.054031,-0.04551,-0.079636,-0.047855,0.022118,0.031759,0.03002,0.015669,-0.0024361,-0.023735,-0.036985,-0.00181,0.020812,0.016207,0.025557,0.055878,0.065294,0.026501,-0.029252,-0.068811,-0.10185,-0.12092,-0.1001,-0.018909,0.049952,0.063471,0.04835,0.015358,-0.012368,-0.045317,-0.073615,-0.13242,-0.24274,-0.14233,-0.01061,0.037044,0.0071837,0.13771,0.25614,0.17755,0.087786,0.049382,0.063022,0.058454,0.011156,-0.025163,0.0033313,0.051907,0.057035,0.061878,0.02529,-0.036562,-0.018589,0.0082891,0.026433,0.027633,0.041106,-0.071682,-0.19097,-0.075159,-0.11978,-0.049387,-0.010567,-0.0061134,0.017709,-0.0080879,-0.0039794,0.0026356,0.025763,0.054209,0.072969,0.046872,-0.025322,-0.07987,-0.093782,-0.063473,-0.023181,-0.0016253,0.0098185,0.018881,0.041253,0.061619,0.073861,0.04822,0.019834,0.029995,0.097192,-0.0097441,-0.16269,-0.14352,-0.048237,0.0026252,0.07473,0.06207,-0.1109,-0.15805,-0.097696,0.034381,-0.13988,-0.26878,0.27263,0.27464,0.14829,0.085174,0.15032,0.11829,0.099487,0.099358,0.095066,0.089497,0.066976,0.014684,-0.011684,-0.0048003,0.0089298,0.03021,0.050785,0.056031,0.047583,0.04448,0.049688,0.044317,0.021133,-0.048034,-0.11476,-0.11926,-0.12035,-0.10082,-0.051148,-0.017743,0.018174,-0.23707,-0.368,-0.25639,-0.10497,0.023631,0.072253,0.11447,0.17222,0.19406,0.17756,0.11775,0.012789,-0.019013,-0.013925,-0.044219,-0.036571,0.061572,0.21594,0.22441,0.049342,-0.082662,-0.036241,0.0075497,-0.0084227,-0.019801,-0.042237,-0.018269,0.068144,0.11507,0.083282,0.097243,0.062187,0.035821,0.0011893,-0.01515,0.00787,-0.0029339,-0.029731,-0.033386,-0.034095,-0.02283,-0.00013974,0.017079,0.02153,0.011948,7.0024e-05,-0.007189,-0.011436,-0.016907,-0.03289,-0.051392,-0.067304,-0.051488,-0.016581,-0.0059461,-0.048903,-0.0097985,-0.031302,-0.029197,-0.027418,-0.066918,-0.052571,-0.097369,-0.17632,-0.12524,-0.053468,0.098734,-0.43471,-0.6373
-0.083406,-0.064923,-0.068644,-0.039661,-0.023245,-0.01188,0.0067536,-0.012934,0.01261,0.043941,0.033687,-0.0063452,-0.0044436,0.036218,0.048326,0.045587,0.027731,-0.011798,-0.060119,-0.10447,-0.14721,-0.16106,-0.1483,-0.14401,-0.14019,-0.10484,-0.01857,0.061872,0.072015,0.098171,0.10137,0.057032,-0.04368,-0.17005,0.0021528,0.19694,0.18169,0.085694,0.056679,0.068373,-0.0054007,-0.093539,-0.14997,-0.045241,0.11822,0.071509,-0.024504,-0.064257,-0.062448,-0.034933,-0.028861,-0.030971,-0.070658,-0.13618,-0.13435,0.0025355,0.12963,-0.00049301,-0.18889,-0.066077,-0.08655,-0.0062757,-0.020384,-0.053128,-0.024995,-0.034482,-0.030775,-0.060465,-0.087543,-0.092051,-0.084963,-0.071073,-0.06563,-0.058676,-0.036226,-0.0049119,0.029297,0.062824,0.090333,0.11516,0.13953,0.15216,0.14627,0.15637,0.10598,0.073789,0.14294,0.086625,0.0011535,0.015268,0.046186,0.02982,0.018888,-0.055581,-0.23394,-0.2277,-0.057605,0.081471,0.014954,-0.067904,0.29887,0.29314,0.13039,-0.037855,-0.063244,-0.052545,-0.025217,-0.025169,0.017721,0.059914,0.072177,0.088502,0.080305,0.05668,0.070609,0.079504,0.090882,0.096135,0.065895,0.038027,0.043873,0.045411,0.032912,0.019039,0.011191,0.0066505,-0.038975,-0.083777,-0.060818,-0.045529,-0.047561,0.053877,-0.24795,-0.50852,-0.42308,-0.099555,0.11588,0.18456,0.20865,0.15341,0.0374,-0.066459,-0.15315,-0.071476,0.08322,0.054072,-0.10761,-0.15058,-0.062832,-0.043791,-0.028631,-0.058359,-0.1427,-0.2339,-0.25269,-0.12144,0.0052217,0.034346,0.048667,0.09839,0.067772,0.077201,0.024316,-0.010698,0.019613,0.054403,0.073232,0.049695,0.015632,0.018628,0.015275,0.010125,0.008042,0.0040619,-0.0051445,-0.01385,-0.022794,-0.036443,-0.050184,-0.016096,0.018223,-0.00081583,-0.0021471,-0.03119,-0.0043608,0.044557,-0.046916,-0.049839,-0.046428,-0.062362,-0.0069681,0.02162,0.056992,0.046253,-0.033299,0.037856,0.036603,0.0039041,-0.33179,-0.39973
-0.2941,-0.044009,0.15199,0.05073,0.0098108,-0.0070152,0.0060584,-0.011767,-0.045454,0.0039985,0.065605,0.068731,0.025502,-0.0018219,0.012826,0.04613,0.047555,0.0409,0.0107,-0.052512,-0.13704,-0.24174,-0.35449,-0.4241,-0.40186,-0.25025,-0.00941,0.15335,0.1993,0.20858,0.16351,0.083131,0.054865,0.13454,0.15714,0.095443,0.03828,0.010655,0.0014027,0.0028946,0.016888,-0.0030914,-0.047084,-0.015928,0.037616,-0.031048,-0.060716,-0.015143,-0.0070763,0.0041839,0.031189,0.07786,0.11154,0.035472,-0.047377,-0.059591,-0.061534,0.029282,0.18805,0.13286,-0.026693,0.072331,0.088395,0.14204,0.14851,0.12308,0.15351,0.18326,0.22321,0.25179,0.22821,0.15666,0.054708,-0.051724,-0.10754,-0.10475,-0.083958,-0.046474,0.010604,0.05842,0.072179,0.057149,0.0081046,-0.030317,-0.037193,-0.03072,-0.03195,-0.017665,-0.014195,-0.0362,0.0046518,0.060265,0.099089,0.054989,-0.094662,-0.16538,-0.092603,-0.022264,-0.2493,-0.75107,0.5763,0.40149,0.12417,0.056432,0.12043,0.14858,0.053853,-0.060453,-0.082092,-0.0075391,0.033358,0.044798,0.062145,0.057668,0.044974,0.039314,0.057495,0.071488,0.067974,0.059925,0.11464,0.1611,0.14668,0.13723,0.13823,0.13601,0.0087651,-0.14688,-0.18061,-0.20643,-0.14423,-0.0039208,0.13458,0.19206,0.18982,0.2369,0.22849,0.18017,0.1195,0.039143,-0.041176,-0.10097,-0.16455,-0.067173,0.079503,0.050601,0.0097803,0.12943,0.26721,0.31197,0.36665,0.36213,0.2066,0.026513,-0.072429,-0.0081743,0.14631,0.25443,0.27464,0.12342,0.044831,0.062524,0.039519,0.031007,-0.055693,-0.11514,-0.093319,-0.12331,-0.16141,-0.15298,-0.14211,-0.12895,-0.11218,-0.078233,-0.049439,-0.045468,-0.048049,-0.063525,-0.074812,-0.084545,-0.095758,-0.091983,-0.055146,-0.012567,0.0028372,-0.0016607,-0.013067,-0.0092135,-0.039737,-0.088939,-0.098467,-0.096953,-0.023868,-0.010179,-0.080156,-0.037504,0.0075341,-1.1723,-0.939,-0.59267
-0.057328,0.0094618,0.037469,0.023191,0.015036,-0.0097198,-0.020495,-0.042281,-0.077222,-0.045765,0.011034,0.0505,0.051176,0.041163,0.052915,0.09963,0.12458,0.080248,-0.00098086,-0.085756,-0.14472,-0.14933,-0.091418,0.059841,0.18012,0.22025,0.25216,0.26153,0.21161,0.096018,0.012789,0.00064989,0.041178,0.019295,0.01842,0.017451,-0.015428,0.0062881,0.079297,0.068116,-0.029032,-0.11726,-0.1433,-0.089105,-0.011591,-0.016734,-0.011857,0.034646,0.067187,0.078167,0.092899,0.051052,-0.024326,-0.071601,-0.10471,-0.043926,-0.080848,-0.13963,-0.032118,-0.026303,-0.043535,-0.072339,-0.0094599,0.067966,0.057776,0.036475,-0.012645,-0.07062,-0.097632,-0.093306,-0.018253,0.084302,0.14328,0.18162,0.1875,0.18137,0.17468,0.14557,0.12914,0.082685,0.040736,0.044917,0.012007,-0.012611,0.0014585,0.022437,-0.092708,-0.12886,-0.096739,-0.13269,-0.13438,-0.07816,0.030169,0.038765,-0.052769,-0.11492,-0.32429,-0.48059,-0.23698,-0.13554,0.2782,0.22528,0.026379,-0.040573,0.071656,0.057733,0.018048,-0.01947,-0.043554,0.010762,0.063036,0.037125,-0.0019612,0.00089713,0.014081,0.038083,0.060242,0.063253,0.048521,0.03699,0.039107,0.033397,0.0046761,-0.037914,-0.084274,-0.11572,-0.13289,-0.12105,-0.054599,0.041033,0.10585,0.22889,0.09619,-0.044761,-0.020123,0.02317,0.051648,0.058256,0.094125,0.083503,-0.015614,-0.10313,-0.13932,-0.10728,-0.040513,-0.027971,-0.061785,-0.016711,0.088883,0.12438,0.11355,0.075076,0.0073037,-0.11357,-0.22046,-0.24558,-0.17335,-0.026695,0.011389,-0.057921,-0.09975,-0.060486,-0.023501,-0.072943,-0.085776,-0.038617,-0.016022,0.0049656,0.024215,0.024062,-0.0014328,-0.025324,-0.03499,-0.045797,-0.0096228,0.034521,0.034369,0.038936,0.040712,0.036097,0.036258,0.031679,0.038686,0.043346,0.025543,-0.012951,0.045813,0.025069,-0.0043669,-0.017208,-0.052131,-0.082771,-0.021742,-0.036138,-0.12793,-0.08594,-0.097856,-0.26981,-0.08789,-0.076987
-0.1396,-0.26221,-0.26829,-0.14415,-0.033568,-0.056215,-0.10573,-0.074038,-0.00061861,0.022147,0.068275,0.11259,0.14639,0.16715,0.19496,0.21905,0.22127,0.18588,0.14425,0.10634,0.050054,0.0082917,0.044002,0.13792,0.19411,0.19473,0.16163,0.14158,0.15198,0.14747,0.14212,0.13362,0.18265,0.16816,0.078405,0.070686,0.06912,0.041771,0.026925,-0.019773,-0.033466,-0.01584,-0.07436,-0.11116,-0.055242,-0.097705,-0.051375,-0.056802,-0.14849,-0.11843,-0.10912,-0.096136,-0.072318,0.0041971,0.0039561,-0.071305,-0.10693,-0.098556,-0.011194,0.085222,0.12502,0.13921,0.21305,0.18923,0.13167,0.054594,0.0091404,-0.010434,-0.040474,-0.081534,-0.11788,-0.14016,-0.1126,-0.063618,-0.031551,-0.04601,-0.082794,-0.086191,-0.073938,-0.086221,-0.12317,-0.14765,-0.14149,-0.11294,-0.11094,-0.10756,-0.027453,0.073428,0.092541,0.064178,0.013452,-0.020882,0.086435,0.13875,0.080311,0.064632,0.069888,-0.65118,-0.46356,0.052298,1.6274,1.0309,0.37516,0.11832,0.0064772,-0.010575,0.008552,-0.07463,-0.12861,-0.079463,0.031561,0.145,0.19234,0.19012,0.18875,0.19679,0.2071,0.20859,0.18026,0.15113,0.14489,0.13449,0.11075,0.060687,0.015247,0.016731,0.051303,0.037468,-0.0028731,0.058423,0.12183,0.30586,0.50604,0.43249,0.19219,-0.11972,-0.33002,-0.36319,-0.28338,-0.1149,0.010971,-0.1284,-0.33398,-0.28819,-0.23706,-0.35493,-0.4171,-0.30531,-0.16337,-0.19659,-0.13294,-0.037402,0.044586,0.073625,0.016569,-0.15399,-0.38065,-0.44532,-0.37677,-0.34234,-0.26538,-0.18623,-0.195,-0.18484,-0.136,-0.097382,-0.07608,-0.046268,-0.055938,-0.065578,-0.050407,-0.04051,-0.022906,-0.01386,-0.026238,-0.044247,-0.048731,-0.042791,-0.04596,-0.048632,-0.026073,0.011236,0.024721,-0.00049275,0.008685,0.074042,0.059292,-0.07538,-0.1886,-0.22628,-0.15774,-0.094399,-0.0042377,0.028203,-0.030802,-0.042969,-0.034348,-0.65064,1.2128,2.5281
-0.038711,-0.11058,-0.066335,0.02589,-0.039567,-0.054024,-0.098341,-0.11949,-0.046352,0.014644,-0.046963,-0.077088,-0.057356,-0.051306,-0.030546,0.012279,0.029481,-0.014235,-0.02078,0.015119,0.034014,0.031855,-0.071727,-0.19204,-0.2039,-0.11403,0.01766,0.098657,0.12139,0.13484,0.11715,0.017519,-0.038722,-0.071906,-0.022144,0.033844,-0.013838,0.0051434,0.025201,-0.029538,-0.088796,-0.11869,-0.13011,0.0070255,0.19244,0.13203,0.0080877,0.014273,0.029084,0.039591,0.061762,-0.008139,-0.07749,-0.026785,-0.0020927,0.013869,0.040469,0.017392,0.025008,0.092307,0.10844,0.16078,0.29637,0.43867,0.51021,0.47076,0.40256,0.33756,0.29002,0.27348,0.2881,0.30053,0.28844,0.24403,0.1813,0.12804,0.087312,0.045653,0.0038367,-0.018442,-0.011757,-0.053888,-0.087519,-0.073155,-0.059502,-0.11908,-0.095888,-0.075355,-0.13134,-0.15395,-0.14761,-0.057158,-1.0028,-1.066,0.57696,0.91115,0.50025,0.32995,0.45774,0.39035,-0.22846,-0.18851,-0.18206,-0.17508,-0.022676,0.076636,-0.032273,-0.020362,0.014289,0.010837,0.046746,0.045175,0.014633,0.028867,0.050289,0.052084,0.048729,0.052338,0.049153,0.045652,0.041692,0.073708,0.11039,0.11302,0.1111,0.099225,0.0026608,-0.091135,-0.088805,-0.071499,0.017377,0.1938,0.33574,0.38352,0.20523,0.024932,-0.050065,-0.033483,0.028122,0.094797,0.16735,0.16657,0.095471,0.11254,0.22989,0.18491,0.0088515,0.059281,0.22634,0.22952,0.24523,0.31519,0.38278,0.41275,0.3449,0.19701,0.031417,-0.041077,-0.040282,-0.081383,-0.14374,-0.1641,-0.2699,-0.35304,-0.32971,-0.28562,-0.24459,-0.20615,-0.18528,-0.1725,-0.16055,-0.1507,-0.14944,-0.15768,-0.14071,-0.11247,-0.10186,-0.090595,-0.043799,0.0017447,-0.0003512,0.0063899,0.022693,0.025522,0.015001,0.066868,0.10482,0.092143,0.039327,0.039702,0.0494,0.066087,-1.2233,-1.2946,0.14383,0.22828,0.20276,0.068399,0.62663,1.0034
0.16903,0.20776,0.25063,0.1916,0.088535,0.025866,0.0052057,0.034529,0.083615,0.10628,0.020692,-0.050174,-0.043166,-0.035851,-0.019839,-0.0060058,0.0077507,-0.010636,-0.077577,-0.16416,-0.26118,-0.32842,-0.30132,-0.22799,-0.121,-0.052712,-0.066176,-0.058009,-0.066109,-0.09416,-0.082716,-0.11032,0.021845,0.087409,0.015694,0.10145,0.12361,0.039504,0.044427,0.062016,0.03102,-0.027917,-0.099268,-0.11517,0.01512,0.060176,0.056277,0.074657,0.087811,0.10556,0.07162,0.038454,0.058845,0.071003,0.081032,0.13484,0.18888,0.12071,0.040415,0.12172,0.020442,-0.083419,-0.16226,-0.27907,-0.29637,-0.35017,-0.40001,-0.39948,-0.28781,-0.15916,-0.064427,0.072619,0.21556,0.25334,0.11466,-0.0023487,0.0055944,0.03586,0.059031,0.070386,0.084449,0.080271,0.10245,0.076499,0.043509,0.064826,-0.030266,-0.027646,0.042202,0.041289,0.055872,-0.017888,-0.15791,-0.30345,-0.38948,-0.22459,0.026816,0.025922,-0.10027,-0.081353,-0.053536,-0.089734,-0.1371,-0.08902,-0.043132,-0.021804,-0.0011901,0.041287,0.075805,0.095309,0.11438,0.058536,-0.017769,-0.00232,0.017661,0.035888,0.019299,-0.0099506,-0.020014,-0.052363,-0.075622,-0.076328,-0.080742,-0.090678,-0.086141,-0.07046,-0.04863,-0.14431,-0.25121,-0.1961,-0.1968,0.032019,0.17115,0.15274,0.097542,0.17968,0.33697,0.41752,0.3728,0.23571,0.095591,-0.017449,-0.1405,-0.097803,0.028988,0.022664,0.029449,0.028867,-0.037,-0.072534,-0.095055,-0.097604,-0.032892,0.019628,0.042439,0.082295,0.055232,0.0079849,-0.021418,-0.048165,-0.068016,-0.015231,-0.03777,-0.0098709,0.079516,0.1754,0.24831,0.23346,0.095767,-0.011889,-0.051165,-0.078013,-0.091578,-0.097228,-0.064561,-0.019806,-0.024569,-0.03836,0.001995,0.049569,0.039074,0.040981,0.019585,0.027619,0.067622,0.060498,0.10861,0.087123,0.0096229,0.041047,0.072056,-0.0058049,-0.044199,-0.098876,-0.11778,-0.07115,-0.023133,0.095351,0.099815,0.0028266
0.11999,-0.039007,-0.12675,0.0046298,0.0093192,0.0061189,0.051286,0.016426,0.013377,0.041935,0.033916,0.035155,0.05538,0.064982,0.078983,0.088389,0.088204,0.057616,-0.0091585,-0.040362,-0.045619,-0.052769,-0.078295,-0.12988,-0.17515,-0.15507,-0.095903,0.018764,0.10913,0.10149,0.088018,0.06552,0.10172,0.072764,-0.026031,-0.042323,-0.039165,-0.063056,-0.08703,-0.021754,0.01871,-0.049914,-0.14483,-0.20282,-0.10284,-0.03322,0.0058653,0.022247,0.0032854,0.021556,0.0013907,-0.0075098,0.011649,0.017445,0.0080156,-0.08259,-0.16564,-0.073921,-0.055581,-0.090991,0.0243,-0.020216,0.087842,0.15307,0.13342,0.15397,0.18793,0.20306,0.19321,0.16325,0.089793,-0.019967,-0.074136,-0.054277,-0.023235,0.0047295,0.034562,0.065749,0.083374,0.091747,0.088704,0.040233,-0.012923,-0.032217,-0.036067,-0.013896,0.030394,0.011697,0.018938,0.034976,0.020477,0.081667,0.17947,0.15295,0.018018,0.052467,0.080686,0.038479,0.072124,0.17774,-0.19527,-0.10155,-0.11893,-0.19549,-0.096305,0.018372,0.077736,0.0096569,-0.00030025,0.037889,0.054284,0.03436,0.022123,0.03307,0.046298,0.058171,0.034199,-0.00046748,-0.011581,-0.018698,-0.019891,-0.029772,-0.066243,-0.094641,-0.092354,-0.09231,-0.094915,-0.099599,-0.11222,-0.055995,0.002121,0.20524,0.46248,0.49924,0.36992,0.18838,0.031679,-0.07716,-0.084912,0.0044389,0.10195,0.038518,-0.13492,-0.13153,-0.089729,-0.15066,-0.16323,-0.08615,-0.0053953,0.0025033,0.084244,0.14103,0.1104,0.041062,-0.0481,-0.065172,-0.059134,-0.017878,0.070384,0.076968,0.1023,0.07887,0.058113,0.010027,5.56e-05,-0.087976,-0.1679,-0.14105,-0.1237,-0.10947,-0.087815,-0.046518,-0.02113,-0.031477,-0.044605,-0.05237,-0.059642,-0.072599,-0.082878,-0.091597,-0.096956,-0.069578,-0.014988,0.029538,0.074,0.11305,0.11398,0.066369,0.058611,0.14916,0.17834,0.088408,0.090974,0.093914,0.079212,0.183,0.10591,0.026955,0.13025,0.028239
-0.076402,-0.0052427,0.06907,0.037627,0.022015,0.026589,0.0091634,-0.012245,-0.0060339,0.019844,0.035678,0.055673,0.082987,0.11491,0.10961,0.063172,0.010982,-0.048717,-0.12715,-0.17657,-0.16053,-0.053731,0.11272,0.18675,0.12967,0.015386,-0.099522,-0.14082,-0.072067,-0.034997,0.011191,0.045395,0.05994,0.02848,-0.046493,-0.046737,-0.054163,-0.091957,-0.11752,-0.02726,0.0099765,-0.016642,0.0060779,0.056024,0.098547,0.03363,-0.0024055,-0.03509,-0.065607,-0.047395,-0.043075,-0.050693,-0.057693,-0.051269,-0.0053032,0.026554,-0.064573,-0.1045,0.022198,0.031744,0.037898,0.028144,0.034185,0.041923,-0.012263,-0.012069,-0.0022779,-0.005115,-0.030401,-0.054509,-0.065878,-0.053752,-0.030574,-0.029207,-0.053956,-0.068195,-0.070667,-0.082622,-0.086884,-0.052788,-0.00090776,0.035127,0.035476,0.018256,0.011251,0.021369,0.037684,0.021456,0.025823,0.043261,-0.0002038,0.0028664,0.17233,0.25362,0.13187,0.092664,0.12845,0.13859,0.10138,0.14703,-0.092859,-0.14318,-0.098379,0.13277,0.15595,0.096472,0.038521,0.007914,0.013145,0.050558,0.06665,0.052761,0.05083,0.066074,0.071099,0.065495,0.066543,0.056797,0.033718,0.029969,0.041206,0.032004,-0.025293,-0.077355,-0.066183,-0.0095996,0.049127,0.083856,-0.032887,-0.11957,-0.095686,0.0071097,0.1681,0.17636,0.096111,0.066032,0.090512,0.065526,0.052784,-0.086598,-0.13691,-0.061645,-0.019477,0.086302,0.18093,0.072302,-0.049303,-0.044145,-0.0054149,-0.028815,-0.052164,-0.10232,-0.18319,-0.22197,-0.17676,-0.08231,-0.071904,-0.097183,-0.047738,-0.052739,-0.036052,-0.020997,-0.019785,-0.049475,-0.048801,-0.015965,0.0014665,0.021077,0.038906,0.022387,0.00042533,-0.0023164,-0.0093878,-0.011144,-0.002058,0.0092831,0.018161,0.014524,0.007303,-0.010076,-0.043936,-0.074946,-0.056224,-0.0085499,0.021565,0.052423,0.074126,0.080888,0.072325,0.034768,-0.051555,-0.05567,0.079648,0.10772,0.092562,0.042527,-0.021922,0.067566,-0.12587,-0.15601
0.12341,0.15856,0.16862,0.050511,-0.042212,-0.022965,-0.058886,-0.14346,-0.1969,-0.1974,-0.14458,-0.016121,0.069284,0.073283,0.0699,0.097947,0.15004,0.16636,0.1431,0.081116,0.0081139,-0.024124,-0.031479,-0.037284,-0.0086453,0.065093,0.12608,0.15303,0.15979,0.16133,0.1052,0.038933,0.091029,0.079993,-0.0055092,-0.045523,-0.072991,-0.10387,-0.092805,-0.12576,-0.21356,-0.25952,-0.25635,-0.056347,0.16991,0.13335,-0.0074341,-0.075444,-0.048818,-0.013473,-0.009922,-0.0013029,0.017271,0.017459,-0.0012461,-0.0907,-0.17148,-0.080624,-0.078537,-0.15898,0.076269,-0.16515,-0.26324,-0.20982,-0.11836,0.011576,0.084178,0.10587,0.085531,0.069021,0.066993,0.065775,0.10787,0.20689,0.32273,0.38025,0.39342,0.38165,0.32734,0.19357,0.075888,0.044957,0.005949,-0.0046263,0.017174,-0.047047,-0.018357,0.0040551,-0.038332,-0.037969,-0.032771,0.051148,0.11893,-0.0021215,-0.026959,0.10671,0.15533,0.1419,0.14702,0.17718,-0.045304,-0.077768,-0.15359,-0.089279,0.12187,0.19489,0.040507,-0.09403,-0.12018,-0.065731,-0.018586,-0.0029941,0.0070426,0.017555,0.024637,0.039949,0.064573,0.074861,0.065302,0.066566,0.073598,0.060241,0.036706,0.017887,0.0035564,-0.019716,-0.037908,-0.030355,-0.013632,0.041851,0.10599,0.29978,0.50156,0.44121,0.22308,0.010401,-0.11076,-0.15463,-0.14817,-0.099557,-0.014659,0.029443,0.028074,0.10841,0.25193,0.24834,0.068604,-0.1125,-0.19249,-0.17294,-0.051887,0.058396,0.086975,0.022635,-0.087307,-0.10801,-0.10403,-0.059183,0.079975,0.13112,0.20973,0.10522,0.068169,0.085124,0.008444,-0.086014,-0.10111,-0.085977,-0.19779,-0.30183,-0.29534,-0.28937,-0.29271,-0.21357,-0.12539,-0.13592,-0.14758,-0.16148,-0.16617,-0.094786,-4.2575e-05,0.013045,0.065393,0.11835,0.11282,0.18284,0.19633,0.17112,0.136,0.08162,0.025651,0.020921,0.084265,0.05298,0.0057744,0.073953,0.088159,0.017649,-0.31142,-0.27883
-0.042547,-0.066483,-0.16699,-0.17844,-0.11601,-0.13876,-0.055936,0.14076,0.18959,0.19586,0.15786,0.091695,0.037688,0.0068405,-0.011829,-0.031998,-0.055745,-0.053602,0.054023,0.23821,0.34251,0.32164,0.18985,0.068664,0.050609,0.0012609,-0.18521,-0.33213,-0.2081,0.056266,0.13905,0.12229,0.070911,-0.014212,-0.054155,-0.029531,-0.011195,-0.01269,0.0093256,-0.021031,-0.067943,-0.06942,-0.087843,-0.099599,-0.043368,-0.011327,-0.078008,-0.11084,-0.066434,-0.053158,-0.053195,-0.069168,-0.11491,-0.099197,-0.12342,-0.16463,-0.16394,-0.10774,0.032049,0.15632,0.13808,0.10193,0.16609,0.16566,0.18975,0.16204,0.14152,0.10733,0.074378,0.040673,-0.0053781,-0.045783,-0.10865,-0.16229,-0.16803,-0.1545,-0.13376,-0.1192,-0.11089,-0.09491,-0.090654,-0.084808,-0.052161,-0.027339,-0.028722,-0.026772,0.020045,0.013404,-0.03584,-0.019315,0.030888,0.050199,0.095729,0.10234,0.051289,0.16582,0.37827,0.47014,0.16022,0.084047,0.092933,0.11685,0.050234,-0.0074186,-0.051517,-0.13509,-0.095985,-0.039052,-0.068992,-0.063743,-0.016782,0.041338,0.054203,0.02229,-0.0023899,0.00056961,0.011352,0.054683,0.088742,0.056324,-0.0016388,-0.031787,-0.01454,0.11149,0.20094,0.22043,0.27958,0.32862,0.22467,0.0063467,-0.079088,-0.087731,-0.14712,-0.2472,-0.32862,-0.35404,-0.28631,-0.1847,-0.12006,-0.10682,-0.11157,-0.09862,-0.11532,-0.06195,-0.0058259,-0.035936,-0.075195,-0.098773,-0.029069,0.13696,0.26088,0.17627,0.010258,-0.004745,-0.0046247,-0.11997,-0.30361,-0.32646,-0.22677,-0.19112,-0.12554,-0.037654,-0.086338,-0.12111,-0.095999,-0.050365,-0.011013,0.026862,0.048083,0.063248,0.081032,0.097301,0.072266,0.048479,0.056115,0.058609,0.058513,0.059187,0.063291,0.06094,0.037018,0.0078325,-0.015706,-0.036565,-0.013767,0.069191,0.13346,0.11183,0.040627,0.0092435,-0.0086379,-0.0018777,0.091066,0.10491,-0.022894,-0.060498,-0.0073799,0.044345,-0.12599,-0.0075943
0.090355,0.021973,-0.11608,-0.097482,-0.021412,-0.00079185,0.072039,0.1413,0.14639,0.085787,0.028739,0.03064,0.040767,0.026211,0.020918,0.017081,-0.011229,-0.05101,-0.071533,-0.090401,-0.11541,-0.11253,-0.10617,-0.10972,-0.068982,-0.029929,-0.010918,0.013918,-0.0054147,-0.023727,-0.053632,0.016867,0.058399,0.024067,0.01529,0.029603,0.009335,0.024743,0.041559,0.05556,0.051019,0.024098,0.019764,0.0083851,0.0033665,-0.0066101,0.0070691,0.011422,0.038703,0.020691,-0.026988,-0.022419,-0.0049201,-0.056866,-0.11937,-0.081224,-0.044579,0.030213,0.025412,-0.015535,0.025827,0.017586,0.1904,0.24142,0.24421,0.16401,0.085083,0.06324,0.063682,0.066701,0.039919,-0.0013334,-0.02883,-0.064863,-0.092523,-0.092387,-0.13803,-0.18306,-0.18569,-0.17226,-0.14547,-0.11086,-0.098867,-0.1008,-0.11241,-0.12305,-0.051971,0.045566,0.12888,0.14745,0.014074,-0.09827,0.0038433,0.13158,0.06102,0.18769,0.37397,0.42436,0.30493,0.18959,-0.20545,-0.17454,-0.14232,-0.093059,-0.10503,-0.093403,0.071419,0.14508,0.12141,0.077209,0.05636,0.045284,0.039634,0.040925,0.04766,0.056428,0.064892,0.04567,0.023041,0.026117,0.034261,0.0077398,-0.037016,-0.055842,-0.099504,-0.13315,-0.12631,-0.11478,-0.071674,-0.084712,-0.056524,-0.086009,-0.16887,-0.17207,-0.17474,-0.13246,-0.067797,-0.038744,-0.048198,-0.08648,-0.041028,0.030309,0.0072217,0.020244,0.066093,0.023585,-0.040194,-0.15031,-0.25086,-0.25041,-0.18669,-0.12345,-0.057179,0.08562,0.22697,0.22505,0.14252,0.11884,0.074051,0.011592,0.020501,0.019967,0.0097994,0.0031878,0.030928,0.016973,0.0030574,0.03632,0.046172,0.049557,0.037242,0.029756,0.039408,0.052072,0.065714,0.073497,0.053412,0.037045,0.052072,0.055903,0.047903,0.024991,-0.044826,-0.1089,-0.087184,-0.028625,-0.02543,0.024083,0.076374,0.030897,0.043443,0.082122,0.1649,0.21513,0.15136,0.16836,-0.049795,-0.23566,0.19097,0.37262
-0.078781,-0.044004,-0.046981,-0.048314,-0.020246,-0.021799,-0.022313,0.0011347,-0.011646,-0.070979,-0.12888,-0.12162,-0.091959,-0.091073,-0.085742,-0.1311,-0.25466,-0.41844,-0.48221,-0.21672,0.13421,0.21553,0.20445,0.12783,0.055581,0.02196,-0.0092266,-0.031323,-0.062118,-0.078334,-0.093087,-0.016524,-0.048992,0.16763,0.2204,0.041113,0.0056277,-0.019459,0.1037,0.15559,0.081795,0.35553,0.57095,0.30686,-0.5841,-0.54362,-0.1536,-0.069076,-0.049013,-0.027501,-0.037782,-0.036374,0.018297,0.16479,0.26982,0.27226,0.27647,0.35676,0.28059,0.08611,0.10585,0.061592,0.20043,0.19291,0.17017,0.094146,0.0065615,-0.037439,-0.075548,-0.10486,-0.17033,-0.22569,-0.23067,-0.22629,-0.21158,-0.20632,-0.20547,-0.19429,-0.18389,-0.15626,-0.19485,-0.2411,-0.20981,-0.15174,-0.091422,-0.044491,-0.091565,-0.091713,0.00042646,0.065714,0.093814,0.035925,-0.029193,-0.12029,-0.27183,-0.34991,-0.47567,-0.53859,-0.35928,-0.34197,0.46276,0.44632,0.3058,0.15328,0.089615,0.057121,0.079794,0.1175,0.12611,0.11492,0.15206,0.16462,0.12844,0.089028,0.052607,0.03459,-0.039452,-0.15313,-0.18617,-0.044519,0.01258,-0.0097785,-0.035819,-0.061986,-0.07251,-0.054647,-0.025744,0.013035,0.070952,0.057375,0.072835,-0.43766,-0.72404,-0.59886,-0.30235,-0.13405,-0.17158,-0.1586,-0.18154,-0.22657,-0.12406,0.22356,0.7123,0.52329,-0.31737,-0.38682,-0.22068,-0.15051,-0.28455,-0.35967,-0.34299,-0.4058,-0.36684,-0.063636,0.16045,0.16852,0.18379,0.26582,0.2294,0.067088,0.042238,0.01306,0.0032202,0.0051309,0.039434,0.10998,0.17954,0.2212,0.24591,0.26048,0.20316,0.1508,0.1543,0.15593,0.15544,0.1697,0.18986,0.19874,0.21,0.20536,0.16876,0.15711,0.16588,0.10577,-0.013182,-0.14683,-0.19992,-0.17757,-0.092978,-0.042019,-0.070822,-0.1402,-0.13435,-0.15392,-0.21426,-0.15875,-0.13786,-0.26259,-0.0048754,0.059476
0.41779,0.25401,-0.0921,-0.22752,-0.2546,-0.14445,-0.031083,-0.056787,-0.0097753,0.0059459,-0.018971,-0.0038318,0.046034,0.075313,0.094663,0.10612,0.093201,0.066432,0.071436,0.080052,0.051414,-0.054845,-0.20864,-0.29175,-0.28954,-0.23374,-0.13524,-0.031256,0.0055195,-0.015319,-0.0083389,0.1189,-0.030804,-0.036205,0.063868,0.034744,-0.00061198,-0.027577,-0.054742,-0.067296,0.0056317,0.073042,0.15205,0.20226,0.18425,0.083564,-0.02502,-0.00092411,-0.075213,-0.20964,-0.22827,-0.26712,-0.29131,-0.25748,-0.034399,0.1791,0.23459,0.071587,-0.1461,-0.023239,-0.054653,0.015913,-0.044278,-0.10666,-0.090371,-0.098513,-0.092881,-0.10174,-0.072871,-0.039417,-0.023743,-0.023767,-0.029803,-0.02873,-0.022592,-0.0073012,-0.016642,-0.043423,-0.062308,-0.13933,-0.19115,-0.1686,-0.11865,-0.060986,-0.028277,-0.072416,-0.039392,0.067952,0.15155,0.23787,0.19162,0.014699,-0.019933,0.062031,0.083757,0.18636,0.23733,0.17831,0.35875,0.29385,-0.14695,-0.007418,0.18048,0.23163,0.16217,-0.1147,-0.2619,-0.13366,0.0032754,0.047712,0.052257,0.048615,0.061349,0.080523,0.094697,0.1058,0.11757,0.09773,0.066418,0.056847,0.052597,0.075282,0.092627,0.086948,0.087515,0.092983,0.090722,0.062699,0.063966,0.1471,0.21639,-0.19378,-0.56364,-0.55545,-0.33644,-0.19752,-0.26015,-0.2861,-0.25273,-0.16986,-0.21603,-0.22603,-0.072228,0.032049,0.025608,-0.069959,-0.20221,-0.225,-0.15719,-0.094872,-0.1401,-0.18843,-0.19223,-0.12318,-0.014337,0.16368,0.25101,0.17505,0.093547,0.13368,0.080448,0.082048,0.011707,-0.032016,0.0031391,0.059495,0.099646,0.11933,0.10575,0.088586,0.056102,0.032792,0.035338,0.033432,0.030485,0.028253,0.040304,0.062368,0.083773,0.094425,0.098125,0.094538,0.056672,-0.011815,-0.068266,-0.014942,0.063965,0.11659,0.12993,0.10668,0.082913,0.027505,0.050455,0.096839,0.056982,0.074527,-0.12215,-0.4107,-0.031594,0.19169
0.18929,0.041049,-0.07081,-0.024457,0.051907,0.076827,0.029624,0.034122,0.038098,0.046821,0.031941,0.014861,0.016935,-0.0037259,-0.0091103,0.019193,0.051946,0.042235,0.060806,0.083414,0.063564,0.041952,0.035173,0.062816,0.095152,0.09559,0.072598,0.029704,-0.014367,-0.064577,-0.11795,-0.068496,-0.081588,-0.10567,-0.074921,-0.015701,-0.025495,-0.056453,-0.089224,-0.031668,0.034391,0.056467,0.083645,0.067904,0.037597,-0.0038142,-0.048867,-0.078641,-0.053246,-0.024185,-0.025317,-0.01821,-0.070027,-0.12397,-0.086386,-0.05966,-0.061106,0.024428,0.17037,0.12376,-0.0040335,0.085822,0.074145,0.11681,0.043116,-0.044145,-0.014422,0.040617,0.086708,0.090523,0.095409,0.10107,0.10248,0.092559,0.010617,-0.084081,-0.10851,-0.08603,-0.045732,-0.017143,-0.033873,-0.064366,-0.058893,-0.043384,-0.037645,-0.028673,-0.050119,0.011099,0.057053,0.0061396,-0.01522,-0.022884,-0.022657,-0.038838,-0.063755,0.053844,0.18923,0.22496,0.24582,0.25703,-0.22659,-0.16174,-0.051899,-0.00511,-0.097136,-0.13848,-0.066103,0.022734,0.037556,-0.0026394,0.004513,0.016443,-0.02061,-0.021371,-0.012899,-0.015996,-0.01318,-0.00044665,0.042753,0.075598,0.067984,0.051439,0.021244,-0.0069652,-0.026864,-0.026444,-0.00048987,0.050288,0.117,0.076583,0.048497,-0.020849,-0.16268,-0.15807,-0.13472,-0.024089,-0.027964,-0.1318,-0.18492,-0.19645,-0.0014802,0.2895,0.33167,0.10956,-0.0052703,0.047424,0.047498,-0.12674,-0.20792,-0.080648,0.10362,0.079451,-0.11912,-0.22765,-0.098482,0.13776,0.19542,0.19402,0.19596,0.10321,0.065473,0.085847,0.075737,0.077159,0.036638,0.0067854,0.012615,0.0060917,-0.0029448,0.0014911,-0.021161,-0.0428,-0.041232,-0.04192,-0.047088,-0.033996,-0.015835,-0.023884,-0.043085,-0.056619,-0.039965,-0.01065,-0.0047062,-0.011766,-0.010993,-0.011618,0.11813,0.14109,0.023562,0.014216,0.027772,-0.014336,0.097496,0.1102,0.0062731,0.066715,0.088012,0.03126,-0.35248,-0.30554
-0.020984,-0.021636,0.0024217,0.014143,0.026416,0.055201,0.025948,4.9116e-05,0.0064417,0.026466,0.0089111,-0.070791,-0.13834,-0.1449,-0.038912,0.081327,0.10228,0.1106,0.15011,0.22401,0.25592,0.2247,0.09114,-0.078986,-0.15235,-0.092768,0.018279,0.11675,0.19391,0.1407,0.030694,0.016451,0.085212,0.069328,-0.023464,-0.092166,-0.14251,-0.17453,-0.20141,-0.14286,-0.053001,-0.034668,-0.082315,-0.15255,-0.1528,-0.11055,-0.056043,-0.023813,-0.025953,-0.03541,-0.025061,-0.0033013,0.020192,-0.0084931,-0.051081,-0.014368,0.031948,0.010622,0.015468,0.12125,0.20204,0.11689,0.075091,0.12768,0.12681,0.11722,0.095422,0.06504,0.030436,-0.012687,-0.059673,-0.092804,-0.103,-0.087369,-0.02572,0.067048,0.14137,0.17717,0.16258,0.093643,-0.00077883,-0.051033,-0.052575,-0.05161,-0.049452,-0.02977,0.015624,0.013265,-0.037838,-0.077093,-0.10817,-0.039228,0.12327,0.17347,0.094547,0.062168,0.033911,-0.053172,-0.021838,-0.046335,0.09081,0.089327,0.014768,-0.035338,0.019372,0.076824,0.023016,-0.0087332,0.0074619,-0.014472,-0.086806,-0.12645,-0.12912,-0.11932,-0.068058,-0.024186,0.0028306,0.057972,0.085188,0.05416,0.018732,-0.0064805,0.11323,0.23607,0.24699,0.24279,0.22522,0.1569,0.078452,0.045447,0.088477,0.32865,0.46049,0.3657,0.098296,-0.14967,-0.26591,-0.31165,-0.27656,-0.18063,-0.037172,0.045495,-0.035718,-0.06589,0.011591,0.023117,0.006708,-0.011764,-0.020277,0.0035309,0.07535,0.14058,0.1382,0.109,0.060054,0.0090797,-0.071132,-0.13063,-0.14348,-0.14269,-0.14467,-0.12559,-0.094863,-0.09854,-0.071736,-0.028724,-0.040959,-0.053105,-0.031378,-0.012963,0.0052745,0.019197,0.02428,0.017887,-0.0312,-0.085233,-0.10568,-0.11927,-0.11908,-0.097904,-0.050983,-0.015059,-0.00050529,0.014871,0.028126,0.038462,0.061506,0.081077,0.022681,-0.052864,-0.11541,-0.065565,0.084848,0.11101,-0.041498,-0.095727,-0.021321,-0.047461,-0.43515,-0.48256
-0.33019,-0.21234,-0.10776,-0.014529,0.019694,-0.024487,0.072794,0.2281,0.12598,0.047708,-0.024988,-0.083788,-0.28796,-0.40684,-0.3116,-0.068662,0.19971,0.53037,0.71005,0.65987,0.59757,0.61515,0.72004,0.55653,0.23413,0.21572,0.20511,0.18964,0.15047,0.3587,0.47898,0.40558,0.42683,0.44796,0.43057,0.42961,0.41734,0.40158,0.53275,0.62507,0.58336,0.55646,0.50562,0.45009,0.43602,0.45325,0.38146,0.29758,0.38208,0.47246,0.3831,0.25801,0.25251,0.25926,0.26312,0.23737,0.74264,0.75105,-0.013313,-0.19597,-0.32981,-0.57573,-1.2015,-1.671,-1.3317,-0.53724,-0.51383,-0.48711,-0.47877,-0.40782,-0.33634,-0.33984,-0.32071,-0.2983,-0.27163,-0.24092,-0.21154,-0.17602,-0.14284,-0.11936,-0.08957,-0.019975,0.062008,0.096558,0.095524,0.10972,0.009851,0.17723,0.3545,0.36896,0.19253,-0.032723,-0.18125,-0.34254,-0.53983,-0.77079,-1.0188,-1.0746,-1.3014,-1.5463,-0.52417,-0.71716,-1.0139,-0.78816,-0.2769,-0.44424,-0.57897,-0.67192,-0.79436,-0.85116,-0.84615,-0.81223,-0.99817,-1.1643,-1.2449,-1.3517,-1.3977,-1.436,-1.4528,-1.4578,-1.4431,-1.3453,-1.0976,-0.79721,-0.56794,-0.55813,-0.54271,-0.51414,-0.46333,-0.40749,-0.35384,-0.26659,-0.22451,-0.22808,-0.2096,-0.17352,-0.11674,-0.08515,-0.063089,0.015249,0.10138,0.044343,-0.15376,-0.255,-0.30384,-0.31785,-0.35139,-0.48004,-0.42691,-0.19876,0.047762,0.29139,0.51704,0.68349,0.73246,0.73335,1.7621,1.9123,1.4512,1.6385,1.6734,1.5696,2.2205,2.1057,0.91787,0.12083,0.055709,-0.0072291,-0.035058,-0.0060034,0.037418,0.034169,0.016922,0.0026605,-0.010037,-0.021622,-0.031607,-0.049187,-0.066372,-0.13375,-0.20538,-0.20818,-0.22572,-0.25708,-0.25085,-0.30934,-0.0035547,0.35088,0.38799,0.3363,0.50334,0.62862,0.60405,0.50886,0.37648,0.35533,0.25485,0.056553,-0.42172,-0.71571
0.32275,0.17641,-0.0024231,0.020093,0.034333,-0.012993,-0.012295,0.011812,-0.016942,-0.04797,-0.0048044,0.14276,0.26342,0.31015,0.23513,0.13626,0.13101,0.14973,0.12581,0.068386,0.0010301,-0.050427,-0.085871,-0.082583,-0.035097,0.033017,0.070772,0.058811,0.0041964,-0.035914,-0.026656,0.011587,0.088065,0.070285,-0.015452,-0.078435,-0.12612,-0.15613,-0.18327,-0.12509,-0.047963,-0.045344,-0.060337,-0.049591,-0.016043,0.0070838,0.0076691,-0.032133,-0.036022,-0.028845,-0.0338,-0.033173,-0.036787,-0.012099,-0.014318,-0.10594,-0.18239,-0.12605,-0.068546,-0.034696,0.017567,-0.044549,-0.040759,-0.1664,-0.25981,-0.19576,-0.085263,-0.011394,-0.009914,-0.029069,-0.034318,-0.033705,-0.021686,0.0088694,0.055756,0.091189,0.10341,0.10823,0.10049,0.067921,0.029615,0.015537,0.041755,0.054037,0.057261,0.076254,0.049701,-0.02396,-0.025747,0.022963,-0.0096762,0.037241,0.22857,0.22982,0.13042,0.26368,0.39594,0.39206,0.19045,0.22834,-0.29848,-0.25368,-0.24636,-0.17653,-0.022125,-0.017926,0.021901,0.054228,0.02161,0.013406,-0.0096031,0.0059173,0.05871,0.063877,0.06285,0.064939,0.083642,0.094107,0.084577,0.072215,0.06761,0.059623,0.041678,0.019765,-0.0050528,-0.044846,-0.064763,-0.030123,0.037142,0.051657,0.039391,0.15814,0.27508,0.27553,0.17225,0.06267,-0.031769,-0.088406,-0.091531,-0.050914,0.0024102,0.018003,-0.023247,0.032102,0.13071,0.19775,0.24122,0.12073,-0.026869,-0.05486,-0.026104,-0.052012,-0.076045,-0.040411,0.021538,0.021243,-0.11084,-0.15564,-0.13072,-0.13491,-0.12352,-0.10017,-0.058404,0.020224,0.08971,0.054429,-0.023756,-0.06412,-0.074168,-0.072862,-0.069163,-0.066842,-0.069557,-0.08057,-0.096741,-0.10724,-0.11061,-0.11613,-0.11767,-0.10677,-0.030276,0.042344,0.017567,0.0061794,0.012183,-0.012879,0.0053187,0.083892,0.12733,0.11308,0.10276,0.073163,0.10558,0.11237,0.031108,0.046737,0.12031,0.1798,-0.11249,-0.080339
0.26711,0.15359,0.0086755,0.012059,-0.059023,-0.060829,-0.037255,-0.087152,-0.099483,-0.023321,0.048359,0.012865,-0.0079816,-0.016855,-0.021849,-0.029241,0.0019667,0.02586,0.10948,0.20565,0.19821,0.12724,0.040747,-0.01283,-0.0037423,0.028838,0.060312,0.088845,0.09086,0.071881,0.045913,0.029366,0.096128,0.087574,-0.0013474,-0.01651,-0.019999,-0.050152,-0.078569,0.014164,0.089249,0.08449,0.088792,0.13315,0.22642,0.1705,0.025735,-0.15422,-0.2621,-0.24978,-0.24909,-0.23706,-0.20436,-0.11143,-0.043137,-0.073228,-0.11042,-0.081091,-0.013318,0.033046,0.044661,0.081129,0.21067,0.25738,0.24901,0.19886,0.18376,0.18721,0.16927,0.10543,0.034113,-0.00091319,-0.020519,-0.060059,-0.10233,-0.10564,-0.086588,-0.05222,-0.032456,-0.023188,-0.00074672,0.022356,0.044505,0.045937,0.021396,0.0039365,0.0037129,-0.028259,0.015519,0.074078,0.012287,-0.042764,0.024565,0.11696,0.1502,0.19522,0.1089,-0.087528,0.09623,0.29054,-0.42296,-0.21622,-0.045357,-0.15861,-0.13211,-0.080511,-0.090298,-0.10733,-0.06591,-0.11433,-0.13982,-0.059053,-0.026045,-0.070507,-0.115,-0.10565,-0.074296,-0.048569,0.035485,0.087759,0.069567,0.059783,0.050208,0.040622,0.025538,0.016015,0.015168,0.026746,0.05972,0.14894,0.18252,0.29548,0.46265,0.4142,0.24591,0.089335,-0.01565,-0.10705,-0.13673,-0.10458,0.037597,0.17882,0.23227,0.35814,0.5096,0.48392,0.26595,-0.012352,-0.21429,-0.32017,-0.27388,-0.15906,-0.033327,0.057112,0.049335,-0.034567,-0.17854,-0.24358,-0.22457,-0.24805,-0.20556,-0.13649,-0.14736,-0.15081,-0.11761,-0.11261,-0.11879,-0.088052,-0.070431,-0.051158,-0.030622,-0.017874,-0.010401,0.0032825,0.021789,0.030038,0.02905,0.016505,0.010725,0.0082984,-0.0064508,-0.047449,-0.087923,-0.096805,-0.079874,-0.055192,-0.049542,0.057041,0.1695,0.16417,0.060593,-0.010953,0.058973,0.16823,0.17949,0.21151,0.21453,0.10991,-0.46781,-0.60432
-0.22874,-0.18357,-0.063093,0.040407,0.030361,0.013814,0.07744,0.11411,0.061943,-0.042581,-0.11052,-0.1223,-0.13186,-0.12923,-0.091836,-0.094577,-0.21408,-0.3683,-0.44147,-0.3157,-0.088397,-0.018127,-0.04955,-0.049555,-0.045283,-0.031743,-0.031267,-0.031817,-0.059534,-0.098235,-0.1087,-0.15747,-0.025534,0.065614,0.090547,0.16316,0.19733,0.22365,0.22203,0.16063,0.13105,0.14579,0.242,0.30852,0.28761,0.21258,0.041423,-0.076108,-0.046149,-0.017155,-0.014038,-0.07384,-0.21042,-0.16445,0.14026,0.33818,0.34845,0.29419,0.083275,-0.050759,0.04968,-0.031863,0.062189,0.049948,-0.01734,-0.033972,-0.076726,-0.13387,-0.21805,-0.29353,-0.33227,-0.34538,-0.32633,-0.2943,-0.25962,-0.23458,-0.21617,-0.19303,-0.19574,-0.18857,-0.14378,-0.10259,-0.058057,-0.009644,0.012001,0.0055251,0.056246,0.074722,0.015743,-0.10043,-0.17411,-0.10294,0.0045134,-0.037187,-0.13821,-0.059213,-0.014736,-0.0043614,0.09086,0.0058545,0.18554,0.15169,0.046948,-0.044282,-0.10448,-0.0070236,0.17171,0.17855,0.10098,0.026611,-0.00091558,0.03631,0.077131,0.090835,0.074058,0.032948,-0.018118,-0.10252,-0.14699,-0.063753,-0.048375,-0.12185,-0.10343,-0.08906,-0.10571,-0.10662,-0.087382,-0.16576,-0.24313,-0.20436,-0.26615,-0.077403,-0.25535,-0.45695,-0.49292,-0.44948,-0.30069,-0.095751,0.061347,0.098788,-0.22778,-0.20775,0.28856,0.38478,0.24242,0.20227,0.05916,-0.10442,-0.10856,-0.0063354,0.002303,-0.27601,-0.50425,-0.40748,-0.084701,0.26395,0.43914,0.31184,0.12211,0.13328,0.14021,0.096217,0.072521,-0.0045002,-0.037965,0.012091,0.065604,0.11674,0.17981,0.2359,0.25708,0.25835,0.23911,0.21701,0.20057,0.20036,0.20663,0.20447,0.15771,0.1052,0.080551,0.051944,-0.0086777,-0.09572,-0.13833,-0.1059,-0.057026,0.17978,0.22019,0.060326,-0.044858,-0.025669,0.06974,-0.0020169,-0.13942,-0.067445,-0.15973,-0.2852,0.26406,0.44048
0.31692,0.17833,0.017587,0.019153,0.0062665,-0.0093088,-0.040741,0.050832,0.1504,0.098782,0.060245,0.058479,0.057357,0.0055054,-0.021778,-0.027467,0.06923,0.23742,0.32576,0.29295,0.17017,0.071901,0.040181,0.033168,0.034683,0.029254,-0.066126,-0.23348,-0.32173,-0.32717,-0.2049,-0.14857,-0.10125,-0.090755,-0.16416,-0.13643,-0.10557,-0.13735,-0.16591,-0.22483,-0.10282,0.031162,-0.015083,-0.12657,-0.1904,-0.029405,0.12002,0.13099,0.12529,0.11413,0.089306,0.071485,0.081408,-0.044778,-0.19443,-0.16048,-0.10651,-0.11411,-0.058602,-0.028881,-0.098211,0.10952,-0.08428,-0.17755,-0.075292,0.02543,0.080045,0.078893,0.083786,0.082146,0.053899,0.027305,0.030682,0.074692,0.14848,0.20805,0.20521,0.14657,0.083136,0.032504,-0.025315,-0.074191,-0.079959,-0.057752,-0.047665,-0.087512,-0.047688,-0.026555,-0.069302,-0.084708,-0.11967,-0.11715,0.060776,0.28081,0.28288,0.19381,0.16982,0.23286,0.18701,0.24276,-0.44696,-0.23531,-0.017175,-0.064672,-0.056197,-0.039848,-0.0043381,-0.057964,-0.16105,-0.18729,-0.13099,-0.083455,-0.09551,-0.11298,-0.11778,-0.11055,0.001714,0.095515,0.081001,0.06182,0.062049,0.1681,0.24586,0.22463,0.21334,0.22113,0.14788,0.088819,0.14244,0.20257,0.095771,0.020539,0.2952,0.29956,0.12601,-0.0050461,-0.078408,-0.12617,-0.11548,-0.0089299,0.1425,0.21739,0.082785,-0.047999,-0.034018,0.041548,0.069958,-0.021295,-0.0097254,0.051783,0.085296,0.08374,0.041228,0.043486,0.041834,-0.025703,-0.10711,-0.081646,0.031035,0.097641,0.12746,0.16593,0.068902,-0.016632,-0.073769,-0.11949,-0.12543,-0.10996,-0.10833,-0.10196,-0.091056,-0.081158,-0.080998,-0.094021,-0.11294,-0.12448,-0.12403,-0.11687,-0.10624,-0.086922,-0.046148,-4.3594e-05,0.018445,0.00054182,0.0011641,0.074513,0.060487,0.014373,-0.014857,-0.0047985,-0.02619,-0.052663,0.068442,0.13236,0.063558,0.057033,0.13478,0.25574,-0.34248,-0.49171
0.24101,0.049082,-0.13642,-0.12339,-0.10325,0.0050061,0.097515,0.08962,0.14089,0.13422,0.073536,0.052566,0.053659,-0.022018,-0.16963,-0.30982,-0.31044,-0.097552,0.085419,0.099687,0.12042,0.10827,0.24657,0.34453,0.3153,0.28358,0.23379,0.077299,-0.083432,-0.101,-0.040797,-0.0072351,0.010343,-0.045495,-0.023068,0.013233,-0.027662,-0.054767,-0.0073945,0.050045,0.040124,0.020147,-0.037471,-0.1468,-0.084594,-0.0044285,-0.10638,-0.1815,-0.10848,-0.038524,-0.019722,-0.012096,-0.010947,0.0214,0.08314,0.13232,0.020057,-0.11377,-0.0055757,-0.0080049,0.00070353,0.0079422,0.031647,0.066592,0.029312,0.03883,0.045423,0.035863,0.020149,0.035096,0.065813,0.072173,0.025466,-0.022907,-0.018852,-0.032147,-0.069684,-0.10162,-0.11048,-0.08518,-0.043692,-0.037099,-0.053106,-0.054622,-0.040584,-0.022079,-0.13329,-0.1755,-0.13232,-0.13425,-0.10173,-0.06164,0.008845,0.049382,0.067906,0.14292,0.27592,0.41411,0.20682,0.16042,-0.062082,0.050402,0.11329,0.025055,-0.063329,-0.090423,0.055823,0.10334,0.12014,0.11298,0.14314,0.12314,0.055508,0.0073112,-0.11669,-0.2503,-0.20657,-0.06876,-0.041783,-0.048879,-0.065164,-0.093293,-0.0098651,0.065242,0.060698,0.078501,0.12426,0.070118,-0.022802,0.025914,-0.020569,-0.0048488,0.11806,0.094418,0.05908,0.031376,-0.0073027,-0.053992,-0.089781,-0.034577,0.1267,0.21198,0.060811,-0.059378,-0.03115,-0.036935,-0.13361,-0.28469,-0.30254,-0.1631,-0.0068706,0.0048156,-0.033659,0.029073,0.18848,0.24709,0.042306,-0.12709,-0.09503,-0.092302,-0.057126,-0.03073,-0.024245,-0.03605,-0.017959,0.0086921,0.027903,0.051073,0.013839,-0.032982,-0.035855,-0.031901,0.0062162,0.042765,0.038094,0.003795,-0.011851,0.012501,0.024783,0.013567,-0.023362,-0.033656,-0.0019592,0.0076748,-0.025116,-0.063436,-0.048479,-0.096991,-0.063375,-0.015842,-0.023832,-0.064723,-0.025081,0.0060884,-0.031937,-0.041697,-0.0092549,0.11428,-0.14574,-0.15134
-0.1498,-0.08091,-0.034779,-0.0057286,0.022724,0.00094379,0.015793,0.021731,-0.061193,-0.1687,-0.26718,-0.26655,-0.20013,-0.19753,-0.1862,-0.16897,-0.16125,-0.14592,-0.14495,-0.17819,-0.18178,-0.1825,-0.14332,-0.1075,-0.10025,-0.074794,-0.058026,-0.017147,-0.040812,-0.0053552,0.0067593,0.091513,0.04569,0.036481,0.20146,0.2671,0.2506,0.22991,0.20014,0.12612,-0.0073305,-0.024791,0.327,0.26943,-0.71501,-0.64796,-0.042721,0.064062,0.1563,0.20936,0.23249,0.17509,0.058171,0.04742,0.22547,0.36829,0.35644,0.17584,-0.074387,-0.080753,-0.13531,-0.016359,0.040105,0.10853,0.096766,0.022099,-0.023683,-0.074273,-0.14948,-0.22224,-0.26824,-0.30423,-0.31259,-0.29885,-0.2737,-0.24986,-0.2325,-0.21007,-0.24118,-0.26932,-0.23719,-0.19405,-0.13427,-0.058661,-0.0088191,0.0083811,0.070976,0.12043,0.1093,0.053466,0.022445,0.0030885,-0.019294,-0.087258,-0.25276,-0.33515,-0.35223,-0.20211,-0.096891,-0.2227,0.43726,0.37727,0.16648,0.0030258,-0.027155,0.022167,0.13397,0.14138,0.091582,0.056464,0.065236,0.025088,-0.040544,-0.020514,0.0044058,0.031569,0.060898,0.01829,-0.04511,-0.038254,-0.018952,-0.012323,-0.061959,-0.11871,-0.16922,-0.2148,-0.21316,-0.21635,-0.16897,-0.1653,-0.10326,-0.54023,-0.79638,-0.77176,-0.51688,-0.26639,-0.25105,-0.17649,-0.078568,-0.19604,-0.33169,-0.2113,0.88938,0.78947,-0.42974,-0.40615,0.23353,0.59,0.021542,-0.25236,0.011784,0.083416,-0.14709,-0.19774,0.010872,0.3852,0.56146,0.37642,0.053954,0.012884,-0.020434,0.011707,0.0063781,0.0027346,0.0043086,0.031306,0.081313,0.12703,0.13241,0.13491,0.16082,0.18299,0.18992,0.18525,0.17763,0.17776,0.18435,0.1825,0.14207,0.10793,0.099554,0.070667,0.017835,-0.055898,-0.10777,-0.10075,-0.064539,0.13728,0.17839,0.064594,0.018978,0.0081429,-0.0011688,-0.049609,-0.12049,-0.22463,-0.32087,-0.10256,0.62988,0.82554
0.05735,0.10279,0.099588,0.05875,0.041458,0.059765,0.098657,0.13505,0.082265,-0.0093498,-0.085404,-0.15917,-0.20197,-0.1866,-0.14645,-0.1346,-0.14636,-0.20965,-0.25154,-0.12898,0.002127,0.0034585,0.0070954,-0.0224,-0.038214,-0.050923,-0.06558,-0.056928,-0.06663,-0.0593,-0.061269,0.027944,-0.10564,-0.088859,0.1557,0.24503,0.23286,0.2032,0.17817,0.071441,-0.004357,-0.049949,0.35163,0.33337,-0.45807,-0.26418,0.074632,0.057441,0.013846,-0.0064734,-0.0042576,-0.022472,-0.047935,0.11608,0.26324,0.28926,0.29042,0.098904,-0.18249,-0.050744,-0.027535,0.077919,0.1586,0.1746,0.16056,0.056042,-0.041326,-0.13084,-0.1892,-0.21003,-0.21908,-0.21665,-0.20606,-0.18897,-0.17363,-0.15259,-0.12579,-0.14241,-0.17527,-0.17771,-0.16567,-0.16817,-0.14419,-0.088329,-0.054565,-0.03741,0.030883,0.15207,0.25748,0.24277,0.10712,-0.064116,-0.1414,-0.21491,-0.36544,-0.45868,-0.5088,-0.43829,-0.23237,-0.22566,0.36724,0.33386,0.17195,0.039042,0.028904,0.016743,0.17606,0.27854,0.20415,0.11472,0.11641,0.16952,0.18752,0.091867,-0.0013907,0.017458,0.033746,0.02805,0.022857,0.00079631,-0.042153,-0.048936,-0.070643,-0.087369,-0.093856,-0.085167,-0.063808,-0.041065,0.0029169,-0.016458,-0.003237,-0.49637,-0.81233,-0.80337,-0.53782,-0.22201,-0.08436,-0.011664,0.006626,0.011587,-0.15348,-0.32054,0.1369,0.29995,-0.20469,-0.045836,0.32635,0.17866,-0.0032739,0.018012,0.057348,-0.093549,-0.17791,0.025298,0.19202,0.30278,0.38344,0.27171,0.045491,0.078796,0.023282,0.015394,-0.085402,-0.16327,-0.11938,-0.036685,0.039681,0.10936,0.1479,0.15617,0.15436,0.14808,0.14166,0.13453,0.13226,0.13154,0.12737,0.091064,0.072595,0.093119,0.10334,0.091438,0.04873,-0.01716,-0.077706,-0.095963,-0.081383,0.1061,0.19032,0.097975,-0.053869,-0.16714,-0.15032,-0.16073,-0.25112,-0.23447,-0.19668,-0.27121,-0.052571,0.023052
-0.1881,-0.14021,-0.19114,-0.24049,-0.14329,-0.091351,-0.13024,0.00021067,0.18805,0.16158,0.16417,0.15441,0.19743,0.24387,0.25443,0.26223,0.24167,0.24117,0.27623,0.29517,0.25069,0.16667,0.067593,-0.032354,-0.14295,-0.27155,-0.37159,-0.32649,-0.16068,-0.002316,0.050495,0.33215,0.13929,-0.28974,-0.18119,-0.027792,-0.052109,-0.11264,-0.17634,-0.22187,-0.28271,-0.32365,-0.31968,-0.26564,-0.16521,-0.16668,-0.21469,-0.084832,-0.084606,-0.2513,0.018488,0.081904,0.17352,0.16735,0.17517,0.4792,0.614,0.4086,0.11931,-0.0055141,0.044293,0.031434,0.093116,0.168,0.13481,0.057693,-0.073734,-0.19494,-0.24324,-0.24705,-0.2226,-0.22738,-0.24631,-0.27069,-0.26545,-0.22669,-0.1746,-0.12129,-0.07951,-0.10841,-0.1705,-0.20423,-0.20889,-0.18165,-0.14182,-0.21631,-0.24437,-0.1407,-0.069724,-0.018955,0.031393,0.057773,0.11461,0.1298,0.090986,0.16564,0.16458,0.088468,0.14281,-0.041595,0.092599,0.14551,0.15943,0.073532,0.015156,0.00017806,-0.026219,-0.10591,-0.19079,-0.19838,-0.12271,-0.041146,0.0045958,0.0174,0.022031,0.027063,0.034184,0.097043,0.13146,0.097482,0.07901,0.072053,0.12646,0.23817,0.30334,0.32803,0.3527,0.38154,0.25922,0.091381,0.14217,-0.15592,-0.6122,-0.83516,-0.6022,-0.14669,-0.08632,0.039681,0.1285,0.16087,0.16848,0.1331,-0.015513,0.0043361,0.18676,0.21988,0.14726,0.23774,0.52059,0.72377,-0.8996,-1.0378,-0.066267,-0.11607,-0.15395,0.13094,0.62254,0.60545,-0.080782,-0.20612,-0.21218,-0.19568,-0.18014,-0.17855,-0.13084,-0.059189,0.043459,0.14266,0.17867,0.17273,0.14221,0.13638,0.14675,0.17,0.17699,0.16332,0.11097,0.055586,0.034942,0.001151,0.0070149,0.072736,0.12928,0.13686,0.082736,0.0051363,-0.068324,-0.12296,-0.10992,-0.05721,-0.060873,-0.085769,-0.023263,0.012337,-0.028236,0.0036602,-0.2031,-0.49801,-0.16923,-0.086661
-0.029802,-0.077382,-0.023789,0.078624,0.035639,0.029923,0.064888,0.070016,0.038535,0.0089852,0.0019508,0.011176,0.027288,0.047832,0.076378,0.091418,0.090559,0.074152,0.1268,0.20376,0.19622,0.14144,0.068893,0.044202,0.077493,0.14622,0.20204,0.19471,0.11858,0.0094489,-0.03497,0.00074908,0.088691,0.075454,-0.013316,-0.07805,-0.12789,-0.16234,-0.19383,-0.14611,-0.092047,-0.13442,-0.20126,-0.20738,-0.13847,-0.087684,-0.078118,-0.084808,-0.065571,-0.043183,-0.03403,-0.019312,-0.023789,-0.049268,-0.04448,-0.063934,-0.1006,-0.035682,0.059596,-0.0025964,-0.035775,-0.0074455,0.037659,0.10448,0.077833,0.061019,0.071083,0.095931,0.084103,0.029349,-0.024206,-0.043894,-0.046122,-0.029159,0.0095254,0.054128,0.078382,0.079932,0.059362,0.025286,-0.0093291,-0.027433,-0.023785,-0.024011,-0.034023,-0.030784,-0.0012133,0.028861,0.059806,0.098974,0.13623,0.14377,0.20433,0.20342,0.068952,-0.0096811,-0.053671,-0.11412,0.012842,0.04754,-0.12639,-0.097486,-0.061397,-0.012081,-0.0028249,0.037163,0.090042,0.078137,0.033862,0.019592,0.035563,0.0073301,-0.023394,-0.0063222,0.014383,0.0035181,-0.0092394,-0.0026508,0.03303,0.050212,0.030296,0.015178,0.0010501,0.093052,0.16747,0.13702,0.12212,0.15487,0.18398,0.13275,0.10185,0.26567,0.38554,0.35408,0.17252,-0.015818,-0.14225,-0.21528,-0.21094,-0.16601,-0.12141,-0.14173,-0.21417,-0.13594,0.020671,0.092333,0.081969,0.0018396,-0.049502,-0.036307,0.047897,0.072281,-0.0016529,-0.09305,-0.13103,-0.046859,0.019698,0.0041371,-0.014246,-0.088473,-0.069026,-0.039273,-0.035426,-0.022683,0.028202,-0.022451,-0.082283,-0.06719,-0.053946,-0.049211,-0.045689,-0.037149,-0.035671,-0.043036,-0.067666,-0.090828,-0.096728,-0.099262,-0.09343,-0.079793,-0.060555,-0.048341,-0.045351,-0.037482,-0.014352,0.0091244,-0.0024561,-0.00062068,0.0036371,-0.0143,0.020519,0.042825,0.096934,0.10326,0.025432,0.058353,0.064715,-0.075628,-0.25355,-0.21477
-0.4145,-0.32993,-0.22387,-0.035261,0.12867,0.10864,0.07996,0.10347,0.062436,-0.062066,-0.095,-0.06838,-0.086802,-0.11158,-0.14461,-0.17113,-0.1806,-0.16747,-0.10019,-0.055674,-0.085573,-0.10346,-0.14557,-0.17873,-0.20343,-0.22851,-0.22309,-0.21462,-0.14068,-0.089753,-0.051524,-0.07094,-0.0013122,0.036925,0.060123,0.13956,0.18429,0.21579,0.20699,0.14229,0.048425,0.28965,0.50231,0.1866,-0.20064,0.11656,0.18304,0.15049,0.069576,-0.0044956,-0.00075198,0.019547,0.083542,0.15845,0.19485,0.22214,0.23513,0.29581,0.25992,0.079564,0.054617,-0.040085,0.10656,0.12009,0.10877,0.039887,-0.038317,-0.19137,-0.37228,-0.47822,-0.53264,-0.53655,-0.49786,-0.38586,-0.27369,-0.23099,-0.19552,-0.16474,-0.15736,-0.14887,-0.11136,-0.13299,-0.15895,-0.13459,-0.10492,-0.073686,-0.0026557,0.012708,0.014473,0.032503,0.009647,-0.017115,0.021479,0.030343,-0.13025,-0.34246,-0.47027,-0.34539,-0.21281,-0.31505,0.65159,0.55261,0.24028,0.044351,0.028895,-0.02017,0.11678,0.21777,0.15875,0.068482,0.049093,0.094271,0.077121,0.021168,0.015488,0.014609,0.032745,0.0671,0.034742,-0.021835,-0.017217,-0.018291,-0.029439,-0.038226,-0.038319,-0.025182,-0.010814,0.018203,-0.043994,-0.071615,-0.16397,-0.16901,-0.30166,-0.50034,-0.53996,-0.52557,-0.41526,-0.18796,0.018701,0.11952,0.068056,0.2152,0.72459,0.1358,-0.53613,-0.22295,0.020862,-0.13324,-0.28353,-0.35136,-0.29951,-0.16464,-0.0059383,0.12309,0.17749,0.17684,0.30697,0.48747,0.3825,0.10929,0.061615,0.034416,0.026988,0.029198,0.061178,0.08932,0.11526,0.099595,0.12307,0.22229,0.26489,0.25181,0.2029,0.19368,0.20594,0.1886,0.17809,0.16797,0.14874,0.12995,0.11221,0.082807,0.074747,0.071964,0.032646,-0.017479,-0.091534,-0.031192,0.038584,0.019663,-0.050359,-0.10157,-0.043182,-0.14642,-0.36458,-0.38178,-0.37126,-0.20982,0.51232,0.73461
-0.00063208,-0.015567,-0.10736,-0.1388,-0.10563,-0.049338,0.033905,0.055818,0.068885,0.06446,0.095504,0.12655,0.078383,0.014414,-0.17557,-0.35132,-0.3,-0.067783,0.14688,0.21504,0.22385,0.24465,0.18328,0.047577,-0.070656,-0.10688,-0.10834,-0.13485,-0.15177,-0.1279,0.012181,-0.052703,-0.16478,-0.1197,-0.033742,0.032671,0.07223,0.085688,0.13749,0.14517,0.056744,0.059281,0.085228,0.047904,0.0032606,0.0015498,0.015658,-0.033407,-0.061935,-0.045909,-0.040309,-0.028728,-0.0045901,0.0070308,0.013555,-0.059413,-0.15277,-0.069244,-0.062182,-0.11397,0.025484,0.043482,0.17776,0.27591,0.29033,0.28025,0.23054,0.15634,0.077294,0.0030563,-0.0517,-0.1268,-0.18324,-0.19189,-0.22327,-0.26062,-0.26653,-0.24485,-0.2084,-0.1776,-0.1599,-0.13279,-0.08005,-0.034882,-0.022083,-0.024242,0.00094774,0.099969,0.15135,0.16942,0.21836,0.093133,-0.011266,-0.04043,-0.10408,-0.070847,0.13089,0.3979,0.17388,0.066778,0.049098,0.064612,0.071474,0.025567,-0.091794,-0.08097,0.058848,0.091013,0.090256,0.089804,0.044776,0.0096164,0.024231,-0.00048227,-0.10765,-0.25958,-0.21165,-0.016554,0.090108,0.10093,0.064146,0.0063537,-0.016308,0.012381,0.048692,0.069872,0.063924,0.080537,0.1246,0.18438,0.020588,-0.36198,-0.37089,-0.3064,-0.26234,-0.19484,-0.11118,-0.031916,-0.00067469,-0.063446,-0.065003,0.097242,0.14908,0.080361,0.063092,0.092944,0.10588,-0.019354,-0.18812,-0.284,-0.22962,-0.12606,-0.11225,-0.1566,-0.18656,-0.11213,-0.028745,0.014544,0.076927,0.056565,0.083621,0.050033,0.016946,-0.07856,-0.13122,-0.086387,-0.038994,0.0087239,0.019338,0.02484,0.046825,0.080386,0.10934,0.11605,0.083611,0.068305,0.09171,0.088502,0.072133,0.061584,0.064159,0.05076,0.0059467,-0.046284,-0.070049,-0.043455,0.024819,0.0089485,0.030444,0.0649,0.01553,0.06253,0.12884,0.065751,0.024047,-0.0014348,0.016631,0.1463,-0.087097,-0.095608
0.19238,0.10562,0.014323,0.0097946,0.041222,0.046613,0.031157,0.047265,0.059772,0.0034321,-0.12764,-0.14837,-0.074252,-0.044084,-0.015592,-0.006245,-0.023869,-0.039481,-0.058574,-0.095602,-0.084555,-0.060094,0.032341,0.11439,0.10652,0.061266,-0.023237,-0.12598,-0.17816,-0.13916,-0.041488,-0.015512,0.040624,0.062561,0.043858,0.032922,-0.0032591,0.016114,0.04652,-0.0095737,-0.050969,-0.054722,-0.01108,0.072982,0.10187,0.083001,0.056896,0.02467,0.05208,0.060596,0.042246,0.053385,0.012426,-0.05926,-0.038596,0.003516,0.047323,0.13334,0.071907,-0.034527,-0.0052399,-0.003842,0.073993,0.08471,0.10511,0.066098,0.032447,-0.088088,-0.25539,-0.3485,-0.33465,-0.20873,-0.084936,-0.065711,-0.10939,-0.14599,-0.14771,-0.17853,-0.19937,-0.17916,-0.15814,-0.13339,-0.067959,0.0072417,0.041041,0.050999,0.025705,0.042978,0.069829,0.021498,0.14832,0.27236,0.11811,-0.11444,-0.19904,-0.018366,0.13055,0.067008,0.18849,0.2593,-0.058834,-0.018124,-0.014356,-0.060492,-0.090598,-0.033986,0.053858,0.091066,0.11042,0.099059,0.087812,0.039239,-0.020479,0.0092995,0.036042,0.052486,0.065273,0.0088191,-0.064281,-0.067131,-0.061633,-0.070021,-0.050118,-0.042486,-0.055681,-0.033121,0.018542,0.02472,0.0061972,0.036891,-0.040974,-0.048255,-0.063503,-0.10382,-0.075505,-0.04104,0.01422,0.047657,0.039431,0.0083941,-0.055978,-0.079055,9.46e-06,0.18122,0.22412,0.22621,0.23638,-0.034407,-0.25022,-0.17466,-0.0022078,0.041697,-0.10588,-0.2528,-0.26056,-0.16459,-0.035331,0.013364,-0.0027435,-0.026268,-0.038778,-0.054509,-0.085204,-0.10451,-0.071544,-0.017564,0.026163,0.042402,0.091555,0.16765,0.15549,0.064614,0.051952,0.10466,0.13019,0.16316,0.17946,0.13631,0.091952,0.093023,0.095137,0.087747,0.050612,-0.019802,-0.081495,-0.10635,-0.083718,0.013961,0.029956,-0.067075,0.010017,0.078188,0.069957,0.0041796,-0.038626,0.053603,0.077046,-0.032061,-0.35771,-0.31216
