-0.24322,-0.29917,-0.18779,0.010701,0.01646,-0.0050878,-0.0072086,0.017007,0.046022,0.054931,0.0084624,-0.032409,-0.023872,-0.026148,-0.044699,-0.059665,-0.071445,-0.068805,0.014701,0.16908,0.27495,0.28872,0.25125,0.21035,0.15925,0.072557,-0.0065559,-0.010694,0.056205,0.10505,-0.061641,-0.2717,-0.26576,-0.22904,-0.19148,-0.18407,-0.052263,0.059574,0.034162,-0.049673,-0.078895,-0.062534,-0.010754,0.058131,0.07886,0.075832,0.033773,-0.0018243,-0.034371,-0.029545,0.0036374,0.032421,0.053399,0.039933,-0.036045,0.0068682,0.17894,0.10224,-0.084508,-0.012152,-0.051436,-0.15052,-0.17305,-0.17755,-0.094207,-0.0014252,0.00694,-0.018939,-0.046563,-0.044511,0.0073342,0.061885,0.067437,0.027364,-0.058129,-0.10147,-0.068875,-0.024149,-0.0075794,-0.036888,-0.046988,-0.010422,0.020334,0.032043,0.036353,0.030854,0.031106,0.042936,0.054631,0.061219,0.084274,0.10295,0.011857,-0.030565,0.085742,0.10167,0.032729,0.07243,0.16909,0.20674,0.096068,0.082581,-0.001831,-0.035215,0.0088708,-0.047588,-0.086185,0.0052811,0.073232,0.078104,0.073334,0.0545,0.0088198,-0.015055,-0.019744,-0.025185,-0.02751,-0.014686,0.029254,0.052824,0.034178,0.013759,0.0056863,-0.00037605,0.0019852,0.030699,0.063212,0.074833,0.056679,-0.023031,-0.64322,-0.61908,-0.00027706,-0.091643,-0.082706,-0.074232,-0.10379,-0.17723,-0.26348,-0.25305,-0.15531,0.0026318,0.11927,0.16944,0.20969,0.21036,0.1181,0.0822,0.15183,0.12487,0.048033,0.012376,-0.027799,-0.11778,-0.39732,-0.40927,0.020982,0.15286,-0.0335,-0.010117,-0.011505,0.036669,0.087173,0.10136,0.037961,-0.0079958,0.0024251,0.0015342,-0.0080447,-0.012457,0.0042358,0.02113,0.019635,0.01901,0.011527,0.0049915,-0.0071761,-0.02821,-0.039463,-0.0099589,0.007321,-0.038872,-0.092584,-0.084833,-0.048861,-0.052566,-0.013416,0.037798,0.055698,0.041023,0.10893,0.26624,0.20932,-0.010032,-0.0056346,0.061782,0.073789,-0.034805,-0.037079,-0.035191
0.23344,0.16975,-0.023374,-0.1897,-0.16883,-0.12813,-0.059059,0.027869,0.057003,0.089822,0.05506,0.012961,-0.013716,-0.02431,-0.00098488,0.0056919,0.01063,0.0090515,-0.013982,-0.043894,-0.06897,-0.10302,-0.10965,-0.026492,0.076434,0.13205,0.1661,0.11146,0.083018,0.032441,0.011125,0.00041295,-0.03332,0.024936,0.063169,0.065775,0.082948,0.089006,0.067031,0.043941,-0.0030389,-0.06347,-0.039434,-0.020439,-0.05395,-0.030034,0.00039019,-0.0089814,0.011589,0.03613,0.022277,-0.0062215,-0.012049,-0.0011752,0.0059805,0.015691,-0.0091899,-0.017202,-0.0038739,-0.036993,0.059525,0.1722,0.122,-0.031146,-0.14172,-0.19831,-0.22997,-0.2045,-0.068588,0.051461,0.080865,0.02693,-0.066919,-0.093123,-0.078084,-0.022401,0.031576,0.071778,0.018417,-0.047218,-0.035702,-0.00456,0.0099485,0.0077306,-0.0015802,-0.012248,-0.067567,-0.050677,0.029424,0.069959,0.10423,0.19932,0.24017,0.075523,0.014528,0.056677,0.015031,0.071635,0.14459,0.17329,-0.081738,-0.12947,-0.071308,0.087004,0.070922,-0.040912,-0.090003,-0.020361,0.038729,0.074731,0.082441,0.063445,0.046073,0.017743,-0.013098,-0.0041665,0.0027187,0.0087811,0.011921,-0.011454,-0.031012,-0.025086,-0.020087,-0.07766,-0.15182,-0.16056,-0.17062,-0.14594,-0.14382,-0.050783,0.16275,0.1881,0.077786,0.0673,0.092379,0.039629,-0.022212,-0.058095,-0.050009,-0.017776,0.033314,0.094075,0.096702,0.041736,-0.004001,0.040762,0.10634,0.020289,-0.14394,-0.21344,-0.17132,-0.13791,-0.14203,-0.092237,-0.023641,-0.01049,-0.016163,-0.019596,-0.071818,-0.12376,-0.096803,-0.082781,-0.061633,0.0024963,0.051129,0.067079,0.07638,0.063375,0.080514,0.11992,0.11176,0.070871,0.046572,0.048183,0.042123,0.053609,0.063501,0.043778,0.036671,0.041989,0.024602,-0.013072,-0.011878,-0.012837,-0.052482,-0.072502,-0.072424,-0.093525,-0.076546,-0.039142,0.0685,0.28613,0.29659,0.11807,0.14566,0.14695,0.097809,-0.15705,-0.25053,-0.25116
-0.042193,-0.040026,-0.033107,-0.0087274,-0.037643,-0.082651,-0.053921,-0.046052,-0.088419,-0.098336,-0.057071,-0.023816,-0.033745,-0.049054,-0.083694,-0.11414,-0.13714,-0.13814,-0.058481,0.084513,0.1906,0.23222,0.22264,0.22718,0.22417,0.17694,0.094908,-0.026141,-0.12289,-0.14842,-0.078598,-0.041192,-0.073907,-0.079736,-0.03023,0.0042368,-0.0043495,-0.023974,-0.061597,-0.018658,-0.015787,-0.059161,-0.081696,-0.096449,-0.051907,0.010796,0.043511,0.039891,0.031983,0.0079406,0.0084308,-0.0077174,-0.027754,-0.015217,-0.0053358,-0.00074755,-0.098778,-0.15156,-0.033241,0.044172,0.14913,0.27925,0.35031,0.32421,0.23908,0.15787,0.1118,0.088576,0.06446,0.046886,0.063811,0.10333,0.12956,0.12262,0.098919,0.060108,0.0028656,-0.053382,-0.086349,-0.10374,-0.1066,-0.086753,-0.060878,-0.05121,-0.057764,-0.10545,-0.12439,-0.063092,-0.029467,-0.048667,-0.043385,0.060895,0.11404,-0.020023,-0.036256,0.057344,0.10276,0.14659,-0.07767,-0.2654,0.19445,0.13262,0.11757,0.13563,0.083264,0.029559,-0.054476,-0.12548,-0.14873,-0.11329,-0.075671,-0.026248,-0.01631,-0.049841,-0.067896,-0.086339,-0.096266,-0.078802,-0.026395,0.010456,0.0086902,-0.0071027,-0.019317,0.086184,0.18701,0.20653,0.24559,0.13538,0.024908,0.18898,0.36966,0.34216,0.13403,-0.037773,-0.13515,-0.18547,-0.21136,-0.2122,-0.17035,-0.11535,-0.067008,-0.1036,-0.16136,-0.13433,-0.048903,0.014883,0.029973,-0.0080152,0.021135,0.08905,0.083316,0.041785,0.023439,0.053683,0.074817,0.037516,-0.057405,-0.13283,-0.090767,-0.050689,-0.055902,-0.082288,-0.086159,-0.064406,-0.029924,-0.0016017,-0.025289,-0.064762,-0.029174,0.010712,0.00091194,-0.0085959,-0.011705,-0.018704,-0.020017,-0.013033,-0.0054895,0.0067733,0.018635,0.022607,0.024922,0.028899,0.0281,0.010688,-0.0090849,-0.0079798,-0.048181,-0.13684,-0.17452,-0.17444,-0.17394,0.063617,0.17642,0.060641,-0.017761,-0.004163,0.19353,-0.077907,-0.025064,0.041791
0.089906,0.15606,0.22307,0.17624,0.12391,0.078218,0.041543,-0.012141,-0.068938,-0.037869,0.030436,0.076202,0.084193,0.042432,0.013703,0.0094474,0.00052317,-0.023785,-0.022743,0.023973,0.069995,0.08018,0.059439,0.058607,0.067919,0.088053,0.11975,0.097754,-0.025765,-0.1337,-0.12168,-0.11827,-0.11846,-0.082889,-0.077308,-0.071796,-0.066059,-0.070703,-0.061937,-0.1037,-0.19825,-0.096397,0.0051615,-0.037273,-0.043836,2.7773e-05,0.033158,0.012383,0.0069176,0.02367,0.007688,-0.0204,-0.026971,-0.017124,-0.0040125,0.01189,0.036597,-0.015405,-0.072125,-0.066015,-0.10669,-0.035532,0.05593,0.13307,0.15022,0.11732,0.097797,0.11082,0.14755,0.17719,0.16694,0.072984,-0.054086,-0.091569,-0.076272,-0.017673,0.03821,0.047355,0.025615,0.0074462,-0.0095127,0.0056081,0.044674,0.049273,0.047441,0.048589,0.049528,0.018997,-0.019483,-0.015637,0.0054429,0.039268,-0.0046342,-0.13585,-0.13811,-0.11835,-0.11606,-0.15236,-0.2333,-0.26124,0.0062244,-0.080991,-0.063433,0.021655,-0.02515,-0.017593,0.01165,-0.085984,-0.19611,-0.106,0.04934,0.16641,0.12562,0.011702,-0.0016259,-0.00097267,-0.0025512,-0.0080218,-0.0077663,0.00042003,0.0077435,0.0078917,0.0057242,0.10246,0.19055,0.19339,0.19935,0.23358,0.1444,0.027546,0.081907,0.0004446,-0.09473,-0.040921,0.024361,-0.007277,-0.027835,-0.032682,-0.059362,-0.072796,-0.0086974,-0.044966,-0.098619,-0.12875,-0.11748,-0.058957,-0.025983,-0.070165,-0.13696,-0.16063,-0.10919,-0.026462,0.013016,0.0063703,0.062978,0.1416,0.1563,0.14758,0.16382,0.13366,0.10029,0.10044,0.029343,-0.016716,0.0068264,0.031575,-0.072208,-0.17607,-0.17418,-0.17103,-0.1845,-0.10955,-0.0027535,0.0023045,-0.0031946,-0.01789,-0.022047,-0.019435,-0.019486,-0.023146,0.017065,0.056526,0.014262,0.016288,0.023441,-0.0032698,0.0024165,0.041819,0.049047,0.037229,0.0276,0.16005,0.17353,-0.04615,-0.15467,-0.13421,-0.0695,-0.056267,-0.026577,-0.015222
0.14444,0.13542,0.065055,0.0075392,0.012464,0.019254,0.0092537,-0.0025506,-0.013913,-0.016194,-0.0077527,0.063728,0.1343,0.10389,0.076671,0.052888,0.099029,0.18734,0.18524,0.094653,-0.0038231,-0.067017,-0.09107,-0.093263,-0.043048,0.086794,0.21555,0.20272,0.019981,-0.11722,-0.067389,-0.055104,0.0034758,0.033157,0.010527,0.012781,0.003382,-0.018478,-0.0087337,-0.042727,-0.14151,-0.20355,-0.10683,-0.024067,-0.089083,-0.13116,-0.091102,-0.04043,-0.088454,-0.11931,-0.084834,-0.046622,-0.027297,-0.0077908,0.0054691,0.0042947,-0.038618,-0.050068,0.017517,0.047454,0.083927,0.11392,0.12557,0.13098,0.098642,0.061507,0.036232,0.0084987,-0.0029153,0.017623,0.077679,0.20425,0.34157,0.40917,0.39466,0.30833,0.17397,0.076119,0.060427,0.021607,0.0026508,0.030886,0.012031,-0.0083551,-0.0062092,-0.0024143,-0.098578,-0.1344,-0.15448,-0.18726,-0.085792,0.063279,0.10953,-0.049618,-0.13132,-0.11631,-0.074092,-0.049971,0.029527,0.011504,-0.086687,-0.1508,-0.15158,-0.008586,0.090037,0.07624,0.04681,0.026157,0.0051392,0.0011209,0.058344,0.060404,0.026004,0.032222,0.016996,0.00046492,0.02907,0.072117,0.072061,0.049355,0.03301,0.030738,0.033975,0.030679,0.01694,-0.011898,-0.056099,-0.041714,0.072404,0.15783,0.076094,-0.085958,-0.1283,-0.08044,-0.12558,-0.2063,-0.23774,-0.2074,-0.15668,-0.094586,-0.013585,0.069659,0.063888,0.0085001,-0.077609,-0.15103,-0.14,0.036845,0.2252,0.24563,0.18536,0.10222,0.071041,0.1009,0.10227,0.014193,-0.1329,-0.17433,-0.10445,-0.080627,-0.06827,-0.075224,-0.086158,-0.074321,-0.044051,-0.019085,-0.00024594,0.00073006,-0.053746,-0.10047,-0.059139,-0.0027343,0.020392,0.023578,-0.0034256,-0.041803,-0.018013,0.029154,0.018186,0.027948,0.041255,0.012822,0.026545,0.030078,0.0050738,0.0098533,0.051436,0.0088003,-0.064259,-0.050419,0.033994,0.17777,0.16592,0.038114,-0.055676,-0.042757,0.21691,-0.015672,-0.057115,-0.0034961
0.31298,0.33331,0.19536,-0.03204,-0.038878,-0.0012485,-0.015399,-0.036448,-0.064419,-0.062939,-0.077045,-0.085189,-0.022295,0.015866,0.007088,-8.757e-06,-0.00019456,0.056007,0.16701,0.24019,0.24191,0.18416,0.10519,0.045675,0.010756,-0.026408,-0.063063,-0.077287,-0.061269,-0.02239,-0.0057052,-0.027113,-0.050585,-0.038356,-0.023442,-0.019428,-0.02944,-0.044279,-0.07469,-0.02141,0.055575,0.035764,-0.027581,-0.070174,-0.083224,-0.058818,-0.020535,-0.0035914,0.0079499,0.0081744,-0.010532,-0.024832,-0.023541,-0.016741,-0.0055391,-0.0025979,0.012988,-0.002777,-0.0014286,0.083172,-0.097419,-0.30332,-0.26794,-0.15065,-0.024816,0.059098,0.080362,0.082833,0.10191,0.12316,0.15016,0.15044,0.061788,-0.080467,-0.12807,-0.09416,-0.04883,0.0062664,0.043123,0.018128,-0.024071,-0.016964,0.0041006,0.030651,0.050748,0.046798,-0.052303,-0.078976,-0.022722,0.057885,0.12661,0.15904,0.1808,0.026768,-0.071527,-0.087552,-0.1222,-0.10116,0.01168,0.084553,-0.042048,-0.1131,-0.099267,0.025407,0.039501,0.031618,0.021142,-0.044147,-0.12614,-0.095816,-0.033434,-0.026032,-0.04377,-0.041722,-0.037596,-0.03784,-0.034141,0.0043748,0.045142,0.040699,0.02329,0.013251,0.012843,0.055727,0.09694,0.04661,-0.00025044,0.018122,0.049627,0.068988,0.20562,0.28944,0.15732,0.03714,-0.063086,-0.12155,-0.128,-0.12311,-0.09275,-0.046847,0.0088185,0.013936,-0.058545,-0.10454,-0.10396,-0.076252,-0.037107,-0.037051,-0.044324,-0.030154,0.012797,0.055369,0.046671,0.038238,0.063787,0.019355,-0.089136,-0.062638,0.075469,0.13244,0.052823,0.082469,0.093874,0.045131,0.002356,-0.0064398,-0.038067,-0.031639,0.013903,0.015637,0.011161,0.0020027,-0.0049888,-0.0047263,-0.0055178,-0.013361,-0.028968,-0.055373,-0.078577,-0.046367,0.0087381,0.0042275,-0.019944,-0.015162,-0.0078544,-0.037314,-0.024682,-0.064519,-0.085522,0.025423,0.085932,0.17651,0.1841,0.053922,0.099011,0.046007,-0.14076,-0.011733,-0.013343,-0.021877
-0.077393,-0.13541,-0.19545,-0.058848,0.07842,0.050254,0.012898,0.019714,0.047344,0.032797,-0.026215,-0.065435,-0.027853,0.0042909,0.00074929,-0.0048416,-0.017446,-0.024562,-0.032979,-0.050917,-0.040191,0.012535,0.038854,0.022544,0.013759,-0.009408,-0.036675,-0.074589,0.028301,0.072002,-0.01016,0.032347,0.090559,0.11515,0.0751,0.031211,0.00090584,-0.012758,-0.00903,-0.033486,0.035836,0.089191,0.04709,0.049368,0.058767,-0.038767,-0.11386,-0.064061,-0.031189,-0.004876,0.0016138,-0.0087316,-0.0094394,-0.010643,-0.014754,-0.010886,0.034061,0.17046,0.17533,0.008,0.093333,0.13055,0.13257,0.07808,0.040218,0.050111,0.056515,0.00052463,-0.12757,-0.23816,-0.26863,-0.22436,-0.15498,-0.11472,-0.12207,-0.14141,-0.11663,-0.045455,0.0097504,-0.0046552,-0.031136,-0.01503,0.0053002,0.028069,0.053115,0.061637,0.08631,0.12033,0.12671,0.085897,0.0036503,-0.0023608,-0.043523,-0.184,-0.1584,0.0084318,0.087426,0.021438,-0.10906,-0.15854,0.01387,-0.016168,0.0081881,0.04296,0.0057761,-0.010181,-0.017247,0.05395,0.10272,0.071372,0.053507,0.021364,-0.024666,-0.030082,-0.022692,-0.021589,-0.024733,-0.035792,-0.04118,-0.035794,-0.022868,-0.010578,-0.010386,-0.017602,-0.02348,-0.035028,-0.049388,-0.032719,-0.13985,-0.47619,-0.43963,-0.28635,-0.1729,-0.03303,0.065197,0.11422,0.15164,0.182,0.17309,0.14431,0.10115,0.074558,0.020927,-0.043062,-0.084597,-0.12672,-0.16276,-0.092625,-0.012055,-0.043766,-0.031249,0.0033075,-0.059558,-0.1156,-0.10757,-0.11358,-0.071083,0.09551,0.19965,0.11691,0.10991,0.072534,0.06973,0.050248,0.035837,0.052527,0.066611,0.041247,0.011909,0.01683,0.014754,0.0058149,0.00093767,-0.0022505,0.0027404,0.014363,0.0077261,-0.02468,-0.056178,-0.030272,0.012642,-0.00066117,-0.022813,-0.00082967,0.035125,0.033918,0.077935,0.11984,0.10866,0.046641,-0.0009973,0.10426,0.124,-0.058045,-0.037302,0.047092,0.033062,-0.028713,0.034574,0.061834
0.014027,0.0462,0.13768,0.13004,0.078537,0.058542,0.037501,0.073259,0.12223,0.11815,0.051814,-0.041505,-0.064339,-0.048264,-0.042983,-0.033662,-0.034777,-0.060748,-0.096297,-0.12885,-0.14148,-0.10664,0.045584,0.18632,0.1649,0.044141,-0.10584,-0.12449,-0.10889,0.00041751,0.060524,0.018388,0.060566,0.11258,0.066329,-0.0013764,-0.0017415,0.024395,0.020741,0.032892,0.066767,0.05778,0.038079,0.046814,0.065613,0.070824,0.057858,0.025775,0.027641,0.058444,0.046432,0.0059684,-0.03218,-0.022857,-0.00052908,-0.01308,-0.0056599,0.015265,-0.0098116,0.0039716,0.028625,-0.10982,-0.24213,-0.21696,-0.15687,-0.10961,-0.10958,-0.1474,-0.1913,-0.2195,-0.2132,-0.18011,-0.15724,-0.14352,-0.11887,-0.097853,-0.081179,-0.055223,-0.020698,0.016568,0.036274,-0.010733,-0.042639,-0.038639,-0.044426,-0.044267,-0.014472,0.011351,0.11305,0.22086,0.15739,0.075542,-0.023897,-0.098339,0.051985,0.22725,0.31113,0.040236,-0.030375,-0.017141,-0.19056,-0.20166,-0.19702,-0.20688,-0.14808,-0.018177,0.011839,0.10838,0.15279,0.058515,-0.038607,-0.041737,-0.045814,-0.050371,-0.034658,-0.021673,-0.016201,-0.020808,-0.046905,-0.065641,-0.050601,-0.029277,-0.016442,-0.040546,-0.047753,-0.013,0.031039,-0.054142,-0.12071,-0.15256,-0.28225,-0.34393,-0.32095,-0.14154,0.054019,0.11345,0.05343,-0.01069,-0.043255,-0.050227,-0.033499,0.0050189,0.044785,0.08063,0.081284,0.04968,0.02244,-0.045877,-0.19842,-0.36984,-0.43548,-0.25067,0.099992,0.27837,0.36056,0.47879,0.44156,0.2084,-0.025507,-0.0583,-0.038765,-0.0021513,0.057905,0.056315,0.022484,0.00055219,0.0014983,0.0090299,0.0099156,0.0065716,-0.00080148,-0.0067802,-0.0016346,0.0010284,-0.0035154,-0.0065679,-0.011642,-0.010495,-0.015826,-0.047082,-0.079954,-0.052068,-0.0076399,-0.018923,-0.026891,-0.013158,-0.03373,0.086881,0.25365,0.28635,0.20711,0.23056,0.17254,-0.093575,-0.11746,0.10733,0.40444,0.24827,0.2763,0.21995
0.15822,0.14191,0.08705,0.038018,0.045621,0.056325,0.046911,0.043615,0.050403,0.055023,-0.013925,-0.14469,-0.10506,0.028199,0.030134,0.023503,0.012387,0.0051262,-0.0023424,-0.0037426,0.043146,0.064744,0.034667,0.01079,-0.030918,-0.067678,-0.099944,-0.1076,-0.12676,-0.049484,0.026735,0.016634,0.0038609,-0.015033,-0.041504,-0.041935,-0.025216,0.0054839,0.079561,0.082765,0.053612,0.035365,-0.021446,-0.079635,-0.11074,-0.098368,-0.054866,-0.018469,-0.022694,-0.04285,-0.045884,-0.0076132,0.029917,0.042022,0.098528,0.14694,0.18437,0.12042,-0.0049846,-0.017119,0.070099,0.16166,0.14896,0.066594,-0.033712,-0.097327,-0.10208,-0.057273,-0.022506,-0.065645,-0.12246,-0.12011,-0.070499,-0.0055585,0.0502,0.093681,0.13329,0.12306,0.069823,0.051932,-0.045316,-0.105,-0.065983,-0.036541,-0.028957,-0.054197,0.0056322,-0.0072501,-0.095113,-0.024803,0.049087,0.056577,0.0074425,-0.16028,-0.2663,-0.3205,-0.26325,-0.30432,-0.25294,-0.23601,0.11101,0.051506,0.052391,0.1014,0.076667,0.044328,0.021518,0.047138,0.051277,0.088232,0.10238,0.061095,-0.012391,-0.059152,-0.04633,-0.045507,-0.048111,-0.044933,-0.03804,-0.029934,-0.015945,-0.013052,-0.015563,-0.021599,-0.068911,-0.10306,-0.075891,-0.07195,-0.029445,-0.014514,0.089196,0.1789,0.21995,0.28357,0.24849,0.20911,0.17769,0.13574,0.058664,0.002933,-0.020007,-0.012788,-0.047497,-0.11013,-0.13354,-0.12993,-0.094123,-0.00086323,0.12678,0.19258,0.19471,0.11756,0.0042438,-0.025926,-0.093431,-0.1719,0.019997,0.17138,-0.044881,-0.12938,-0.10295,-0.09109,-0.083119,-0.039014,0.0098398,0.033538,0.044159,0.037037,0.02633,0.021006,0.01284,0.0061139,0.0044821,0.012382,0.015825,0.0043629,-0.01316,-0.0011423,0.033929,0.029912,0.072261,0.14501,0.15123,0.095098,0.045515,0.10609,0.10964,0.0059271,-0.050915,-0.02635,-0.025764,0.046969,-0.017334,-0.28957,-0.34857,-0.21223,0.07017,-0.023172,-0.16728,-0.15918
-0.22569,-0.18396,-0.09057,0.017089,0.09253,0.070136,0.072322,0.15383,0.15826,-0.0080852,-0.15142,-0.20375,-0.126,-0.013696,-0.017614,-0.031327,-0.080182,-0.15154,-0.21436,-0.25977,-0.20248,-0.1355,-0.12808,-0.087981,-0.073264,-0.047563,-0.02819,-0.020608,0.029905,0.019144,0.04545,0.05748,0.012394,0.028721,0.022537,-0.0030594,-0.0066733,0.0010865,0.0061184,0.02386,0.049006,0.044377,0.049625,0.081233,0.078449,0.057959,0.050966,0.046815,0.047497,0.052605,0.053721,0.028991,0.09966,0.18436,0.2033,0.13384,0.066336,0.19363,0.3598,0.21143,-0.02379,-0.075444,-0.25525,-0.33606,-0.3638,-0.30543,-0.19069,-0.11293,-0.10814,-0.12866,-0.15623,-0.17956,-0.17588,-0.15736,-0.11896,-0.049157,0.025702,0.069525,0.079488,0.042265,0.017128,0.042454,0.025566,5.9846e-05,-0.0099884,-0.019371,-0.0027965,0.0565,0.13397,0.13488,0.037365,-0.0077821,-0.093009,-0.20091,-0.097557,-0.032573,-0.066146,0.030514,0.035685,0.012496,0.16055,0.073569,0.00040457,-0.0604,-0.09544,0.057808,0.15902,0.24418,0.18849,0.021073,-0.048334,-0.0011827,-0.028547,-0.09288,-0.0837,-0.086377,-0.11594,-0.15498,-0.16874,-0.15406,-0.13319,-0.12829,-0.11384,-0.11078,-0.11461,-0.10625,-0.10345,-0.11771,-0.16894,-0.12779,0.050361,0.11394,0.069893,0.10641,0.16056,0.15873,0.15697,0.15633,0.14486,0.1015,0.059629,0.10286,0.21897,0.29931,0.24842,0.10559,0.010815,-0.038671,-0.095958,-0.15773,-0.19022,-0.15074,-0.13471,-0.081195,0.064363,0.15107,0.1075,0.099353,0.13003,0.11025,0.1517,0.091505,0.076703,0.14457,0.14453,0.091324,0.038436,0.056462,0.092671,0.087965,0.042447,0.0047675,0.01331,0.014965,0.0066003,0.0041831,-0.0044467,-0.027675,-0.045267,-0.011535,0.028764,-0.0072066,-0.025592,-0.058644,-0.096363,-0.090452,-0.071462,0.0093307,0.091346,0.070068,0.011301,0.086518,0.073322,-0.089053,-0.034932,0.0075021,-0.086777,-0.21579,-0.26396,-0.24788
0.087307,0.081958,-0.0011805,-0.05137,0.046631,0.086093,0.047794,0.023061,0.018458,0.047238,0.046511,-0.018157,-0.035135,-0.018908,-0.01192,-0.010779,-0.030742,-0.064786,-0.081455,-0.071052,-0.028998,0.029217,0.062824,0.039823,-0.00018488,-0.019167,-0.045162,-0.087117,-0.11867,-0.096486,-0.045863,-0.069234,-0.1164,-0.051723,-0.017362,-0.01763,0.0089898,0.030192,0.027406,0.07886,0.088135,0.012542,-0.057603,-0.094058,-0.05681,-0.0069256,0.016232,0.02025,-0.00079773,0.017578,0.037416,0.027761,0.023176,0.040207,0.049855,0.048293,-0.07961,-0.14113,0.017293,0.10294,0.044081,-0.034352,-0.0066572,0.01525,0.082049,0.14008,0.15869,0.18737,0.22044,0.22243,0.16938,0.099393,0.027816,-0.045694,-0.081342,-0.073933,-0.029473,0.040547,0.086301,0.086495,0.038125,-0.032895,-0.041951,-0.024692,-0.022863,-0.01692,0.0080454,-0.03515,-0.09195,-0.088654,-0.088365,-0.035099,-0.012631,-0.073763,-0.07681,-0.11349,-0.13759,-0.14044,-0.1115,-0.13367,0.02187,-0.040512,-0.021314,0.02398,-0.032806,-0.036119,-0.066905,-0.044606,-0.017821,-0.048039,-0.068028,-0.03994,-0.037379,-0.042895,-0.027584,-0.021153,-0.028662,-0.039197,-0.038542,-0.028508,-0.012384,-0.0025754,-0.0010275,-0.042527,-0.084339,-0.072287,-0.072061,-0.071078,-0.030479,0.038242,0.16614,0.20699,0.08106,0.12846,0.20554,0.16599,0.11749,0.087445,0.079432,0.077241,0.091954,0.047829,-0.054114,-0.091745,-0.073506,-0.060587,-0.030279,0.078677,0.13463,0.054986,-0.008439,0.020984,0.083529,0.068541,0.036857,-0.024711,-0.13163,-0.14707,-0.03658,0.020136,-0.0045907,0.000795,0.012816,0.024151,0.005381,-0.0012574,0.026694,0.045318,0.055776,0.054399,0.022481,-0.007207,-0.011662,-0.0082425,-0.0071287,-0.010259,-0.01646,-0.039404,-0.068577,-0.086269,-0.075952,0.0021178,0.048856,0.018068,0.013281,0.033702,-0.014256,0.0066467,0.049873,0.049296,0.030508,0.13841,0.15869,-0.11567,-0.21619,-0.076374,0.040353,0.0094256,0.02937,0.050913
-0.035986,-0.03658,-0.048406,-0.0018733,0.068083,0.044133,-0.0026023,0.011522,0.077147,0.095591,0.040269,-0.0042402,-0.031852,-0.051043,-0.046155,-0.069726,-0.095525,-0.11532,-0.11359,-0.048128,0.014735,-0.0048833,-0.032719,-0.059187,-0.078537,-0.084039,-0.071373,-0.09836,-0.12179,-0.16642,-0.019215,0.046979,0.024448,0.02116,0.0090422,-0.022332,-0.045672,-0.026342,0.0050374,-0.012383,0.073462,0.12606,0.12533,0.16691,0.15376,0.029111,-0.073191,-0.033023,0.0010717,0.010482,0.027357,0.036731,0.020356,0.022957,0.13331,0.23113,0.24502,0.14158,-0.031652,-0.011102,-0.26859,-0.48397,-0.49708,-0.47387,-0.43154,-0.34381,-0.21525,-0.1051,-0.032336,0.026263,0.043567,-0.044637,-0.15633,-0.18272,-0.15356,-0.092545,-0.0069217,0.073332,0.12013,0.12375,0.12706,0.090617,0.074345,0.084962,0.076522,0.077174,0.051342,0.0087934,-0.013292,-0.010519,-0.032618,-0.013698,0.013448,-0.073797,-0.14293,-0.15814,-0.13474,-0.14051,-0.18115,-0.21129,0.12403,0.063992,0.054551,0.063554,-0.026621,-0.055757,-0.028041,0.077603,0.16517,0.15979,0.14148,0.10341,0.067193,0.030803,-0.014304,-0.026366,-0.037927,-0.038068,-0.016588,0.0016777,0.0040584,0.0087093,0.010602,-0.04002,-0.092002,-0.081061,-0.066201,-0.028341,-0.047347,0.019784,-0.76351,-0.72376,-0.02651,-0.0099748,0.10785,0.21241,0.23729,0.22396,0.16755,0.091647,-0.077216,-0.15704,-0.13757,-0.091298,-0.099955,-0.12844,-0.1395,-0.11301,-0.04497,-0.023642,-0.069116,-0.16677,-0.1767,-0.065438,0.077174,0.22262,0.28261,0.18742,0.056547,0.073102,0.056577,0.20132,0.30159,0.28745,0.20139,0.10351,0.0496,0.027317,0.014842,0.014039,0.0058881,-0.0034063,0.011153,0.020595,0.013854,-0.0018526,0.0324,0.065202,0.035065,0.017641,-0.014302,0.013001,0.041548,-0.0046715,-0.0019594,-0.011758,0.0046172,0.0057687,-0.01076,-0.014028,-0.004298,0.12072,0.066732,-0.2003,-0.22979,-0.093871,3.1086e-05,-0.015257,0.034761,0.062378
0.18859,0.16955,0.12678,0.073779,0.023548,0.0018783,-0.018306,-0.051061,-0.10144,-0.11383,-0.053273,0.049409,0.10372,0.11485,0.12002,0.10947,0.074706,0.018704,-0.012416,0.0034226,0.037084,0.037869,-0.01076,-0.095801,-0.29836,-0.46517,-0.24077,0.16819,0.19279,0.13704,0.097046,0.064734,0.030233,0.033448,0.029325,0.03945,0.052476,0.041639,0.01949,0.030449,0.0028671,-0.075671,-0.090137,-0.11528,-0.13552,-0.095458,-0.066774,-0.022745,0.033047,-0.011341,-0.095852,-0.12557,-0.12436,-0.064174,-0.048509,-0.10048,-0.113,-0.003785,0.034397,-0.061196,0.040445,-0.19468,-0.49855,-0.46842,-0.12946,0.12296,0.13092,0.13238,0.14666,0.16085,0.1691,0.18465,0.18576,0.12293,0.050645,0.014634,-0.026998,-0.018954,-0.030881,-0.028234,0.023199,0.006811,-0.022582,-0.023448,-0.023028,-0.0024152,0.051372,0.053919,0.017054,-0.056946,-0.16902,-0.12159,0.12971,0.36362,0.35824,0.24428,0.17299,0.12322,0.076676,0.095735,-0.089999,-0.15157,-0.17288,-0.071895,0.0043542,-0.036252,-0.080673,-0.11789,-0.16051,-0.13081,-0.065126,-0.011358,0.039268,0.073526,0.078792,0.072847,0.055088,0.021068,0.0027914,0.010846,0.021826,0.02823,0.15105,0.25148,0.22199,0.18163,0.047818,-0.20844,-0.20795,-0.091944,0.13233,0.16945,0.048259,-0.015515,-0.047688,-0.039764,-0.030997,-0.025035,-0.0128,-0.022529,-0.022591,-0.010385,-0.11645,-0.23317,-0.2323,-0.17801,-0.18402,-0.22702,-0.17359,-0.10748,-0.041403,0.050082,0.086005,-0.018162,-0.15746,-0.30467,-0.4381,-0.42444,-0.21254,-0.053254,0.014572,-0.064936,0.0025228,0.0061173,-0.052901,0.038552,0.062365,0.069871,0.055652,0.042272,0.030017,0.014378,0.0051877,0.05324,0.11042,0.11159,0.11854,0.11043,0.092924,0.06556,0.011108,-0.032564,-0.03091,0.0048397,0.057905,0.11594,0.11249,0.11352,0.11091,0.071624,-0.0054882,0.096549,0.23968,0.11685,0.081633,0.030028,-0.056533,0.14654,0.15952,0.11573
0.13451,0.16097,0.13913,0.081936,0.033923,-0.00014357,-0.060646,-0.10913,-0.061031,-0.0061426,-0.014435,-0.019559,0.022731,0.073241,0.075832,0.080505,0.074337,0.046645,0.026198,0.048548,0.083555,0.079301,0.049291,0.02553,0.050129,0.095921,0.078427,0.033416,0.0038411,-0.0088122,-0.018311,-0.075267,-0.10183,-0.078341,-0.031411,0.00021704,-0.0094376,-0.029806,-0.067803,-0.023659,-0.016033,-0.025458,-0.0081817,-0.041892,-0.094615,-0.10884,-0.053854,-0.013752,0.0015578,0.0030886,-0.011236,-0.03503,-0.037875,-0.10935,-0.18993,-0.18503,-0.17862,-0.090912,0.044512,-0.0035414,-0.092309,-0.047779,-0.036698,-0.026595,0.029471,0.10168,0.12038,0.10134,0.070852,0.061027,0.096012,0.14837,0.17205,0.14665,0.088594,0.029709,0.010042,0.024403,0.030906,0.023819,0.0034146,0.014615,0.052517,0.058639,0.063986,0.071045,0.074425,0.071183,0.078,0.092992,0.066797,0.11693,0.16364,-0.029314,-0.13054,-0.052254,0.064555,0.095008,0.075636,0.10138,-0.074343,-0.14789,-0.17335,-0.07459,0.016608,0.01383,-0.021433,0.0020093,0.0098257,-0.0012687,0.037344,0.11722,0.092731,0.025033,0.030249,0.033539,0.030536,0.020235,0.015487,0.019964,0.023311,0.021909,0.019581,0.012048,0.044607,0.085446,0.037906,-0.0061399,0.047686,0.16688,0.27433,0.1998,0.057584,-0.083452,-0.16423,-0.19665,-0.21421,-0.20869,-0.16585,-0.1157,-0.050424,-0.0635,-0.10826,-0.12344,-0.14061,-0.13861,-0.089378,-0.057553,-0.08592,-0.105,-0.068684,-0.0017695,0.04936,0.091873,0.13468,0.09973,-0.048984,-0.1293,-0.077685,-0.078346,-0.046896,-0.0098287,0.0063015,-0.049946,-0.11081,-0.098662,-0.077181,-0.07253,-0.081409,-0.041781,-0.0022633,-0.010096,-0.014624,-0.024177,-0.035313,-0.029032,-0.024455,-0.040047,-0.053155,-0.062505,-0.0056192,0.051374,0.001669,0.016351,0.052359,0.045317,0.044547,0.036993,0.034117,0.024692,0.059379,0.23328,0.25074,0.15393,0.23761,0.085574,-0.26987,0.097595,0.15051,0.12093
0.087913,0.033476,-0.033929,-0.021297,-0.0079305,-0.01525,-0.025159,-0.035907,-0.053444,-0.085995,-0.088814,-0.049244,-0.031425,-0.042661,-0.022879,-0.016689,0.02038,0.076192,0.071351,0.016383,-0.052153,-0.093931,-0.062532,-0.0044132,0.034216,0.065582,0.061445,0.026808,0.0070709,-0.035056,-0.031637,-0.012842,-0.027288,0.00070109,0.016696,0.0154,2.141e-05,-0.027592,0.053897,0.084668,-0.01683,-0.043819,-0.020637,-0.014847,-0.010728,0.052914,0.11429,0.03567,-0.018865,-0.0087928,-0.0095556,-0.022733,-0.028195,-0.024055,-0.02577,-0.021542,0.019629,0.099457,0.13339,0.034478,0.0055404,-0.0030103,-0.024026,-0.018983,-0.031934,-0.080431,-0.11483,-0.12414,-0.1357,-0.1505,-0.15945,-0.13739,-0.0082217,0.22069,0.39583,0.42155,0.30569,0.14275,0.03654,-0.0030883,0.0021881,-0.037299,-0.046937,-0.02594,-0.031786,-0.035228,-0.10027,-0.11285,-0.057929,-0.010456,0.036455,0.10423,0.1215,0.0071692,0.028687,0.055512,-0.042372,-0.020984,-0.051567,-0.057683,0.14207,0.10334,0.12389,0.1561,0.12159,0.092758,0.020034,-0.033783,-0.072419,-0.098539,-0.03254,0.027923,0.038196,0.063908,0.085844,0.092916,0.064953,0.044238,0.048048,0.036813,0.0289,0.03074,0.03578,0.028098,0.015831,0.017393,0.032943,0.060392,0.030186,0.08865,0.31812,0.29553,0.10055,-0.078807,-0.19229,-0.23844,-0.22972,-0.17444,-0.085139,-0.015077,-0.018918,-0.061573,-0.051983,-0.0039109,0.014942,0.05673,0.11106,-0.037896,-0.13873,-0.067254,-0.045584,-0.015909,0.0029827,-0.016853,-0.02659,-0.02907,0.034068,0.10906,0.067225,-0.04765,-0.050762,-0.034245,-0.015496,-0.055141,-0.093463,-0.075533,-0.017456,0.023546,0.01147,0.0063615,8.9733e-05,-0.0046897,-0.0060018,0.0040653,0.020756,0.0087975,-0.031506,-0.062424,-0.0029976,0.079702,0.077062,0.072472,0.033767,-0.022218,-0.039029,-0.022693,-0.038041,-0.11327,-0.12285,-0.058919,-0.033549,0.083728,0.13616,-0.042504,-0.12018,-0.077369,-0.16929,-0.14582,-0.088211,-0.077198
-0.10892,-0.14568,-0.1522,-0.097561,-0.056908,-0.070654,-0.093781,-0.064173,-0.031063,-0.04205,-0.042162,-0.029761,0.022901,0.052997,0.053979,0.054616,0.050735,0.032816,0.016917,0.041938,0.10708,0.15453,0.16297,0.13362,0.07052,-0.0017877,-0.042194,-0.041431,-0.031993,-0.012456,0.0031369,-0.0078949,-0.027786,-0.019024,-0.013785,-0.018371,-0.029139,-0.048415,-0.083804,-0.031687,0.052137,0.052836,0.034012,0.038335,0.03757,-0.007112,-0.044765,-0.040787,-0.045592,-0.043536,-0.01393,-0.0061552,-0.012346,-0.0095241,-0.0048628,-0.0087532,0.025043,-0.008969,-0.090272,-0.050362,-0.020548,0.06399,0.14153,0.12895,0.08282,0.037701,-0.0086283,-0.039906,-0.043157,-0.033111,-0.039845,-0.040673,-0.01215,0.026651,0.071181,0.096627,0.050691,-0.022573,-0.054033,-0.049016,-0.027866,-0.023707,-0.018345,-0.015372,-0.024252,-0.020083,0.029573,0.068646,0.038816,-0.0059959,-0.0022501,0.10346,0.18068,0.04893,-0.063949,-0.088747,-0.0067066,0.10002,0.17313,0.16105,0.20295,0.16506,0.16117,0.12118,0.031254,0.055626,0.019145,-0.030817,-0.043683,-0.04578,0.016639,0.041764,0.019534,0.019105,0.025825,0.028096,0.027346,0.023282,0.0238,0.029084,0.029905,0.020409,0.0095519,0.002086,0.052449,0.052184,0.005601,0.025132,0.073276,0.10321,0.20317,0.21852,0.05705,-0.039469,-0.098178,-0.12071,-0.11957,-0.096563,-0.046521,-0.043388,-0.10341,-0.080327,-0.0071868,-0.045969,-0.10339,-0.065218,-0.027185,-0.026263,0.033171,0.040886,-0.0078715,-0.001183,0.01919,-0.034387,-0.1085,-0.19329,-0.17442,-0.041071,0.016018,0.013962,-0.017777,-0.037887,-0.029131,-0.0039937,0.0029537,0.0035997,0.02232,0.022938,0.013511,0.0085219,-0.0018715,-0.010801,-0.011178,-0.015119,-0.024772,-0.033491,-0.023723,-0.0022608,0.0065412,-0.0029921,-0.030893,-0.033826,-0.02001,-0.026518,-0.017563,0.01575,0.030358,0.0061898,-0.051351,-0.10538,-0.11857,0.094362,0.19613,0.076221,-0.040831,-0.059515,0.22058,-0.019196,-0.095259,-0.10842
-0.055122,0.00079312,0.088248,0.060575,0.025003,0.031964,0.027049,0.044471,0.069008,0.03773,-0.099794,-0.24186,-0.19527,-0.097592,-0.12262,-0.13737,-0.075424,0.030552,0.074004,0.15188,0.24121,0.25845,0.18935,0.069274,-0.040338,-0.09282,-0.10523,-0.10437,-0.085653,0.049074,-0.16702,-0.0099821,0.13644,0.05179,0.040136,0.03614,0.033309,0.022783,0.022209,-0.012839,-0.083132,-0.035541,0.057088,0.093628,0.11192,0.1074,0.091136,0.068838,0.061884,0.015297,-0.018041,0.022318,0.045887,0.059957,0.063827,0.043925,0.040628,0.16644,0.15789,0.0084474,-0.035519,-0.28912,-0.35246,-0.27699,-0.17131,-0.11134,-0.10505,-0.11885,-0.15081,-0.18631,-0.20659,-0.21351,-0.20133,-0.16608,-0.11407,-0.052426,0.010021,0.054419,0.060661,0.0554,0.040104,0.038146,0.075824,0.090148,0.085435,0.087519,0.050541,0.013377,0.022255,0.036953,-0.011417,-0.023333,-0.042851,-0.13181,-0.16502,-0.18598,-0.1552,-0.16822,-0.10876,-0.058556,0.12451,0.037198,-0.020105,0.046651,0.074736,0.04833,0.060438,0.099501,0.12662,0.086321,-0.022385,-0.089099,-0.12333,-0.15813,-0.16467,-0.16728,-0.14029,-0.092416,-0.060814,0.0056557,0.035262,0.0085487,0.0066761,0.01908,0.031964,0.026445,0.024468,0.040221,0.059272,-0.38428,-0.83812,-0.73556,-0.40085,-0.1361,-0.10472,0.015029,0.11581,0.14167,0.1301,0.095023,0.060733,0.021932,0.07083,0.17687,0.21271,0.16333,0.088105,-0.03991,-0.042863,0.10025,0.16638,0.011155,-0.17129,-0.066623,0.17671,0.35307,0.40362,0.31191,0.2031,0.15941,0.099199,0.11017,0.16891,0.10765,0.025952,-0.010069,0.0021587,0.0083334,-0.0021224,-0.0051045,-0.0089772,-0.017372,-0.019125,-0.021217,-0.03315,-0.04835,-0.069212,-0.069164,-0.058561,-0.073558,-0.088624,-0.027976,0.018917,-0.01328,0.0097081,0.012605,0.00048454,-0.0037015,0.011322,0.013578,-0.0042598,0.096213,0.088425,-0.10205,-0.17239,-0.088176,0.074203,-0.056349,-0.063435,-0.013
-0.22542,-0.20607,-0.1643,-0.096223,0.030202,0.083413,0.050034,0.060273,0.091393,0.11372,0.094738,0.020257,-0.025403,-0.013121,-0.0046662,-0.034476,-0.050716,-0.051159,-0.033855,0.0013502,0.00501,-0.041941,-0.072627,-0.066613,-0.032436,-0.013921,-0.053464,-0.11317,-0.14021,-0.048652,0.0014233,-0.01836,0.0089704,0.017251,-0.004638,0.008055,0.037538,0.058679,0.09956,0.085167,0.079056,0.079378,0.026265,0.034325,0.033012,-0.0078442,0.0037334,0.0305,0.030581,6.9676e-05,-0.024707,0.0021408,0.031109,0.028209,-0.019886,-0.088346,-0.11857,-0.035459,0.16114,0.22574,0.19166,0.19244,0.10019,-0.019721,-0.11481,-0.1811,-0.22644,-0.24802,-0.26403,-0.27878,-0.26961,-0.23616,-0.24317,-0.26832,-0.26355,-0.25176,-0.22995,-0.19114,-0.13547,-0.068773,-0.020469,0.001056,0.001759,0.018812,0.050107,0.059494,0.084587,0.10133,0.11391,0.12039,0.099575,0.1575,0.14846,-0.019127,-0.036723,0.05935,0.058177,-0.13706,-0.14022,-0.13152,0.15742,0.086122,0.051413,0.03717,-0.04424,-0.076084,-0.055782,0.059682,0.10506,0.041567,-0.008267,0.0070188,0.037572,0.027531,-0.013678,-0.030424,-0.036222,-0.027133,-0.0038754,0.020179,0.029792,0.030503,0.031456,0.025555,0.01798,0.0029646,0.006883,0.040049,0.091078,0.01228,-0.054534,-0.052596,0.003662,0.17354,0.18857,0.13322,0.07003,0.026104,0.0018354,0.008247,0.029929,0.020524,-0.044237,-0.086893,-0.13436,-0.14117,-0.091438,-0.061143,0.01562,0.10069,0.14137,0.07322,-0.044823,-0.11471,-0.15638,-0.26347,-0.43505,-0.46345,-0.2911,-0.085116,0.01203,-0.015424,-0.024002,0.014396,0.054366,0.07439,0.086379,0.12549,0.16042,0.15541,0.14911,0.14486,0.085149,0.033335,0.040382,0.047065,0.048039,0.03589,0.01953,-0.015322,-0.06295,-0.092722,-0.10008,-0.059382,-0.0088803,0.0036932,0.05979,0.085218,0.079418,0.056288,0.0074648,0.10909,0.10309,-0.10097,-0.07403,0.047281,0.23514,0.15144,0.05492,0.032861
0.32449,0.30078,0.18875,0.029974,-0.018254,-0.0088209,0.003497,0.010694,-0.008905,-0.030737,-0.077757,-0.071206,-0.042459,-0.076662,-0.08444,-0.069076,-0.049051,-0.0057427,0.10995,0.23313,0.26483,0.19678,0.082043,-0.012391,-0.068017,-0.10985,-0.14821,-0.15007,-0.066681,0.0034301,0.012453,-0.0014573,-0.022738,-0.013868,-0.0212,-0.040908,-0.055303,-0.065106,-0.084771,-0.020802,-0.0038223,-0.02794,-0.031419,-0.081611,-0.1044,-0.097213,-0.066973,-0.05316,-0.095386,-0.11802,-0.097758,-0.074239,-0.046861,-9.3025e-05,-0.033512,-0.091891,-0.14461,-0.12386,0.016345,0.077731,0.076337,0.13649,0.22927,0.24459,0.21258,0.19774,0.25053,0.33716,0.4161,0.4032,0.27406,0.14104,0.092027,0.10122,0.095473,0.072564,0.0037758,-0.071853,-0.098709,-0.082207,-0.077626,-0.078865,-0.054671,-0.045652,-0.057134,-0.066094,-0.031457,-0.099647,-0.21375,-0.21293,-0.058969,0.2006,0.27448,0.063676,-0.077146,-0.12835,-0.15415,-0.17525,-0.019529,0.059004,0.039601,-0.023,-0.022359,0.074084,0.098291,0.034024,-0.042623,-0.036564,-0.039087,-0.053232,-0.046494,-0.06855,-0.09303,-0.080349,-0.073577,-0.053139,-0.029324,-0.0025023,0.03346,0.043205,0.031807,0.026398,0.031468,0.033507,0.033542,0.047689,0.072459,0.10213,0.13151,0.12456,0.22515,0.26238,0.1045,-0.0088042,-0.050142,-0.047701,-0.0393,-0.033224,-0.016712,0.0012604,0.0084055,-0.030391,-0.077569,-0.11661,-0.12809,-0.1134,-0.060954,0.073383,0.19614,0.21293,0.20163,0.22454,0.25223,0.20104,0.12344,0.043597,-0.061424,-0.10388,-0.027105,0.0026247,-0.046349,-0.085473,-0.089866,-0.067768,-0.031593,0.001579,-0.056823,-0.10633,-0.069797,-0.073499,-0.13569,-0.091121,0.00064696,-0.0042509,-0.012578,-0.018077,0.006912,0.048792,0.065865,0.052695,0.025968,0.02245,0.011136,-0.047412,-0.10097,-0.098615,-0.088777,-0.078649,-0.095917,-0.073619,-0.024766,0.13916,0.16974,0.056096,-0.038128,-0.086687,0.097943,0.034494,-0.078586,-0.10694
-0.18362,-0.051216,0.1509,0.06235,-0.055488,-0.054621,-0.07718,-0.094805,-0.097987,-0.092806,-0.081327,-0.018896,0.090171,0.17732,0.25357,0.29547,0.28482,0.22759,0.14394,0.071394,0.051875,0.079531,0.13475,0.17039,0.10277,-0.01257,-0.052091,-0.017766,0.051788,-0.029114,-0.13659,-0.16423,-0.1736,-0.14372,-0.048612,0.024559,0.0166,0.00022427,-0.03332,0.018914,0.029141,-0.050003,-0.07844,-0.075291,-0.071151,-0.066524,-0.068805,-0.014852,0.011046,0.0074094,0.02374,0.024201,0.030295,0.049921,-0.041572,-0.17016,-0.17973,-0.10802,0.025953,0.026071,0.062203,0.20289,0.26479,0.29333,0.26969,0.22917,0.19783,0.16695,0.14495,0.14901,0.18341,0.22085,0.21284,0.13801,0.058272,0.042016,0.054975,0.045803,0.0088193,-0.021647,-0.01466,0.021216,0.0015682,-0.029714,-0.034745,-0.031236,-0.0075289,-0.012235,-0.05741,-0.1091,-0.15044,-0.86022,-0.81627,0.54139,0.77495,0.47774,0.06732,-0.00059944,0.0079181,0.049232,-0.14059,-0.1853,-0.21069,-0.17621,-0.064269,0.036008,-0.021727,-0.07038,-0.070406,-0.034594,0.041933,0.10642,0.11533,0.12667,0.15247,0.16089,0.15122,0.12922,0.10358,0.081776,0.072326,0.064234,0.047949,0.02739,0.023876,0.043994,0.064008,0.072991,0.097817,0.15202,0.30318,0.36561,0.17482,0.0038254,-0.092034,-0.13696,-0.1529,-0.14867,-0.10972,-0.071632,-0.050181,-0.037272,-0.0041873,0.034724,0.054598,0.057112,0.045436,0.12624,0.21164,0.19509,0.11283,0.07569,0.12932,0.18901,0.17358,0.033921,-0.15108,-0.23226,-0.15237,-0.08892,-0.026741,-0.015654,-0.079976,-0.10814,-0.069939,-0.036983,-0.011662,-0.0067088,-0.013016,-0.01413,-0.019326,-0.028359,-0.038192,-0.054989,-0.059538,-0.058253,-0.06836,-0.077757,-0.07637,-0.025643,0.014311,-0.031774,-0.038075,-0.029113,-0.023728,0.011484,0.026053,-0.027008,-0.096799,-0.14747,-0.1956,-0.99321,-1.0277,0.13895,0.31966,0.30316,0.26683,0.26985,0.21827,0.1427
-0.093992,-0.087669,-0.064498,-0.014722,0.048542,0.043869,0.022963,0.024964,0.038907,0.070622,0.045503,-0.0089912,-0.019509,-0.017146,-0.023313,-0.026589,-0.03033,-0.040829,-0.041973,-0.039207,-0.046191,-0.047333,-0.039931,-0.043256,-0.057135,-0.069056,-0.069053,-0.053307,-0.053483,0.12576,0.067963,0.15805,0.16423,-0.02608,-0.041276,-0.015769,0.022483,0.049601,0.097516,0.085377,0.052699,0.048912,0.032769,0.016227,-0.029483,-0.047298,-0.02226,-0.023792,-0.026189,0.0099247,0.038447,0.027152,0.0077493,0.062127,0.12743,0.1419,0.16699,0.046542,-0.15533,-0.17059,-0.1639,-0.062885,-0.080416,-0.15209,-0.18446,-0.18614,-0.17012,-0.18066,-0.20327,-0.19314,-0.14537,-0.085377,-0.043117,-0.015619,0.0093602,0.024652,0.018962,0.0036952,-0.0082484,-0.010201,-0.0037938,0.022871,0.059251,0.053962,0.042117,0.035941,0.016853,-8.409e-05,0.041193,0.1119,0.16597,0.23615,0.1659,-0.079625,-0.2566,-0.36913,-0.28128,-0.2035,-0.19032,-0.20391,0.089905,0.025689,0.062222,0.1259,0.027073,-0.0076759,0.024611,0.045484,0.050905,0.078865,0.095886,0.065135,0.0030989,-0.016803,-0.011918,-0.0091211,-0.0063447,-0.0023577,-0.013652,-0.025563,-0.016524,-0.0062001,-0.0013428,-0.0064647,-0.010336,0.001478,-0.0056503,-0.040658,-0.036304,-0.4908,-0.73207,-0.48429,0.022476,0.30078,0.25783,0.18359,0.11468,0.067575,0.017674,-0.042767,-0.066641,0.0089907,0.074152,0.051942,-0.002734,-0.011902,0.044626,0.089507,0.056069,-0.031405,-0.11775,-0.16578,-0.14792,-0.076833,0.0090723,0.072622,0.10845,0.083761,0.012604,0.019543,0.052833,0.086842,0.057643,0.047498,0.063431,0.059231,0.052641,0.042448,0.030631,0.022603,0.010259,0.00031013,0.014601,0.027239,0.020443,0.013798,0.0081045,0.0043693,0.0039123,-0.0068042,0.010452,0.025902,-0.023772,-0.01658,-0.0016688,-0.031986,-0.051128,-0.044147,0.016703,0.064846,0.064465,0.17038,0.13226,-0.10857,-0.16346,-0.18628,-0.2129,-0.089312,-0.067686,-0.059022
0.012886,0.018974,0.045227,0.060561,0.062643,0.045614,0.018139,-0.010665,-0.014234,0.03103,0.060757,0.084858,0.10226,0.070975,0.049265,0.029339,0.0056042,-0.039404,-0.12071,-0.24422,-0.36239,-0.39869,-0.27093,-0.084686,-0.012315,-0.020778,-0.0082635,-0.012179,-0.036723,-0.036369,-0.016607,0.0077358,0.0079404,0.0061624,0.018595,0.018499,0.00068094,0.002752,0.0078691,0.022102,0.069468,0.072525,0.056059,0.080698,0.11236,0.10987,0.054154,0.065966,0.12963,0.067977,-0.029761,-0.045594,-0.022618,-0.016477,-0.029259,-0.020651,0.014826,0.11793,0.1144,-0.064515,0.028371,0.10417,0.053166,-0.012508,-0.045056,-0.059804,-0.064348,-0.10071,-0.13531,-0.13078,-0.080196,0.0027334,0.067076,0.091047,0.094699,0.079428,0.028088,-0.017648,-0.023101,-0.0033783,0.016245,0.036972,0.064984,0.056797,0.046639,0.046445,0.041693,0.020065,0.032494,0.043097,0.048839,0.19215,0.10718,-0.24492,-0.38444,-0.34892,-0.21089,-0.08631,-0.0045518,0.024604,0.03212,-0.034599,-0.0086752,0.064494,0.014836,-0.039319,-0.11558,-0.13107,-0.079788,0.00028068,0.078591,0.063872,0.01866,0.026132,0.017061,0.0069459,-0.0042246,-0.02152,-0.046867,-0.085062,-0.11637,-0.10736,-0.045051,-0.045186,-0.08465,-0.074943,-0.0846,-0.099628,-0.075574,-0.024068,0.10031,0.12614,0.044438,0.0074544,0.03582,0.07715,0.090918,0.085189,0.057657,0.035864,0.00040485,-0.019364,0.024123,0.15611,0.29851,0.32007,0.18195,-0.050474,-0.14737,-0.057227,0.059799,0.10994,0.06161,-0.039815,-0.073766,-0.069546,-0.048349,0.036987,0.027612,-0.09407,-0.059695,-0.044483,-0.021223,0.014929,0.036632,0.047783,0.041673,0.025396,0.015364,0.0088823,-0.0015825,-0.010283,-0.011191,-0.015699,-0.024358,-0.030457,-0.014375,0.0052531,0.0010903,-0.023465,-0.014742,0.0072925,-0.03444,-0.030671,-0.016436,-0.032175,-0.023326,0.029919,0.087881,0.12081,0.12772,0.27098,0.22117,-0.12285,-0.19502,-0.14843,-0.19526,-0.15845,-0.14274,-0.13901
0.15825,0.10293,-0.0094904,-0.078972,-0.05731,-0.020652,-0.008424,-0.023346,-0.060404,-0.076077,-0.042569,-0.026937,-0.049449,-0.056674,-0.070882,-0.064597,-0.044,-0.030509,-0.0098277,0.04931,0.11266,0.12951,0.11609,0.091815,0.074891,0.072454,0.020893,-0.052922,-0.041157,0.043154,0.12375,0.13729,0.073456,0.026649,0.020667,0.028128,0.044567,0.038919,0.0149,0.017343,-0.014003,-0.08779,-0.082859,-0.046864,-0.026234,-0.0091988,-0.016053,-0.017241,-0.0042376,0.0058011,-0.0034501,-0.028818,-0.042642,-0.025633,-0.017331,-0.043394,-0.06725,-0.064561,-0.041101,-0.042911,0.029927,0.020182,-0.088413,-0.11501,-0.058394,0.032343,0.076012,0.063665,0.066508,0.096016,0.13016,0.15441,0.14276,0.068836,-0.018829,-0.079173,-0.11839,-0.113,-0.063733,-0.0073896,0.026966,0.046711,0.031006,0.012419,0.0088522,0.020925,0.054894,0.051444,0.036526,0.033232,0.029174,0.11133,0.14149,0.060314,0.017663,-0.13397,-0.20375,-0.072267,-0.062124,-0.097617,0.082833,0.038393,0.071297,0.1738,0.18881,0.10675,-0.0073616,-0.059071,-0.093541,-0.087458,-0.067854,-0.037786,-0.039013,-0.064222,-0.06368,-0.051536,-0.029598,-0.0085715,0.010782,0.026214,0.031087,0.027332,0.021344,0.013031,0.054006,0.10649,0.091891,0.084989,0.098072,0.068293,0.053156,0.00013592,-0.037531,-0.035553,-0.065888,-0.054996,-0.058474,-0.071428,-0.059138,-0.044138,-0.018895,0.012623,-0.0020523,-0.0054739,0.042311,0.070684,0.055598,0.050403,0.025922,-0.012526,0.0016135,0.042197,0.12074,0.17592,0.093841,-0.087156,-0.13003,-0.0093476,0.013035,-0.039032,-0.036367,-0.03651,0.0052484,0.037821,0.0268,0.015343,0.023702,0.0261,0.022029,0.023945,0.017145,0.0044894,-0.0040183,-0.0025803,0.0082741,0.022291,0.036896,0.03262,0.021874,-0.0018054,-0.043716,-0.08058,-0.052622,-0.010847,0.0016386,0.047031,0.062995,0.025787,0.0041723,-0.0098008,-0.037947,0.086057,0.10376,-0.063694,-0.051532,-0.03732,-0.22715,-0.2064,-0.29498,-0.40027
-0.10706,-0.13109,-0.12486,-0.068791,-0.021214,0.017206,0.042295,0.031486,0.021591,0.018164,0.019809,-0.00013473,-0.039212,-0.031687,0.003911,0.027109,0.038697,0.016449,-0.036184,-0.077789,-0.1028,-0.12595,-0.097046,0.023607,0.13083,0.14477,0.10132,0.027589,-0.066262,-0.17657,-0.048102,0.14703,0.20861,0.1056,0.10455,0.094803,0.076507,0.055798,0.08051,0.073111,0.077829,0.093023,0.066477,-0.0016135,-0.060428,-0.020746,-0.0057929,-0.02232,-0.028864,-0.052074,-0.054012,0.007105,0.039952,0.040508,0.044014,0.057141,0.091903,0.00073931,-0.15524,-0.20389,-0.22702,-0.11871,-0.054495,-0.031736,-0.040665,-0.062803,-0.063719,-0.048633,-0.077095,-0.1631,-0.23086,-0.23538,-0.18745,-0.13544,-0.11073,-0.096277,-0.066894,-0.028747,-0.0095182,0.0018655,0.010222,-0.019432,-0.035555,-0.023535,-0.019553,-0.018129,-0.001129,0.010621,0.029845,0.041001,0.043687,0.11228,0.081957,-0.048138,-0.048982,-0.047477,-0.05102,-0.019725,-0.046315,-0.075539,0.18408,0.13971,0.12648,0.074409,-0.061959,-0.056596,0.030101,0.044179,0.024153,0.01595,-0.0013732,-0.00064292,0.037782,0.024867,0.0020804,0.019572,0.029113,0.023935,0.012357,-0.013382,-0.02847,-0.019681,-0.012255,-0.012134,-0.024655,-0.021047,0.0043908,0.048143,-0.015115,-0.0147,-0.42148,-0.54094,-0.20652,0.066833,0.017822,-0.0022875,0.017595,0.059261,0.096018,0.10577,0.056426,0.057378,0.071761,-0.038223,-0.12352,-0.085883,-0.031058,0.00052068,0.027635,0.082641,0.073903,-0.066366,-0.13667,-0.080501,-0.035792,0.00030522,0.041924,0.052977,0.042095,0.043104,0.080101,0.1113,0.047344,-0.0017012,0.013635,0.027437,0.037901,0.024221,0.0055969,0.0069712,0.009064,0.0085752,0.0071426,0.025469,0.046601,0.045313,0.035186,0.015793,0.003817,-0.010236,-0.034507,-0.017153,0.046144,0.089046,0.098348,0.079289,0.0001105,-0.033921,0.0014263,0.0058795,-0.01867,0.095938,0.080251,-0.17509,-0.21264,-0.057978,0.066834,-0.08683,-0.040499,0.025438
-0.12429,-0.12017,-0.097056,-0.02799,0.03804,0.032853,0.0093555,0.013377,0.027964,0.011519,-0.046738,-0.063743,-0.038713,-0.053136,-0.041716,-0.024988,-0.037392,-0.053181,-0.06879,-0.081035,-0.084783,-0.11541,-0.14694,-0.12909,-0.049724,0.030866,0.052066,0.069294,0.021477,0.16853,0.18207,0.079797,0.24446,0.20131,0.042176,0.010297,-0.020425,-0.034281,-0.020712,0.020137,-0.0036413,-0.032505,-0.013214,0.019665,0.055993,0.04268,-0.0060786,-0.024016,0.0053954,0.0081309,-0.015316,-0.0082955,0.0038996,-0.015813,-0.047265,0.04115,0.13922,0.046322,-0.095728,-0.090613,-0.098536,-0.020625,6.8346e-05,0.0025933,-0.0048768,-0.050193,-0.088794,-0.10028,-0.09507,-0.10061,-0.093486,-0.054758,-0.0067529,0.037683,0.073186,0.087781,0.086798,0.078257,0.047151,0.033274,0.03645,0.033353,0.06773,0.064609,0.050697,0.053203,0.044905,0.040375,0.050593,0.024607,-0.068169,-0.084631,-0.12833,-0.28152,-0.21007,-0.068192,-0.0089237,0.14652,-0.095809,-0.26394,0.18821,0.12632,0.10174,0.10947,0.049551,0.028884,0.02777,0.069231,0.086689,0.054329,0.039332,0.030329,0.043908,0.069361,0.032059,-0.007464,-0.010391,-0.010416,-0.0017809,0.012159,0.0050576,-0.0097807,-0.0061396,-0.0087215,-0.062903,-0.11552,-0.10958,-0.11421,-0.049926,-0.0887,-0.38911,-0.56255,-0.28644,0.038834,0.14153,0.15317,0.18953,0.22136,0.20055,0.10971,0.039601,-0.009281,0.0043853,0.10124,0.18401,0.15276,0.014445,-0.13679,-0.16184,-0.078174,-0.0029302,-0.0096774,-0.06282,-0.1424,-0.20604,-0.043322,0.23723,0.25447,0.095486,0.072349,0.067217,0.08538,0.017229,-0.034166,-0.016962,0.0018881,0.017483,0.014784,0.011656,0.014853,0.0056382,-0.0027704,-0.0035804,-0.0078169,-0.016948,-0.025423,-0.036455,-0.05158,0.014979,0.092039,0.09083,0.11996,0.092538,0.079863,0.078042,0.042259,0.020475,0.024328,0.038096,0.0018145,-0.052516,0.044076,0.020853,-0.20315,-0.20504,-0.081222,-0.14419,-0.22199,-0.27354,-0.36058
-0.46354,-0.20483,0.0399,-0.00034169,0.023734,0.0073001,-0.011903,0.0044284,0.069901,0.12634,0.12725,0.092846,0.038468,-0.012023,-0.0089886,0.024651,0.042419,0.041859,0.013933,-0.056469,-0.1708,-0.30257,-0.38611,-0.37247,-0.22894,0.022703,0.18873,0.20359,0.18055,0.08547,0.085931,0.083901,0.051176,0.053133,0.025095,0.0010703,0.0031684,0.025001,0.022979,-0.022493,-0.029339,-0.03141,-0.019627,0.022418,0.020435,-0.017417,-0.045194,-0.053743,-0.037138,-0.020648,-0.049433,-0.060857,-0.027325,0.023555,0.022042,0.017457,0.025181,0.11545,0.072688,-0.16412,-0.087584,-0.011578,0.11603,0.16009,0.14763,0.12967,0.13718,0.13498,0.10972,0.061256,-0.024805,-0.1075,-0.14391,-0.14889,-0.12384,-0.072298,0.0015258,0.067535,0.082799,0.064829,0.033793,-0.0030553,-0.017875,-0.020096,-0.034028,-0.038623,-0.026611,0.019396,0.047704,0.06086,0.081624,0.11945,0.10848,-0.039113,-0.080117,-0.023476,0.11435,0.57503,-0.28112,-0.82412,0.3317,0.21349,0.11896,0.11019,0.07648,0.10483,0.08231,-0.0065711,-0.080857,-0.077486,-0.025244,0.029223,0.053001,0.047375,0.044093,0.05716,0.069221,0.072856,0.06996,0.067347,0.059817,0.043614,0.038279,0.045555,0.063971,-0.014472,-0.1367,-0.15688,-0.1615,-0.023273,0.10778,0.048621,-0.077475,-0.055759,0.033551,0.059253,0.10498,0.11446,0.088939,0.065334,0.025066,0.022826,0.0093788,0.0091262,0.016817,-0.055502,-0.15755,-0.14038,0.049733,0.15841,0.21855,0.28149,0.29069,0.13409,-0.042308,-0.027735,0.19983,0.31146,0.17047,0.061696,0.089792,0.059613,0.050311,0.058502,0.085949,0.048451,0.013802,0.0213,0.013288,0.0030522,-0.022973,-0.037287,-0.02735,-0.022403,-0.02782,-0.04047,-0.06449,-0.096099,-0.11739,-0.13525,-0.15364,-0.1559,-0.11773,-0.088651,-0.07691,-0.013806,0.01112,-0.071495,-0.058335,0.01805,0.010672,0.10347,0.09832,-0.13029,-0.16378,-0.048062,-0.1116,-0.23885,-0.44449,-0.59468
0.049252,0.043503,0.0095,0.0046536,0.049613,0.022588,-0.022287,-0.053733,-0.069871,-0.042031,-0.049973,-0.0506,0.010278,0.057139,0.073424,0.069905,0.039528,0.0079864,-0.014722,-0.03254,-0.0058858,0.1036,0.19438,0.22488,0.24963,0.26128,0.21535,0.10381,0.0064091,-0.05211,0.020526,0.053254,0.057909,0.069303,0.054282,0.02522,-0.0055793,-0.02435,-0.041208,-0.004543,-0.019727,-0.034022,-0.001176,-0.0083066,-0.012063,0.024151,0.051127,0.037032,0.018771,-0.010387,-0.025164,0.032088,0.089698,0.040022,-0.033806,-0.014516,0.027876,-0.012479,-0.09237,-0.051415,-0.029642,0.046011,0.12473,0.11388,0.034679,-0.062383,-0.11008,-0.073723,0.012223,0.098838,0.15741,0.16726,0.14807,0.1226,0.084423,0.022872,-0.02045,-0.011183,-0.034621,-0.038104,0.0092845,-0.0030932,-0.023287,-0.021212,-0.033019,-0.040536,-0.13545,-0.16984,-0.13314,-0.13337,-0.095066,-0.0028857,0.0057959,-0.090636,-0.16385,-0.33012,-0.27931,-0.18996,-0.2084,-0.30495,0.17809,0.11888,0.12236,0.15896,0.092147,0.07006,0.04218,-0.01772,-0.031365,0.022614,0.07094,0.055096,0.0021173,0.0013347,0.017648,0.017781,0.0024198,-0.024346,-0.0392,-0.038298,-0.029112,-0.0032217,-0.00034947,-0.027499,-0.052558,-0.056616,-0.030468,-0.029996,-0.035745,0.053502,-0.0054871,-0.10009,-0.057932,0.020617,0.05946,0.05158,0.063439,0.097342,0.11429,0.046652,-0.03224,-0.043007,-0.0020465,0.012997,0.013377,0.04061,0.062818,0.04684,0.071408,0.12712,0.1495,0.12255,0.08908,-0.032702,-0.14705,-0.088574,0.024619,0.058714,-0.0020164,-0.00091952,-0.040387,-0.068097,-0.061248,-0.036384,-0.0011528,0.018798,0.027699,0.023951,0.017185,0.022269,0.019103,0.026635,0.038882,0.030176,0.021141,0.047514,0.07931,0.070135,0.083101,0.087815,0.039218,-0.0015777,-0.011553,-0.01557,-0.025081,-0.033211,-0.021528,-0.06555,-0.099743,-0.082479,-0.098473,0.0021504,0.019074,-0.20827,-0.29751,-0.31774,-0.2382,-0.06909,-0.22033,-0.33752
-0.07099,-0.030653,0.019217,0.00018635,-0.049494,-0.067034,-0.077872,-0.078167,-0.092569,-0.11943,-0.1053,-0.052263,-0.059179,-0.095845,-0.097308,-0.081646,-0.048123,-0.0048253,0.021117,0.029789,-0.010702,-0.11938,-0.20146,-0.20278,-0.079308,0.095112,0.19268,0.21509,0.14834,0.027052,-0.0048628,-0.010129,-0.031712,-0.0093649,0.00047265,-0.0071632,0.0027788,0.019061,0.0070725,0.052411,0.010053,-0.092816,-0.092438,-0.061556,-0.040312,-0.058355,-0.057972,0.016188,0.036383,-0.0033113,-0.025394,-0.036294,-0.021003,0.019637,0.062345,-0.028711,-0.15107,-0.081727,0.054083,0.14684,0.25835,0.41215,0.53761,0.559,0.4916,0.39654,0.31963,0.2835,0.27068,0.24736,0.21691,0.19983,0.20258,0.18815,0.13385,0.062762,0.0080222,-0.016454,-0.039147,-0.054409,-0.038065,-0.074295,-0.095031,-0.083108,-0.088613,-0.09105,-0.15134,-0.16097,-0.12677,-0.13928,-0.15249,-0.76286,-0.70124,0.52991,0.77134,0.60718,0.17887,0.098533,-0.013533,-0.025262,-0.076737,-0.15502,-0.20035,-0.094845,0.0075502,-0.03393,-0.060205,-0.0041807,0.0085296,-0.01231,-0.027773,-0.043296,-0.050941,-0.043872,-0.032256,-0.011089,0.0023112,0.016237,0.03443,0.042316,0.042579,0.037272,0.034361,0.033904,0.029346,0.0069642,-0.021079,-0.030753,-0.021089,0.12861,0.39893,0.42638,0.26381,0.15807,0.11214,0.084729,0.047341,-0.0091848,-0.033235,-0.071564,-0.035535,0.069624,0.17635,0.25921,0.2981,0.25925,0.18317,0.1888,0.23685,0.26721,0.24489,0.24337,0.31826,0.35601,0.2833,0.10612,-0.12559,-0.21627,-0.14184,-0.085992,-0.084842,-0.10624,-0.10247,-0.072074,-0.03526,-0.0114,0.00499,0.01183,0.011206,0.0030787,-0.021819,-0.048206,-0.059981,-0.070524,-0.083342,-0.08854,-0.090246,-0.09589,-0.033465,0.041372,0.024258,0.014614,0.010151,0.0007935,0.00080288,0.007793,0.013937,-0.036483,-0.078775,-0.024994,-0.062832,-1.523,-1.6629,0.13024,0.37875,0.24627,-0.08891,0.10038,0.1274,0.088872
0.063134,-0.064197,-0.10526,0.03906,-0.014188,-0.077821,-0.047418,-0.076114,-0.068949,-0.046968,-0.042402,-0.033107,-0.038537,-0.053163,-0.037058,-0.013298,-0.0095928,0.0039624,0.063947,0.12033,0.1035,-0.045859,-0.17668,-0.17003,-0.089411,0.055158,0.1555,0.14788,0.13014,0.069453,0.05518,0.059839,0.041609,0.079788,0.10177,0.088981,0.069567,0.053643,0.028953,0.016494,-0.036843,-0.10947,-0.11203,-0.068853,-0.037963,-0.019238,-0.022085,-0.04895,-0.032024,0.010936,0.02442,0.017662,0.01754,0.0013282,-0.061877,-0.095054,-0.089058,-0.042073,-0.00074705,-0.013662,0.13476,0.39347,0.54044,0.5237,0.4165,0.30746,0.22422,0.18061,0.18467,0.20169,0.21025,0.19665,0.15112,0.094742,0.048221,0.002899,-0.033395,-0.067526,-0.097063,-0.10017,-0.090686,-0.078294,-0.06736,-0.05931,-0.062236,-0.066824,-0.13914,-0.14228,-0.10622,-0.11468,-0.060811,-0.71038,-0.76397,0.51315,0.86602,0.54188,0.42538,0.22974,0.040785,0.00628,-0.27196,-0.28931,-0.23171,-0.2418,-0.26856,-0.11275,-0.06531,-0.075912,0.0048228,0.057386,0.042913,-0.0084302,-0.018087,0.0068805,0.028389,0.0497,0.056275,0.061958,0.08117,0.090599,0.088466,0.067202,0.047158,0.04654,0.043281,0.0060123,-0.043931,-0.037874,-0.044618,0.057941,0.27517,0.25748,0.079885,-0.041491,-0.085891,-0.090349,-0.067475,-0.059072,-0.052787,-0.084058,-0.098787,-0.039976,0.065589,0.19136,0.26233,0.1852,0.079964,0.083104,0.15394,0.15189,0.1194,0.1645,0.25773,0.29325,0.29236,0.25439,0.081124,-0.10967,-0.19346,-0.21807,-0.1635,-0.123,-0.11091,-0.093133,-0.068845,-0.047946,-0.03192,-0.028863,-0.028338,-0.025178,-0.036483,-0.058932,-0.066596,-0.067165,-0.072574,-0.071858,-0.069029,-0.063441,-0.051307,-0.050034,-0.060895,-0.073562,-0.033123,0.014801,0.011498,0.0095295,0.029418,0.012451,-0.032005,0.013561,0.088334,-1.3468,-1.3806,0.25718,0.37167,0.3884,0.49967,0.84499,1.103,1.1353
0.1403,0.13404,0.15515,0.17372,0.12505,0.063146,0.013716,0.024015,0.085314,0.1184,0.053717,-0.027105,-0.025761,-0.0050881,0.0025901,0.0099598,0.0051935,-0.021356,-0.058615,-0.12354,-0.20434,-0.20086,-0.14403,-0.063467,-0.0072877,-0.026661,-0.039434,-0.039801,0.0082485,0.0062104,0.064978,0.10572,0.07064,0.056192,0.012979,-0.042999,-0.077096,-0.068085,-0.035521,-0.037374,0.022214,0.052559,-0.0080971,-0.045974,-0.01368,0.030955,0.042897,0.054728,0.081563,0.10202,0.092995,0.072993,0.055673,0.090891,0.13384,0.14876,0.17188,0.18547,0.10527,-0.0057193,0.029149,-0.20923,-0.41269,-0.51396,-0.58202,-0.48726,-0.29135,-0.13352,-0.016428,0.094382,0.12205,-0.0019829,-0.10756,-0.090591,-0.051884,-0.036953,-0.040563,-0.01408,-0.0049742,0.016824,0.044436,0.050881,0.079681,0.065814,0.042671,0.051545,0.052903,-0.017209,-0.021858,0.015394,-0.095808,-0.1888,-0.24199,-0.24455,-0.017759,0.1113,0.08556,-0.095277,-0.13912,-0.1031,-0.083619,-0.14898,-0.19042,-0.125,-0.072691,-0.061631,-0.021172,0.065056,0.13941,0.14736,0.12102,0.052804,-0.013256,-0.017068,-0.0026857,0.0063356,0.0073468,0.00058859,-0.077301,-0.16616,-0.1736,-0.15163,-0.1286,-0.15506,-0.19116,-0.14326,-0.099634,-0.10392,-0.14698,-0.11475,-0.0031794,0.029826,0.027961,0.04804,0.13607,0.21744,0.25648,0.26455,0.228,0.16884,0.079704,0.01572,-0.054672,-0.090068,-0.060529,-0.032452,-0.022865,-0.036643,-0.1216,-0.17333,-0.16943,-0.18312,-0.13694,-0.064922,-0.010218,0.11543,0.20923,0.13724,0.043005,0.017348,0.044049,-0.042605,-0.049811,0.057127,0.093384,-0.016946,-0.030544,0.033018,0.025409,0.034349,0.029195,0.021799,0.034858,0.029616,0.01947,0.042642,0.069157,0.053729,0.071998,0.084435,0.062865,0.078074,0.054078,0.021741,0.012375,0.0044112,0.018899,0.056443,0.13647,0.15891,0.04062,0.0192,-0.011552,-0.15826,-0.084934,0.027105,0.16638,0.34065,0.33653,0.26696
-0.080198,-0.086418,-0.035632,0.035888,0.072098,0.064511,0.0439,0.021988,0.012497,0.051192,0.047408,-0.013958,-0.012248,0.01243,0.012377,0.011489,-0.0046394,-0.028754,-0.048093,-0.065656,-0.061578,-0.079975,-0.13551,-0.18726,-0.17092,-0.11972,-0.02896,0.031214,-0.015805,-0.062185,-0.06129,-0.073291,-0.092965,-0.083347,-0.0019921,0.082225,0.096165,0.082931,0.050224,-0.015532,-0.04892,-0.023288,-0.038364,-0.073439,-0.049251,0.011098,0.045223,0.042628,0.042001,0.036804,0.019733,-0.020493,-0.03466,-0.013103,-0.0016377,0.0082228,-0.12258,-0.2028,-0.063431,-0.070932,-0.024904,0.082454,0.21259,0.33106,0.32598,0.27062,0.20901,0.10976,-0.029195,-0.10676,-0.083659,-0.037224,0.0065641,0.046894,0.082904,0.10084,0.10215,0.082546,0.037169,-0.011235,-0.057847,-0.072755,-0.047841,-0.030769,-0.033037,-0.062134,0.018063,0.036489,-0.028739,-0.02684,-0.017225,0.056345,0.033825,-0.046987,0.0031755,-0.013145,-0.014152,0.21289,0.26961,0.24079,-0.12409,-0.11919,-0.09814,-0.13725,-0.10495,0.07049,0.061367,0.00071987,-0.019764,-0.039001,-0.061206,-0.031278,-0.024073,-0.036855,-0.028378,-0.0244,-0.029905,-0.050744,-0.062239,-0.055665,-0.039939,-0.0718,-0.11534,-0.12115,-0.12256,-0.10936,-0.080263,-0.054527,0.026367,0.17708,0.39901,0.44334,0.27619,0.14328,0.070714,0.0074083,-0.044369,-0.022841,0.034126,0.098415,0.10974,0.011948,-0.095849,-0.11678,-0.060215,-0.0059683,0.02222,0.027935,0.017729,0.024367,0.061404,0.094897,0.082939,0.059247,0.059227,0.10187,0.11516,0.12463,0.15277,0.08621,0.079097,-0.0082458,-0.092366,-0.068186,-0.02869,0.0033848,0.025139,-0.024402,-0.041117,-0.0040798,-0.015373,-0.024683,-0.025527,-0.029512,-0.039176,-0.049098,-0.06102,-0.072223,-0.070204,-0.060399,-0.012918,0.05587,0.08167,0.063209,0.016133,0.06933,0.11849,0.12451,0.12843,0.11143,0.089468,0.20616,0.19313,0.060027,-0.026396,-0.066049,0.035788,-0.1496,-0.1356,-0.12963
0.13213,0.17474,0.10105,-0.028474,-0.007716,-0.0060007,-0.019455,-0.028336,0.00052072,0.030143,-0.0012448,-0.024672,-0.019668,-0.0084929,-0.013311,-0.043152,-0.078151,-0.10949,-0.10569,0.0075769,0.14657,0.17246,0.15575,0.059342,-0.090735,-0.18878,-0.23572,-0.12454,0.017526,0.012457,0.024173,-0.0052501,-0.037331,-0.036291,-0.053008,-0.033065,0.00082377,0.021113,0.02917,-0.025322,-0.0076218,0.037421,0.040085,0.063996,0.064216,0.029111,-0.0050428,-0.02137,-0.01541,-0.019208,-0.011749,0.0048286,-0.0048578,-0.019739,0.00088073,0.052121,0.089098,0.062076,0.010543,0.027562,0.031077,0.0133,0.041697,0.083938,0.056658,0.0039469,-0.051332,-0.081829,-0.08353,-0.065116,-0.062301,-0.083297,-0.095829,-0.1004,-0.099885,-0.086538,-0.031096,0.030786,0.041897,0.028999,0.001031,-0.031625,-0.021574,-0.00071087,0.0014279,-0.04102,0.0095505,0.06179,-0.00012477,-0.035796,-0.012616,0.11234,0.14414,0.037741,0.045933,0.074927,0.053598,0.21592,0.10371,0.015541,0.0053085,-0.074136,-0.032548,0.098995,0.053734,0.054903,0.057474,0.03233,0.020924,0.010203,0.023322,0.085072,0.15344,0.084942,-0.028636,-0.044479,-0.062217,-0.071115,-0.051097,-0.024539,-0.028947,-0.039459,-0.04719,-0.042819,-0.032748,-0.021193,-0.0025555,-0.023311,-0.070191,0.022363,0.12777,0.089525,0.0098072,-0.020178,-0.011727,0.050878,0.08527,0.01758,-0.075603,-0.11098,-0.039332,0.1037,0.21308,0.25576,0.22428,0.13495,0.064977,0.0042075,-0.041592,-0.024561,-0.02844,-0.095332,-0.14615,-0.16494,-0.10888,0.043218,0.11439,0.053842,-0.012251,-0.022984,-0.025569,-0.025404,-0.02204,-0.008072,0.016359,0.023599,0.027521,0.02702,0.016232,0.010675,-0.0077568,-0.022581,-0.017246,-0.013491,-0.013082,-0.014822,-0.023746,-0.04315,-0.058814,-0.067556,-0.063927,0.012939,0.089664,0.066766,0.036134,0.097416,0.10798,0.031711,-0.045775,-0.089632,-0.0003724,0.23098,0.24699,-0.0096169,-0.054019,0.0051787,-0.28208,-0.30014,-0.20084,-0.17098
0.10405,0.10545,0.12968,0.095225,-0.023327,-0.091472,-0.10993,-0.097465,-0.087916,-0.10297,-0.10517,-0.0040084,0.11554,0.092025,0.079978,0.093774,0.13982,0.17221,0.14672,0.072047,0.0053628,-0.00035829,0.0086068,0.028,0.086861,0.14787,0.15358,0.10879,0.021286,-0.096382,-0.12125,-0.091087,-0.072806,-0.013669,0.021098,0.019899,0.0043471,-0.023572,-0.01545,-0.046088,-0.14238,-0.20766,-0.10677,0.029754,0.06998,0.068098,0.017527,-0.01414,0.017994,0.047309,0.034137,0.0023023,-0.063095,-0.11043,-0.11394,-0.11783,-0.082524,-0.001329,0.06459,-0.080608,-0.345,-0.36247,-0.1845,0.047147,0.13059,0.09947,0.064357,0.023483,0.0022113,0.0324,0.11436,0.2237,0.29697,0.32059,0.3184,0.2742,0.14816,0.04873,0.037559,0.02515,0.059376,0.0042416,-0.048422,-0.034015,-0.028974,-0.0222,0.01685,-0.019402,-0.089839,-0.073354,0.026005,0.081861,-0.00085153,0.017367,0.1542,0.22497,0.19057,0.13117,0.087228,0.11518,-0.082464,-0.14852,-0.1898,-0.13699,-0.038057,0.08234,0.0667,-0.066177,-0.13802,-0.12413,-0.052103,-0.02139,-0.022363,-0.0072734,-0.010489,0.023113,0.066748,0.075256,0.065971,0.045097,0.032159,0.076815,0.076941,0.01881,-0.0044859,-0.014894,-0.005721,0.023661,0.046306,0.19653,0.48244,0.46446,0.21784,-0.02891,-0.19237,-0.23902,-0.22783,-0.16833,-0.095624,-0.038217,0.0089073,0.055909,0.053837,0.10827,0.20469,0.2098,0.071387,-0.13633,-0.26839,-0.28612,-0.21567,-0.11163,-0.013969,0.0083876,-0.03207,-0.088811,-0.09765,0.026973,0.14577,0.051648,0.056468,0.11156,-0.067922,-0.23851,-0.23886,-0.21224,-0.19205,-0.14243,-0.099886,-0.10051,-0.054314,-0.0008755,0.0026229,-0.0084732,-0.027519,-0.045247,0.011056,0.084351,0.07552,0.073141,0.034442,0.014354,0.043838,0.065522,0.067015,0.062952,0.031978,0.061102,0.077712,0.079232,0.1221,0.22436,0.16877,0.081474,0.16778,0.08555,-0.099052,0.12704,0.14976,0.10862
