0.093723,0.19371,0.20034,0.17685,0.14279,0.10646,0.074873,0.078184,0.075267,0.057413,0.075926,0.096811,0.041579,-0.0097598,-0.068221,-0.10501,-0.029124,0.067787,0.098135,0.098895,0.066442,0.0052371,-0.020361,0.00088291,0.021584,0.018762,0.020396,0.030419,0.018534,-0.016554,0.090279,0.20943,0.24798,0.19606,0.087662,0.10584,0.055447,0.010106,0.032683,0.0027037,-0.092918,-0.074954,-0.075727,-0.12015,-0.099583,0.067342,0.26693,0.24265,-0.021589,-0.20041,-0.17736,-0.18215,-0.23583,-0.17883,-0.017893,0.0097932,0.088978,0.15442,0.038725,-0.12849,-0.14015,-0.078426,0.0239,0.11493,0.12234,0.15023,0.19214,0.12825,-0.030285,-0.10237,-0.0052136,0.027306,0.097939,0.057757,-0.17314,-0.31282,-0.26772,-0.15529,-0.052599,-0.11109,-0.15134,-0.087332,-0.12016,-0.14727,-0.13206,-0.10356,-0.062509,0.072288,0.2113,0.15128,0.075668,0.075724,0.090807,0.10136,0.063785,-0.015522,-0.047528,0.022623,0.22224,0.34452,-0.49959,-0.35867,-0.18036,-0.1556,-0.12109,-0.074287,-0.018048,0.028264,0.044422,0.05422,0.034388,-0.029482,-0.078556,-0.070298,-0.050357,-0.02734,-0.0034899,0.0037984,-0.013633,-0.023698,-0.0063046,0.019548,0.033999,0.016594,0.0033194,0.023685,0.023149,0.028381,0.022454,0.051735,0.11789,0.14892,0.23164,0.2509,0.16493,0.064497,-0.078062,-0.071121,0.01774,0.065885,0.054999,0.084385,0.11091,-0.018663,-0.070233,0.086704,0.21673,0.18679,0.030346,-0.11513,-0.14528,0.062196,0.22189,0.28816,0.10285,-0.022344,0.055448,0.078889,0.10013,0.084703,0.062519,0.1056,0.10761,0.075648,0.067942,0.054189,0.056773,0.062299,0.012422,-0.01535,0.0065911,0.0050521,-0.01171,-0.059598,-0.069733,-0.054077,-0.093686,-0.22038,-0.3488,-0.34509,-0.1388,0.015272,-0.048608,-0.12389,-0.13052,-0.072869,-0.014943,-0.0010634,-0.016173,-0.029981,-0.018796,-0.015819,-0.017504,-0.011106,-0.002467,0.005327,0.008933,-0.012018,-0.045011,-0.039939
-0.23952,-0.14414,-0.094169,-0.0025517,0.080408,0.10275,0.10641,0.1127,0.092395,-0.043567,-0.10608,-0.070704,-0.10151,-0.024392,0.12081,0.16587,0.14633,0.095167,0.016365,-0.055574,-0.096941,-0.13392,-0.14837,-0.1316,-0.10349,-0.095026,-0.17523,-0.29317,-0.38154,-0.33712,-0.094387,0.080496,0.088409,0.06076,-0.04848,-0.093145,-0.1071,-0.045566,0.0093141,0.042753,-0.032321,0.094687,0.16601,0.18997,0.1439,0.044763,0.14251,0.11795,0.036846,0.071079,0.10128,0.016985,-0.028487,-0.079466,-0.24159,-0.13019,0.075498,0.19329,0.12005,-0.049864,-0.083779,0.017856,0.107,0.091223,0.05011,0.098794,0.18004,0.16811,0.078689,-0.04385,-0.064813,0.033734,0.15104,0.26721,0.25174,0.044154,-0.15145,-0.18904,-0.17253,-0.18747,-0.20643,-0.15453,-0.074863,-0.097402,-0.12071,-0.063603,0.018838,0.06198,0.031092,-0.089868,-0.16795,-0.069854,0.07411,0.18156,0.21492,0.18166,0.13418,0.10857,0.21924,0.316,-0.10025,0.020787,0.083884,0.0072196,-0.031753,-0.073612,-0.1058,-0.098142,-0.050565,0.07966,0.17814,0.14994,0.015556,-0.089389,-0.11901,-0.13318,-0.17456,-0.19477,-0.14524,-0.093875,-0.1229,-0.14712,-0.13483,-0.13424,-0.13716,-0.12704,0.019568,0.13529,0.15596,0.21401,0.16993,0.078686,0.19777,0.18894,0.096663,0.02851,0.050657,0.069245,0.080528,0.15601,0.15545,0.023298,-0.071559,0.088855,0.12821,0.059141,0.093256,0.04499,-0.037059,-0.029787,0.071753,0.27498,0.29751,0.024864,-0.19537,-0.10238,-0.072251,-0.016848,-0.029135,-0.094708,-0.073795,0.064658,0.12279,0.058286,0.0021436,-0.0034896,0.042063,0.036658,-0.12559,-0.2499,-0.22334,-0.18456,-0.2019,-0.2083,-0.10293,0.079439,0.20377,0.24007,0.2555,0.22802,0.18166,0.12857,0.048901,-0.055868,-0.065474,0.042581,0.1459,0.15747,0.034731,-0.055611,-0.010317,0.047968,0.070389,0.025487,-0.029241,-0.030388,-0.020916,-0.017712,-0.016765,0.0045871
-0.093126,-0.0057472,-0.018936,-0.027609,0.0050759,0.017713,0.019068,0.052935,0.065172,0.055315,0.077685,0.022653,-0.048999,-0.037617,-0.02686,-0.028371,-0.15053,-0.29562,-0.32512,-0.21138,0.021016,0.19506,0.21427,0.17191,0.12552,0.037669,-0.0056893,0.060965,0.098208,0.10666,0.20753,0.22732,0.16289,0.032929,-0.16961,-0.21027,-0.14379,-0.21686,-0.23366,-0.025231,0.2565,0.21583,0.12847,0.11618,0.092954,0.074471,0.11631,0.18424,0.070727,-0.064376,-0.098414,-0.087505,-0.071319,-0.0051549,0.021682,-0.08226,-0.16886,-0.20839,-0.24571,0.4636,0.72357,0.49951,0.14356,-0.099866,-0.26166,-0.28372,-0.14456,-0.014252,-0.043749,-0.070889,0.031976,0.036097,0.052162,-0.0093405,-0.081002,-0.11015,-0.10502,-0.038945,0.0045913,-0.084647,-0.17661,-0.18211,-0.17364,-0.16081,-0.14471,-0.099761,-0.046802,-0.037553,-0.10021,-0.15745,-0.17237,-0.2001,-0.18394,-0.14944,-0.11391,-0.10511,-0.11932,-0.12089,-0.017191,0.074471,0.2502,0.51249,0.69871,0.46642,0.21689,0.1488,0.19972,0.2329,0.22795,0.19239,0.13484,0.12755,0.12943,0.12222,0.093237,0.065616,0.030628,0.025716,0.038434,0.048679,0.0027934,-0.083525,-0.10911,-0.088683,-0.047388,-0.082682,-0.17338,-0.1911,-0.16057,-0.092879,-0.079581,-0.066106,0.0033314,0.014681,0.018058,0.034519,0.21312,-0.054628,-0.16393,-0.088836,0.066348,0.15394,0.066339,-0.026475,-0.074153,-0.083154,-0.06486,-0.051333,0.046743,0.21782,0.18317,0.13006,0.13768,0.10181,-0.036102,-0.052649,0.052381,0.12142,0.15382,0.13271,0.067405,0.056337,-0.11156,-0.30105,-0.34566,-0.37419,-0.39363,-0.22364,-0.057785,-0.012152,0.018168,0.020674,0.02338,0.078666,0.22605,0.35157,0.37726,0.31571,0.25522,0.13282,-5.074e-05,-0.06859,-0.10881,-0.14286,-0.10087,0.0046024,0.07067,0.052441,-0.019207,-0.097272,-0.11302,-0.083041,-0.055834,-0.02412,-0.059667,-0.11413,-0.10724,-0.10841,-0.1087,-0.087273
0.014752,0.093077,0.10095,0.11645,0.096619,0.069634,0.068408,0.08193,0.082677,0.072471,-0.0045742,-0.067344,-0.073418,-0.090725,-0.10296,-0.060144,0.016729,0.092585,0.11349,0.080023,0.043521,0.06721,0.12815,0.17959,0.20142,0.20915,0.21907,0.1418,0.008454,0.020301,0.17686,0.22212,0.16263,0.073249,-0.057992,-0.026025,-0.027007,-0.0021069,0.017029,0.071414,0.057159,-0.064471,-0.15593,-0.16534,-0.093791,0.040019,0.081918,0.0059098,-0.07591,-0.092111,-0.05949,-0.019675,-0.023063,-0.024419,-0.032265,-0.20361,-0.30468,-0.17006,-0.0059281,0.0066269,-0.02587,-0.08927,-0.10718,0.038306,0.16347,0.13394,0.060648,0.20652,0.35051,0.19438,-0.15427,-0.15345,-0.13679,0.034706,0.022553,-0.12736,-0.19991,-0.18531,-0.16571,-0.14216,-0.071608,-0.034402,-0.047228,-0.089352,-0.11559,-0.099594,-0.10744,-0.12001,-0.084714,-0.019317,0.010225,0.0048386,-0.039661,-0.12977,-0.18905,-0.18097,-0.12966,-0.064206,0.075579,0.17987,-0.16975,-0.041089,0.069895,0.013373,0.0040575,0.01286,0.026757,0.092543,0.16145,0.17538,0.18151,0.15647,0.086029,0.04473,0.0049842,0.011132,0.026058,0.01994,2.0167e-05,0.00039326,0.018559,0.0076001,-0.030834,-0.078243,-0.098888,-0.08411,-0.06833,-0.05727,-0.018372,0.046943,0.034952,0.025096,0.17455,0.22484,0.196,0.14175,0.03568,0.082356,-0.063597,-0.17321,-0.17584,-0.1971,-0.19823,-0.18368,-0.077838,0.06544,0.1985,0.26031,0.18018,0.082674,-0.05746,-0.070969,-0.028749,-0.01805,-0.00081949,-0.19056,-0.15159,-0.088862,-0.071434,-0.060299,-0.081086,-0.098055,-0.10077,-0.02121,0.079366,-0.013181,-0.15679,0.11325,0.46681,0.38116,0.10504,0.07917,0.038112,0.056439,0.092268,0.13654,0.19772,0.24979,0.25799,0.11471,-0.058805,-0.119,-0.10655,-0.06721,-0.026395,-0.056312,-0.16092,-0.19142,-0.14228,-0.090104,-0.053546,-0.036513,-0.034404,-0.031528,-0.08118,-0.13155,-0.12188,-0.13018,-0.13997,-0.12158
0.21804,0.21584,0.083221,0.020564,0.014093,0.029866,0.0027782,-0.012688,-0.014046,-0.033373,-0.011888,0.019611,0.028117,0.042542,0.01946,0.021305,0.062609,0.056008,0.025904,0.019183,0.014616,-0.012062,-0.021067,0.0064534,0.026403,0.052402,0.13366,0.25027,0.34129,0.28388,0.27399,0.30011,0.25304,0.14002,0.027878,0.013613,0.010196,-0.010752,-0.025988,-0.02588,-0.12017,-0.20866,-0.015121,0.15461,0.13766,0.10628,0.14151,0.096352,-0.0041154,-0.021017,-0.034754,-0.04317,-0.0069708,-0.0039926,0.015229,-0.030847,-0.031299,-0.008435,-0.10159,-0.18685,-0.10202,-0.007131,0.066665,0.089089,0.0058359,-0.11256,-0.17731,-0.17758,-0.12794,0.018632,0.10549,0.14519,-0.33486,-0.40524,-0.097288,0.1534,0.16824,0.029843,-0.092141,-0.15072,-0.18261,-0.17425,-0.15888,-0.056175,0.047663,0.055554,0.06711,0.082064,0.086398,0.081037,0.086056,0.10576,0.076121,0.017769,-0.052342,-0.078894,-0.031766,0.053393,-0.24234,-0.49725,-0.85634,-0.50587,-0.059831,0.060457,0.099816,0.09153,0.039545,0.00059331,0.0031028,0.040857,0.060408,0.034876,0.016251,0.03323,0.068076,0.088376,0.063167,0.046052,0.053529,0.05853,0.061936,0.079425,0.08996,0.086933,0.055181,0.018793,-0.029823,-0.079442,-0.079229,-0.14246,-0.1635,-0.036773,0.072605,0.12928,-0.0089338,-0.075917,-0.0076852,-0.020807,0.01927,0.076047,0.047123,0.009148,0.042222,0.083775,0.10274,0.083763,0.074935,0.014644,-0.03621,-0.061878,-0.098171,-0.061532,-0.057888,0.024671,-0.029204,-0.067476,0.03144,0.070637,0.089553,0.068193,0.0075194,0.013225,0.060842,0.035042,-0.053022,-0.018229,0.090364,0.074139,0.056029,0.10891,0.20664,0.22919,0.29765,0.20297,-0.10262,-0.37385,-0.4601,-0.38912,-0.12774,0.11906,0.071929,-0.048083,-0.11609,-0.16985,-0.21824,-0.25923,-0.25545,-0.20816,-0.15502,-0.024896,0.078632,0.086032,0.037663,0.0011769,0.01175,0.014597,0.010319,-0.011628,0.069603,0.113
0.85645,0.20041,0.046803,0.05808,-0.012131,-0.0038848,0.052797,0.067882,0.065373,0.047468,0.067519,0.053627,0.0086315,-0.018265,-0.075006,-0.077419,-0.018147,0.058295,0.11825,0.12542,0.11175,0.11163,0.10379,0.06253,0.013554,-0.008607,-0.053399,-0.11947,-0.053123,0.0544,0.18019,0.22719,0.19975,0.096942,-0.085453,-0.15015,-0.17254,-0.088774,0.12951,0.20869,0.11698,-0.064851,-0.17347,-0.17906,-0.16915,-0.16798,-0.068374,0.12297,0.16921,0.088509,0.053087,0.041809,-0.0076367,-0.015179,-0.01742,-0.14697,-0.19812,-0.056077,0.03698,-0.066515,-0.22583,-0.31147,-0.2758,-0.21712,-0.016886,0.1865,0.23554,0.1968,0.068418,-0.015273,0.082982,-0.017373,-0.060237,-0.015615,0.068876,0.072387,-0.08391,-0.17129,-0.15268,-0.12715,-0.10397,-0.08817,-0.080433,-0.049589,-0.022699,-0.0016983,-0.039895,-0.089727,-0.080003,-0.027867,0.046849,0.077529,0.056579,0.05194,0.072453,0.11307,0.1765,0.26464,0.47356,0.61375,0.75393,0.13252,-0.32092,-0.3552,-0.27906,-0.11792,0.014764,0.029599,0.041977,0.053502,0.046026,0.031176,0.0013319,-0.045129,-0.12043,-0.11404,-0.075885,-0.072024,-0.047038,-0.022169,-0.027751,-0.033569,-0.035047,-0.0083525,0.036656,0.066813,0.076203,0.092707,0.056349,-0.074331,-0.096044,0.024017,0.12903,0.18492,0.021169,-0.021602,-0.098626,-0.08963,0.080306,0.16634,0.091906,-0.050626,-0.082074,-0.05101,-0.062453,-0.038725,0.026832,0.11935,0.15127,0.04169,-0.04395,-0.038198,-0.018405,0.018838,0.088599,-0.16759,-0.20084,-0.15562,-0.11869,-0.018231,0.057987,0.065697,0.097817,0.098292,0.06263,0.05239,0.050105,-0.0079792,-0.0034022,0.1036,0.1712,0.14022,0.13177,-0.12577,-0.31432,-0.24892,-0.049786,0.13211,0.10238,-0.034916,-0.062203,-0.002978,0.037072,0.056029,0.039144,-0.0034738,-0.039892,-0.063592,-0.034704,0.085947,0.17923,0.14427,0.090726,0.054782,0.010985,-0.0027895,-0.026853,-0.070726,-0.12349,-0.13043
0.11359,0.17535,0.1729,0.18481,0.21427,0.24512,0.12424,0.038529,0.050969,0.059162,0.083306,0.10265,0.13856,0.24056,0.30117,0.22055,0.00096361,-0.34841,-0.81317,-1.2056,-1.3398,-1.2344,-0.91223,-0.60123,-0.60475,-0.51958,-0.41355,-0.38185,-0.39565,-0.37284,-0.30573,-0.71155,-1.1596,-1.3375,-1.395,-1.3045,-1.1205,-0.67562,-1.2909,-1.6074,-1.1394,-0.35696,-0.022203,0.16055,0.21219,0.31768,0.44047,0.3781,0.22983,0.68314,1.009,0.84118,0.50887,0.39067,0.40287,-0.21609,-0.74818,-0.66963,-0.41088,-0.36229,-0.27508,0.10996,0.54931,0.70687,0.67861,0.61112,0.76191,1.4218,1.271,0.59118,0.69025,0.61022,0.065077,-0.10288,0.13688,0.15014,0.1655,0.22157,0.2573,0.12117,0.0073193,0.032391,0.086205,0.12076,0.089424,0.07385,0.12281,0.18339,0.16904,0.082005,-0.057545,-0.3612,-0.72168,-0.79975,-0.55827,-0.14404,0.12813,0.11827,-0.16053,-0.42165,-0.17192,0.043274,0.27963,0.28158,0.24012,0.18221,0.16666,0.13827,0.13968,0.19937,0.18088,0.26532,0.34702,0.35709,0.29359,0.17,0.20811,0.29975,0.1472,-0.14381,-0.17982,0.057098,0.094491,-0.026699,0.018265,0.038315,0.0011039,-0.12165,-0.21946,-0.17314,-0.072189,0.053251,-0.084142,-0.50365,-0.75051,-0.7112,-0.56067,-0.77237,-1.2774,-1.677,-1.3983,-0.79125,-0.5613,-0.22875,0.032613,0.32621,0.41794,0.39097,0.26829,0.36403,0.41042,0.40179,0.59167,0.8222,0.63038,-0.4817,-0.56822,-0.5619,-0.68266,-0.77523,-0.7993,-0.46464,0.079611,0.28371,0.26433,0.1226,-0.0099858,0.59034,0.88583,0.93012,1.2291,1.5408,1.6199,1.1741,0.69373,0.73359,0.72917,0.66813,0.61574,0.61478,0.57856,0.49375,0.42093,0.32558,0.32486,0.34469,0.31683,0.29554,0.22199,0.30978,0.46082,0.41581,0.25277,0.24359,0.40099,0.35713,0.17775,0.16633,0.18799,0.16792
0.10297,0.18192,0.17004,0.1588,0.14491,0.11774,0.093826,0.10114,0.091921,0.065978,0.081249,0.10804,0.026841,-0.055941,-0.071422,-0.039217,-0.016158,0.007995,0.043486,0.017859,-0.011786,0.024577,0.040835,-0.025107,-0.11132,-0.14228,-0.11683,-0.040159,0.13044,0.1828,0.1486,0.11367,0.10924,0.068779,-0.045936,-0.018406,-0.0092589,0.047376,0.093267,0.13681,0.11202,0.03456,0.0048156,0.011004,0.053453,0.096816,0.085124,0.029739,-0.040448,-0.024824,0.034199,0.022987,-0.068072,-0.057426,-0.0002475,0.04283,-0.0097053,-0.14305,-0.24019,-0.23088,-0.1683,-0.12228,-0.11073,-0.10891,-0.10018,-0.081425,-0.051651,-0.061765,-0.03311,0.0083126,-0.029236,-0.1289,-0.10949,0.030599,0.15652,0.16616,0.07279,0.010277,0.035807,0.028256,-0.083162,-0.15545,-0.14997,-0.11658,-0.083055,-0.084975,-0.093051,-0.053783,0.0029286,0.039577,0.083125,0.096817,0.11441,0.092138,0.037519,0.040687,0.083171,0.085807,0.12079,0.1483,-0.76365,-0.48029,-0.16192,-0.12754,-0.11147,-0.079681,-0.059902,-0.049542,-0.035152,-0.011696,-0.0058267,-0.026081,0.011067,0.04575,0.0069873,0.010897,0.016156,0.010689,-0.0054124,-0.014961,-0.0095993,-0.019753,-0.0098556,0.048132,0.11362,0.14504,0.11622,0.075372,0.023449,0.048986,0.072814,0.054974,0.1797,0.1917,0.13158,0.082283,0.022787,0.097606,0.046646,-0.055971,-0.096746,-0.07829,0.0088255,0.10397,0.14619,0.1437,0.098721,0.023996,-0.020466,-0.030542,-0.080981,-0.013916,0.10864,0.15327,0.12353,0.089715,0.083973,0.0010876,-0.084597,-0.12251,-0.11288,-0.044512,0.069185,0.15052,0.12967,0.080395,0.032742,0.0049741,-0.033066,-0.061536,-0.085025,-0.079647,-0.078012,-0.19899,-0.27681,-0.21544,-0.12764,-0.079026,-0.051532,-0.023715,-0.036321,-0.062383,0.0028481,0.095687,0.11064,0.028303,-0.052141,-0.008971,0.072949,0.026251,-0.039144,-0.038943,-0.039623,-0.029861,-0.021248,-0.027799,-0.039881,-0.047295,-0.0334,-0.0013639
0.22106,0.18215,0.12758,0.077894,0.05116,0.049482,0.012202,-0.0068312,-0.0079038,-0.030924,-0.016564,0.0092267,0.012731,0.012582,-0.036079,-0.10776,-0.12849,-0.063802,-0.010263,0.064313,0.16454,0.17782,0.1142,0.088501,0.13655,0.18303,0.16542,0.03582,-0.14322,-0.22908,-0.1068,0.023162,0.10768,0.046244,-0.096674,-0.085855,-0.044518,-0.030103,0.01576,0.0052446,0.018259,0.01887,0.014254,-0.012212,-0.074366,-0.036294,0.055688,0.019272,-0.044761,-0.049487,-0.077608,-0.049933,-0.007283,0.02141,0.041547,0.0022449,-0.09141,-0.073221,-0.030436,0.0061108,0.11809,0.18467,0.18429,0.18884,0.12513,0.072437,0.12212,0.16771,0.2258,0.11699,-0.025979,0.00013831,0.026677,-0.061696,-0.23827,-0.26403,-0.10686,0.068666,-0.0068372,-0.14073,-0.19047,-0.19618,-0.17155,-0.14451,-0.12785,-0.10775,-0.090552,-0.080611,-0.028136,0.0040135,-0.042387,-0.065508,-0.08758,-0.063494,-0.031343,-0.028131,-0.028311,0.0054088,0.15272,0.26068,0.23612,0.12274,0.039834,0.0017988,0.031377,0.052205,0.024762,-0.0069059,-0.024233,-0.01891,-0.017137,-0.03351,-0.038459,-0.023463,-0.080091,-0.13348,-0.12524,-0.094628,-0.045912,-0.032717,-0.078566,-0.092574,-0.06326,-0.038885,-0.060699,-0.082517,-0.052852,-0.022303,-0.056285,-0.049824,0.069256,0.1819,0.17568,0.11652,0.021363,0.065413,0.045898,-0.0084814,0.08743,0.12928,0.085395,0.097392,0.18507,0.11879,-0.0018635,0.030869,0.073435,0.069338,0.050709,0.084333,0.12795,0.074536,0.034459,0.020942,-0.019966,-0.095438,-0.13541,-0.13905,-0.10736,-0.071106,-0.0093609,0.041562,0.014816,-0.031864,-0.022891,-0.037948,-0.042092,0.058813,0.10106,0.10579,0.14004,0.13975,0.10648,0.06787,0.24173,0.35781,0.086448,-0.13875,-0.052578,0.096039,0.11157,0.084895,0.046305,-0.015098,-0.067425,-0.084357,-0.089556,-0.086072,-0.066372,-0.0062075,-0.0087838,-0.053649,-0.050216,-0.032008,-0.016779,-0.025598,-0.037995,-0.047862,-0.054717,-0.035296
0.10904,0.21488,0.22752,0.1983,0.16085,0.13215,0.018415,-0.07103,-0.097241,-0.12809,-0.11573,-0.046405,-0.012536,-0.041063,-0.057927,0.0011723,0.070101,0.067021,0.053306,0.040057,-0.0061684,-0.057645,-0.087258,-0.1174,-0.11537,-0.056739,0.0001013,0.047365,0.13334,0.21627,0.36061,0.41054,0.35451,0.17961,-0.060363,0.0065402,-0.016655,-0.15431,-0.137,-0.10555,-0.1481,-0.13229,-0.089137,-0.089925,-0.077295,-0.051312,0.0039938,0.10187,0.15786,0.14686,0.073259,0.064338,0.081846,0.027153,0.0005935,-0.021205,-0.056359,0.018359,0.011731,-0.058681,-0.085825,-0.062214,-0.0099351,-0.0037936,-0.030046,0.030737,0.094947,0.071363,0.087604,0.17737,0.12425,-0.034453,0.027061,-0.04742,-0.11029,-0.13732,-0.11923,-0.03979,-0.0058251,-0.048422,-0.11615,-0.1567,-0.15827,-0.14518,-0.039698,0.086883,0.12976,0.19222,0.22855,0.15918,0.042266,-0.029995,-0.09349,-0.1545,-0.17436,-0.0065572,0.26476,0.39227,0.23502,-0.022492,-0.77247,-0.51699,-0.22368,-0.1757,-0.14354,-0.12611,-0.15416,-0.14879,-0.089643,-0.064995,-0.054174,-0.056217,-0.10698,-0.14254,-0.1385,-0.080734,-0.010678,0.021677,0.0045575,-0.0094269,0.0042444,0.029138,0.050691,0.081371,0.1019,0.086329,-0.0048677,-0.12316,-0.17128,-0.14461,-0.054263,0.053667,0.18179,0.14055,0.030755,0.0046508,-0.13282,-0.12127,-0.00064338,0.053921,0.02039,-0.0014542,0.071633,0.1169,0.10913,0.076032,0.05193,0.10003,0.16048,0.065125,-0.1635,-0.25515,-0.16176,0.01461,0.11093,0.041299,-0.018471,-0.033928,0.0022203,0.0081521,0.02997,0.10522,0.1357,0.099575,0.12422,0.23078,0.31732,0.35541,0.30384,0.21268,0.052515,-0.020079,-0.030979,-0.13472,-0.14724,-0.04829,-0.05206,-0.13912,-0.1907,-0.15572,-0.094734,-0.088815,-0.083433,-0.09184,-0.097139,-0.076912,-0.053563,-0.014345,-0.0077109,-0.016277,0.033744,0.069926,0.065747,0.074235,0.087864,0.14423,0.14171,0.076279,0.030717,-0.019986
0.035763,0.10489,0.083642,0.092156,0.1219,0.071069,0.023678,0.062918,0.08452,0.094222,0.13183,0.064071,-0.025104,-0.060222,-0.13491,-0.18096,-0.17861,-0.10266,-0.029652,0.043759,0.078048,0.048097,0.025192,0.05426,0.11524,0.17744,0.2131,0.11631,-0.063875,-0.094151,0.080859,0.20207,0.18115,0.11777,-0.012809,-0.023993,-0.035107,0.0068413,-0.03887,-0.057693,0.037493,0.073139,0.041613,0.040869,0.08749,-0.019582,-0.22649,-0.10437,0.038147,0.043598,0.027587,0.069169,0.11235,0.077717,0.065914,0.14391,-0.20428,-0.64826,-0.57674,-0.056809,0.048588,0.0084393,0.055982,0.15349,0.19757,0.18302,0.15827,0.045736,-0.0020931,0.10122,0.1828,-0.051131,-0.14851,0.026276,0.043439,-0.077979,-0.13595,-0.10686,-0.094613,-0.13121,-0.13201,-0.094297,-0.070847,-0.048879,-0.087239,-0.12173,-0.12008,-0.11332,-0.010532,0.080715,-0.00017314,-0.095521,-0.11672,-0.12482,-0.13242,-0.1466,-0.20181,-0.24066,-0.13754,-0.041105,0.05032,0.26862,0.39498,0.29137,0.24708,0.22986,0.20143,0.19529,0.24587,0.29461,0.27432,0.28584,0.2833,0.19416,0.026258,-0.053604,-0.02157,0.021807,0.025523,0.013369,0.014529,0.028375,0.040018,0.026015,-0.010651,-0.043249,-0.055882,-0.041805,0.010994,0.090341,0.098139,0.084409,0.21256,0.20476,0.081817,0.1009,0.069272,0.12411,-0.025671,-0.14658,-0.11324,-0.05242,-0.019304,-0.00328,0.041912,-0.083098,-0.2139,-0.23371,-0.078693,0.14557,0.046688,-0.17012,-0.21894,-0.062717,0.11802,0.16934,-0.088321,-0.023399,-0.065761,-0.15818,-0.076986,-0.045866,0.021461,0.1014,0.13302,0.069061,-0.029403,0.027803,0.16501,0.20709,0.17249,0.042512,0.057689,0.056445,0.049646,0.050363,0.069095,0.056649,0.048551,0.050177,0.066328,0.03145,-0.040609,-0.051948,-0.0065515,-0.003922,-0.076549,-0.098109,-0.026334,-0.067173,-0.16613,-0.17747,-0.16853,-0.14856,-0.19868,-0.26414,-0.2602,-0.26864,-0.27356,-0.25223
0.034126,0.11934,0.11791,0.11909,0.0059631,-0.098249,-0.1047,-0.092272,-0.10176,-0.080887,-0.019708,0.0036149,0.01224,0.067102,0.1723,0.2304,0.15147,0.013465,-0.086747,-0.13023,-0.10513,-0.0272,0.03506,0.074475,0.11608,0.15302,0.19308,0.22508,0.20334,0.19481,0.33653,0.38172,0.29406,0.1385,-0.015124,-0.02116,0.026964,0.053022,0.0094653,-0.027904,-0.096891,0.12038,0.18657,0.077126,0.034831,0.0024975,-0.12659,-0.24017,-0.22045,-0.049466,0.044005,0.10135,0.14223,0.17482,0.064891,0.042228,0.27186,0.34791,0.16712,0.07777,0.067867,0.021973,-0.041259,-0.19704,-0.32387,-0.3554,-0.36394,-0.3885,-0.37417,-0.26391,-0.16394,-0.093439,0.013838,0.11145,-0.025097,-0.14063,-0.063892,-0.019005,-0.028032,0.050233,0.12,0.080799,0.056669,0.062203,0.087288,0.012869,-0.061931,-0.057236,-0.089457,-0.14303,-0.16524,-0.14039,-0.069599,0.0014914,0.027512,0.035092,0.038053,0.048057,-0.2496,-0.464,-0.61421,-0.34111,-0.035859,-0.012716,-0.05621,-0.089522,-0.085605,-0.080076,-0.071289,-0.061388,-0.054162,-0.058313,-0.040088,0.046573,0.17094,0.17849,0.088414,0.049514,0.030762,0.017031,0.022225,0.010922,-0.011116,-0.034722,-0.061962,-0.073338,-0.08508,-0.069627,-0.12598,-0.19086,-0.10032,0.01266,0.10559,0.13062,0.082072,0.072855,0.13426,0.10523,0.11153,0.18022,0.17668,0.17112,0.08788,-0.054439,-0.12732,-0.042342,-0.027408,-0.13595,-0.2336,-0.12425,0.023836,0.0071855,-0.018345,-0.073813,-0.082151,0.12046,0.29446,0.28658,0.28351,0.10153,-0.046929,-0.0252,-0.067129,-0.17067,-0.2677,-0.19343,-0.073203,-0.15662,-0.23031,-0.1909,-0.14339,-0.12298,-0.10292,-0.062609,0.041696,0.074356,0.00042071,-0.049745,-0.052315,-0.091937,-0.13257,-0.15059,-0.093232,-0.0085165,0.040919,0.067339,0.059371,0.027104,-0.0014963,-0.02292,-0.0014351,0.038465,0.021418,-0.0033175,0.0053972,0.0046584,0.0050188,-0.00051883,0.13326,0.22822
0.10417,0.18626,0.15705,0.12202,0.12215,0.13229,0.072696,0.019261,0.03908,0.053272,0.061994,0.077056,0.065134,0.057427,0.0038817,-0.074282,-0.14982,-0.17889,-0.16399,-0.14748,-0.12094,-0.11052,-0.1124,-0.075186,0.01074,-0.025873,-0.064674,0.11679,0.23734,0.15428,0.18936,0.26281,0.2547,0.17567,0.014747,0.074653,0.12144,0.031148,-0.10986,-0.19841,-0.16117,-0.04149,0.010884,0.039345,0.10126,0.11201,-0.033283,-0.12095,-0.13099,-0.070178,-0.017654,-0.0031371,0.070542,0.09444,0.090927,0.16653,0.25672,0.22802,0.27589,0.30347,0.20985,0.092874,-0.028852,-0.13578,-0.16112,-0.15967,-0.14634,-0.14116,-0.088091,-0.033048,-0.020029,0.021565,0.041337,-0.009085,-0.027178,-0.046817,-0.07729,-0.085268,-0.12067,-0.16837,-0.19342,-0.19106,-0.17233,-0.15382,-0.13486,-0.081111,0.0055154,0.055054,0.036928,-0.031338,-0.053886,-0.0073996,-0.0066322,0.013143,0.058964,0.13112,0.16939,0.13793,0.11625,0.10544,-0.63259,-0.41879,-0.15481,-0.10633,-0.11307,-0.14369,-0.16349,-0.1403,-0.094031,-0.069769,-0.096979,-0.14722,-0.17748,-0.1494,-0.017928,0.045272,0.016651,0.024529,0.023992,0.011871,0.020896,0.035611,0.046982,-0.014039,-0.054275,0.029806,0.038059,-0.033719,-0.034874,0.031597,0.0057584,-0.042096,0.044834,0.046177,0.017038,0.031507,0.0047182,-9.2718e-05,0.063351,0.1165,0.10287,0.12134,0.1568,0.20424,0.22521,0.16744,0.04465,-0.059398,-0.15056,-0.097991,0.25606,0.32742,0.068222,-0.17121,-0.10241,0.089225,0.14844,0.11713,0.09372,0.12229,0.15598,0.10869,-0.032101,-0.15422,-0.20806,-0.13359,-0.0027491,-0.008617,-0.021036,-0.077753,-0.12266,-0.10883,-0.10374,-0.073854,-0.009627,0.0016944,-0.017082,0.016046,0.092579,0.12554,0.074467,-0.01085,-0.067803,-0.093399,-0.073431,0.023025,0.13535,0.15561,0.10384,0.097944,0.030094,-0.071134,-0.06833,-0.054866,-0.03835,-0.046653,-0.062307,-0.062103,-0.056376,-0.038456
0.0009817,0.063169,0.027464,0.015539,0.0061765,0.0030679,0.020635,0.051518,0.059252,0.048078,-0.024353,-0.077838,-0.053118,-0.0061862,0.0048803,-0.061276,-0.18979,-0.24013,-0.18726,-0.14664,-0.16864,-0.11577,0.047449,0.14384,0.15951,0.20646,0.237,0.18324,0.11979,0.10059,0.20153,0.2746,0.26294,0.15706,-0.018795,-0.059489,-0.079474,-0.02003,-0.19676,-0.26256,0.024262,0.084429,0.04262,0.055269,0.049154,0.05946,0.14921,0.22283,0.19839,0.15224,0.14502,0.051661,-0.15431,-0.19839,-0.23725,-0.24328,-0.11274,0.053434,0.21755,0.27608,0.19393,0.064567,0.039757,0.12148,0.18306,0.039174,-0.21252,-0.30617,-0.26984,-0.086836,0.038138,0.015326,-0.00023989,-0.36916,-0.34904,0.026945,0.19281,0.16328,0.059706,-0.024249,-0.054009,-0.037684,-0.041781,-0.089691,-0.08141,-0.018262,-0.0020968,-0.043883,-0.066576,-0.09969,-0.15749,-0.14972,-0.10734,-0.097139,-0.15903,-0.23991,-0.28785,-0.31078,-0.2051,-0.11259,-0.59062,-0.28088,0.086054,0.14576,0.15115,0.14721,0.13331,0.13283,0.14454,0.14604,0.14111,0.11849,0.11814,0.16675,0.13889,0.095197,0.070188,0.077142,0.075586,0.061125,0.079657,0.079196,0.0042696,-0.065005,-0.079573,-0.11208,-0.113,-0.083917,-0.046719,-0.087671,-0.10974,-0.012838,0.068872,0.11647,-0.0090359,0.029115,0.12585,0.20885,0.11125,-0.010222,-0.046602,-0.060538,-0.10998,-0.14255,-0.13755,-0.0993,-0.052089,-0.029737,-0.011023,-0.12393,-0.3661,-0.37266,-0.18188,-0.18093,-0.0050809,0.07078,0.14084,0.19414,0.078576,0.025228,0.06606,-0.036484,-0.1276,-0.10945,-0.083984,-0.069638,-0.13479,-0.26568,-0.33165,-0.2528,-0.1069,-0.016371,0.038002,0.45509,0.42615,-0.15026,-0.19088,0.078889,0.22789,0.34568,0.34604,0.22386,0.082866,0.094156,0.18511,0.22035,0.15752,0.039791,-0.05557,-0.11093,-0.10439,-0.066585,-0.037136,-0.013574,-0.062581,-0.12464,-0.11795,-0.12093,-0.12407,-0.10351
