-0.19428,-0.18009,-0.18362,-0.22695,-0.1494,0.073053,0.12967,0.025491,-0.11335,-0.29819,-0.37319,-0.36551,-0.24462,-0.066904,0.046677,0.035674,-0.047313,-0.097406,-0.083485,-0.087308,-0.062303,-0.065394,-0.12068,-0.15977,-0.19493,-0.17432,-0.024326,0.093445,0.0027128,0.041247,0.099183,0.109,0.13301,0.038417,0.048399,0.07034,0.061709,0.15605,0.19288,0.15764,0.17971,0.17216,0.18157,0.15576,0.16556,0.14182,-0.56221,-0.67233,-0.15681,-0.06113,-0.13432,-0.17554,-0.011569,0.13237,0.1213,0.050039,-0.034503,-0.058867,-0.10531,-0.18315,-0.22037,-0.059553,0.12501,0.14195,0.13196,0.15524,0.05903,-0.093089,-0.11068,-0.033576,0.071081,0.085347,0.044021,0.061666,0.010165,-0.015777,-0.16414,-0.25596,-0.14566,-0.094052,-0.10753,-0.046098,0.013997,0.079845,0.14615,0.1035,-0.023958,-0.18563,-0.28483,-0.2713,-0.26483,-0.24259,-0.14264,-0.0055407,0.12146,0.1873,0.19165,0.16667,0.10395,0.07902,0.029154,0.048961,-0.013974,-0.074698,0.065095,0.27067,0.16909,-0.074334,-0.048921,-0.052748,0.085965,0.24124,0.30915,0.2752,0.2358,0.23075,0.19107,0.14871,0.12481,0.026137,-0.096958,-0.11932,-0.11695,-0.15922,-0.18213,-0.13209,-0.12385,-0.16431,-0.15061,-0.2058,-0.26662,-0.24018,-0.23611,-0.14836,-0.039964,0.12869,0.22853,0.20943,0.12685,0.0018965,-0.059466,0.028244,0.16346,0.448,0.51276,-0.12268,-0.68373,-0.63872,-0.24192,0.27665,0.33858,0.29911,0.23162,0.23275,0.2848,0.19416,-0.039724,-0.14484,-0.24099,-0.37061,-0.41409,-0.25082,-0.043976,-0.00065759,-0.08958,-0.10215,-0.16065,-0.33555,-0.36401,-0.26928,-0.20091,-0.11979,-0.043161,-0.038293,-0.00069865,0.066572,0.13493,0.1698,0.03798,-0.19947,-0.14667,0.064175,0.16114,0.22692,0.29218,0.22731,0.13038,0.29438,0.25535,0.21367,0.17189,0.1737,0.19126,0.12845,0.0064371,-0.15129,-0.23966,-0.25889,-0.29389,-0.28528
-0.0066031,-0.024368,-0.043855,-0.063874,-0.025258,0.053677,0.067938,0.11894,0.2244,0.24513,0.18388,0.093848,0.040992,0.021648,-0.0037481,-0.057954,-0.05314,-0.013355,-0.013248,0.017305,-0.053648,-0.13904,-0.1317,-0.094176,-0.043284,-0.045257,-0.098822,-0.11665,-0.085179,-0.086443,-0.074344,-0.051008,-0.025652,0.026883,-0.0059443,-0.0033776,0.066926,-0.0515,-0.099517,-0.017726,0.027328,0.0084575,-0.0080895,0.0094743,-0.043066,-0.12071,-0.04903,0.020093,0.036276,0.017574,0.042914,0.060112,0.025498,0.0029575,-0.014184,0.0013196,0.087955,0.12748,0.13863,0.12368,0.087209,0.022017,-0.10242,-0.089495,-0.024833,0.013276,-0.010933,-0.049064,-0.058348,-0.14003,-0.22462,-0.15621,0.0048755,0.13554,0.17133,0.11301,-0.00049266,-0.051344,0.012922,0.069684,0.066239,0.042342,0.0021924,-0.023511,0.053073,0.13677,0.10276,0.10693,0.10013,0.16985,0.22343,0.17652,0.066216,-0.01281,-0.016763,-0.021924,-0.03523,-0.079119,-0.14714,-0.17235,0.0092259,-0.0061649,-0.014001,0.01919,-0.052521,-0.12131,-0.051264,-0.095834,-0.17002,-0.1809,-0.14408,-0.024487,0.017582,0.054402,0.077373,0.050001,-0.0091966,-0.0029321,-0.0086442,-0.083579,-0.11489,-0.10376,-0.09586,-0.065998,-0.0018173,0.026028,0.0066367,-0.010333,0.0013582,-0.021177,-0.035179,0.0068922,0.031158,-0.055124,-0.095997,0.11153,0.2962,0.31041,0.17135,0.054387,-0.046275,-0.026427,0.12156,0.20641,0.10677,-0.03848,0.020288,0.092189,0.13948,0.11738,0.038232,-0.040144,-0.041653,0.021043,0.10722,0.15854,0.053373,-0.084635,-0.018871,0.18992,0.24452,0.027662,-0.15883,-0.14133,-0.029418,0.10388,0.17753,0.14584,0.047474,-0.0633,-0.10649,-0.070213,-0.045454,-0.063565,-0.071924,-0.05988,0.023886,0.13684,0.15668,0.093551,0.016336,-0.018852,-0.034055,-0.0032781,-0.04332,-0.051538,0.051169,0.033141,0.079426,-0.11689,-0.24652,-0.20685,-0.15329,-0.097586,-0.088672,-0.06138,-0.0030168,0.070379,0.080566,0.055289
0.010265,-0.0086353,-0.0431,-0.10337,-0.11941,-0.095123,-0.10218,-0.019345,0.039141,0.022288,0.021378,0.02341,-0.045107,-0.080184,-0.0081901,0.05549,-0.039601,-0.15092,-0.14999,-0.092814,-0.043708,-0.035988,-0.021758,-0.0046999,0.067212,0.19723,0.23123,0.086506,-0.090172,-0.14537,-0.12738,-0.098861,-0.049085,0.037349,0.015796,0.011825,0.07343,-0.047209,-0.042804,0.032969,0.026865,0.00035041,-0.0069469,-0.01507,-0.023951,-0.020282,0.03796,0.072685,0.033287,-0.0033936,-0.019048,-0.0018243,0.017286,0.020702,0.017888,-0.029737,-0.057989,-0.037805,-0.030379,-0.070867,-0.047644,-0.038721,-0.0087305,0.052775,0.02507,0.035021,0.043247,0.016875,0.024481,0.07522,0.15592,0.14371,0.032562,0.029681,0.068386,0.067306,0.046021,0.0016595,-0.0098014,0.018665,0.050696,0.031463,0.0063359,-0.056451,-0.10036,-0.064731,-0.014507,0.16358,0.2131,0.14835,0.0031649,-0.090931,-0.10762,-0.098217,-0.094166,-0.071511,0.077563,0.18275,0.10552,0.071445,0.018763,0.0024642,-0.018386,-0.014102,-0.096246,-0.15506,-0.049333,-0.061447,0.097854,0.08793,0.09834,0.23564,0.14652,0.038019,-0.0058119,-0.047412,-0.020493,0.011622,0.057885,0.014217,-0.023459,-0.02776,-0.025884,-0.0019233,0.077305,0.17314,0.17194,0.11671,0.10248,0.021343,-0.042841,8.9815e-05,0.024796,-0.062203,-0.10133,0.086114,0.23675,0.22073,0.12134,0.033392,-0.048551,0.00020863,0.091678,0.017163,-0.10776,-0.02726,0.13044,0.15061,0.092561,0.042616,0.044936,0.038492,-0.015128,-0.074487,-0.061243,0.046475,0.18942,0.26827,0.24486,0.10496,-0.15328,-0.21772,-0.049837,0.078918,0.085014,0.069257,-0.044959,-0.17476,-0.11873,-0.030753,-0.044194,-0.12894,-0.19791,-0.1734,-0.12411,-0.084177,-0.025372,-0.024047,-0.004156,0.1293,0.17547,0.12867,0.041476,-0.032027,-0.035896,0.039428,0.054989,-0.13649,-0.11619,-0.076474,-0.032751,0.014485,0.011887,-0.010114,0.051502,0.056246,-0.11478,-0.28465,-0.37986,-0.39846
0.12973,0.13976,0.16422,0.18217,0.16823,0.16525,0.15453,0.14935,0.097992,0.09669,0.10081,0.057763,0.012758,0.041075,0.055785,0.044067,0.032328,0.0083423,-0.0085958,0.02144,0.032421,0.0458,0.10922,0.14998,0.15468,0.093208,0.041489,0.052821,0.048722,0.0073002,-0.03712,-0.053007,-0.046606,-0.03168,0.012044,0.070045,0.048263,-0.053048,-0.15032,-0.13864,-0.12206,-0.168,-0.18617,-0.15161,-0.10852,-0.015315,0.10408,0.083283,-0.010015,-0.057575,-0.038194,-0.03295,-0.044548,-0.049113,-0.10916,-0.15948,-0.1394,-0.10681,-0.1021,-0.16568,-0.20299,-0.18233,0.042432,0.18543,0.11305,0.076466,0.069668,0.068127,0.034914,0.0069822,0.043765,0.082532,0.11979,0.14694,0.1237,0.0859,-0.0012642,-0.040469,0.03598,0.027479,-0.00087247,0.0087308,-0.0061356,-0.018022,0.011801,0.031485,0.020751,0.034347,0.025717,0.036743,-0.0054955,-0.10012,-0.094271,0.0024299,0.037449,0.015853,-0.011532,-0.0031361,0.033404,0.042011,0.166,0.16688,0.17149,0.1745,0.20195,0.31,0.40296,0.2423,0.0069833,-0.078292,-0.12364,-0.036402,-0.0019217,0.011708,-0.0038585,-0.022861,-0.07903,-0.13546,-0.11992,-0.12707,-0.049354,0.038332,0.07622,0.10736,0.13997,0.11233,0.070308,0.093466,0.12217,0.15096,0.15498,0.085264,0.045034,0.0727,0.071914,-0.060016,-0.036775,0.035727,-0.043213,-0.12159,-0.16693,-0.082025,0.026888,-0.047237,-0.12895,-0.028033,0.06347,-0.025541,-0.12473,-0.18561,-0.24085,-0.27808,-0.27104,-0.21004,-0.13969,-0.079214,-0.003447,-0.032286,-0.1295,-0.24832,-0.29462,-0.090205,0.1829,0.27444,0.20305,0.088553,0.0028219,-0.058933,-0.097113,-0.14204,-0.16814,-0.19471,-0.22632,-0.20563,-0.15047,-0.097249,0.025166,0.10439,0.033765,0.0067722,0.070643,0.10261,0.10023,0.13111,0.0014043,-0.14908,-0.08095,-0.0048828,0.070415,-0.03661,-0.083086,0.020206,0.076084,0.040403,-0.05502,-0.14237,-0.13072,-0.0043014,0.089787,0.10709
0.17189,0.12491,0.041688,-0.015253,-0.078004,-0.12984,-0.1455,-0.13747,-0.11208,-0.15032,-0.093056,-0.0068798,0.093249,0.18816,0.16045,0.046286,-0.017208,-0.026104,-0.019371,0.028097,0.035164,0.001252,-0.034226,-0.095527,-0.13856,-0.18423,-0.23703,-0.18201,-0.067217,-0.073195,-0.13961,-0.13753,-0.13134,-0.017341,0.013632,0.010369,0.07696,-0.058295,-0.11043,-0.13719,-0.14857,0.041136,0.13977,0.10105,0.046054,0.027971,-0.13571,-0.11332,0.026368,0.050398,0.087818,0.016476,-0.056984,0.0064063,0.089511,0.10888,0.040325,-0.038713,-0.015928,0.049141,0.032608,-0.037848,-0.047358,0.021329,0.038338,0.027191,0.039071,0.046392,0.023104,-0.027855,-0.085869,-0.15335,-0.17688,-0.16047,-0.12872,-0.0063945,0.094998,0.10763,0.10416,0.075563,0.070149,0.07292,0.065859,-0.0040741,-0.12267,-0.19017,-0.197,-0.15745,-0.10918,-0.1064,-0.07338,-0.03685,-0.0061039,-0.012697,-0.0072491,-0.024774,-0.010933,0.015126,0.010903,0.0035432,0.011419,-0.026504,-0.088315,-0.085396,-0.028655,-0.058032,-0.12294,-0.085421,0.050368,0.11045,0.029289,-0.038567,-0.033666,-0.05028,-0.06644,-0.012168,0.041073,0.029991,0.015639,-0.045642,0.029544,0.094395,0.038838,-0.052652,-0.10442,-0.13137,-0.13098,-0.059425,-0.1038,-0.17715,-0.12708,-0.099329,-0.079585,-0.11025,-0.090025,0.17626,0.40523,0.40778,0.40613,0.43475,0.35104,0.10139,-0.042014,0.069462,0.18803,0.016905,-0.28267,-0.31962,-0.20723,-0.15761,0.064731,0.35677,0.40754,0.26987,0.059244,-0.18735,-0.38781,-0.46462,-0.40577,-0.26847,-0.13884,-0.030507,0.052095,0.10154,0.081186,0.091991,0.1139,0.066529,0.06552,0.10736,0.062853,0.017174,0.0478,0.093703,0.049387,-0.053194,-0.083258,-0.085814,-0.090472,-0.050242,0.012028,0.037352,-0.026985,-0.11479,-0.1567,-0.12895,-0.062645,-0.012825,0.032122,0.077244,0.014754,-0.032449,0.006181,0.059957,0.11728,0.21378,0.21393,0.15467,0.12166,0.11283
-0.00040624,-0.049939,-0.1244,-0.089113,-0.060743,-0.13028,-0.13303,-0.08871,-0.062997,-0.075524,-0.072587,-0.12297,-0.13416,-0.0569,0.010859,0.021424,0.024137,0.032976,0.034124,0.012975,0.0061352,0.017617,0.039693,0.070096,0.025309,-0.12454,-0.21846,-0.071186,0.15474,0.16576,0.17703,0.18305,0.17232,0.12986,0.041136,0.055722,-0.35788,-0.38911,0.02252,0.057296,-0.011141,-0.03108,-0.045831,-0.053632,-0.07151,-0.10313,-0.0051044,0.051107,0.025214,-0.01098,0.083984,0.1394,0.1066,0.10389,0.10141,0.012406,-0.084424,-0.074712,-0.070987,0.030289,0.109,0.047807,-0.042416,-0.028212,0.018691,0.030706,0.045296,0.068374,0.10745,0.086714,0.028388,-0.016573,-0.10421,-0.10362,-0.042874,0.084545,0.13951,0.06641,0.044348,0.073539,0.064468,0.0095498,-0.055836,-0.10138,-0.082561,-0.05152,-0.056675,-0.083396,0.0045634,0.031757,0.074814,0.048169,-0.0027351,-0.038097,-0.036792,-0.019052,-0.032061,-0.028615,0.019922,0.052594,0.082534,0.039446,-0.016039,-0.13851,-0.24317,-0.14215,-0.092713,-0.087531,0.053987,0.058435,0.15643,0.099952,0.027698,0.041239,0.0082561,-0.011487,-0.0052863,-0.0037862,-0.021675,0.040341,0.11209,0.12226,0.11487,0.11532,0.075982,-0.063825,-0.13864,-0.089445,-0.085493,-0.061276,-0.017695,0.015632,-0.0021184,-0.010935,0.084219,-0.19615,-0.61583,-0.54795,-0.056923,0.083728,0.13044,0.18246,0.099312,-0.067656,-0.1398,-0.091712,0.048184,0.084761,0.01661,-0.084791,-0.0098606,0.097785,0.095617,0.074206,0.086729,0.035904,-0.028999,0.0025498,0.014994,0.046875,0.066781,0.0085468,-0.093365,-0.055743,0.1094,0.17782,0.15869,0.19867,0.25722,0.24914,0.1718,0.091143,0.06304,0.058187,-0.10029,-0.25712,-0.25768,-0.20173,-0.072104,0.075844,0.042232,-0.041371,-0.089644,-0.061081,-0.079295,-0.070887,0.13497,0.076736,-0.034693,-0.016901,0.020842,0.010013,0.0030046,1.8717e-05,-0.051232,-0.091998,-0.10807,-0.017117,0.016931,-0.010506
-0.019572,-0.0024893,0.021426,0.012678,-0.023437,-0.02241,-0.002593,0.025273,-0.015937,0.22259,0.26825,0.26062,0.20778,0.0015972,-0.096703,-0.054502,-0.0033844,0.028302,0.041446,0.028815,0.048672,0.1,0.1138,0.10103,0.046542,0.020863,0.012345,-0.044022,-0.060153,-0.053617,-0.092019,-0.11236,-0.075557,0.016626,0.042716,0.000987,-0.017088,0.019601,0.013677,-0.041369,-0.034475,-0.055793,-0.07528,-0.092734,-0.10241,-0.045934,0.081219,0.12331,0.070707,0.0226,0.0097444,-0.011435,-0.042445,-0.053458,-0.05745,-0.045269,-0.026621,-0.020215,-0.013012,-0.039877,-0.068936,-0.059035,0.07339,0.18231,0.12219,0.10517,0.1288,0.089411,0.065618,0.085623,0.090562,0.16735,0.29469,0.34286,0.17898,-0.72596,-0.68704,0.047506,-0.029106,-0.053014,-0.084546,-0.079227,-0.050709,0.0081746,0.039386,0.041459,0.081464,0.052945,0.10639,0.11463,0.11025,0.02799,-0.02295,0.0026262,0.03739,0.058355,0.042393,0.0039988,0.0037876,0.011479,0.025145,0.04143,0.064889,0.095472,0.088242,0.075275,0.1148,0.17169,0.22889,-0.22272,-0.24847,-0.10428,-0.031027,-0.027255,-0.049622,-0.017933,0.055063,0.065377,0.055398,0.10067,0.12786,0.1262,0.10933,0.096619,0.077421,-0.061545,-0.19585,-0.16712,-0.10393,-0.046157,-0.049865,-0.077762,-0.053515,-0.051414,-0.0073962,0.12285,0.23677,0.2374,0.11405,0.02163,-0.10543,-0.091644,0.062081,0.045287,-0.10008,-0.016059,0.18507,0.21672,0.11336,-0.0058969,-0.061652,-0.084282,-0.070972,-0.0476,-0.032682,-0.048896,-0.047425,-0.012002,0.029097,0.037564,0.048507,0.065519,0.13081,0.25179,0.15338,-0.073601,-0.14038,-0.12261,-0.058314,-0.063648,-0.16141,-0.079335,0.029598,-0.0030431,0.044953,0.79782,0.49078,-0.31318,-0.19312,-0.12353,-0.11821,-0.012559,0.076803,0.11091,0.12374,0.048774,0.062097,0.05109,-0.049185,-0.027204,0.017277,0.017387,0.0076925,0.024582,0.01094,-0.025389,-0.11923,-0.15753,-0.091176,-0.051919
-0.071185,-0.038926,-0.047104,-0.049253,-0.059822,-0.15271,-0.18873,-0.16165,-0.1423,-0.15,-0.13027,-0.1167,-0.17186,-0.21145,-0.15898,-0.11064,-0.04124,0.031001,0.027765,-0.019367,-0.054351,-0.051526,-0.05363,-0.059524,-0.064411,-0.10808,-0.23475,-0.36557,-0.28584,-0.076113,-0.019567,0.075278,0.093467,0.1665,0.20491,0.14457,0.13064,0.082076,0.064298,0.015957,-0.0046558,0.20414,0.25793,0.1034,0.073961,0.084502,-0.26862,-0.24326,-0.09419,-0.056218,-0.056328,-0.076543,0.015334,0.11664,0.11672,0.1407,0.11885,0.053034,0.051909,0.087811,0.10686,0.086888,0.086438,0.08848,-0.071233,-0.22789,-0.25499,-0.26715,-0.25293,-0.18386,-0.12797,-0.10144,0.0064053,0.10615,0.13587,0.16388,0.1698,0.1728,0.21908,0.24588,0.21691,0.099725,-0.024326,-0.088063,-0.10431,-0.057195,0.0037115,-0.033907,-0.031801,-0.011057,0.00019,-0.031504,-0.048757,-0.045952,-0.04217,-0.053304,-0.053022,-0.054992,-0.068297,-0.076874,0.013704,0.044612,0.047462,-0.12927,-0.30099,-0.22347,-0.16846,-0.084655,0.022667,0.0046825,0.11822,0.088305,0.080909,0.18608,0.19874,0.088469,-0.011892,-0.0093855,-0.040558,-0.022317,-0.010292,-0.020088,-0.036465,-0.035186,-0.0081595,-0.026797,-0.10101,-0.089123,-0.12054,-0.19199,-0.12999,-0.097604,-0.078023,-0.041516,-0.014789,0.12185,0.22294,0.16654,0.17779,0.22813,0.16314,-0.10926,-0.063463,0.43142,0.57996,-0.0052971,-0.51042,-0.50671,-0.26765,0.02125,0.014667,-0.012457,0.040064,0.09337,0.11472,0.12283,0.057303,-0.04763,-0.046721,0.067307,0.15199,0.12976,0.11828,0.12846,0.00068072,-0.14068,-0.18619,-0.21933,-0.19404,-0.10557,-0.062904,-0.059243,-0.04822,-0.064502,-0.07131,-0.058084,-0.013707,0.043586,0.084404,0.10676,0.060137,-0.00011709,-0.048043,-0.048255,0.022786,0.024197,0.014198,0.11766,0.09627,0.095073,0.0078479,-0.10471,-0.11895,-0.089826,-0.079313,-0.025217,0.025604,0.020241,0.017603,0.017685
0.19721,0.17445,0.11335,0.009798,-0.12091,-0.20213,-0.22017,-0.20118,-0.16147,-0.24032,-0.24029,-0.22854,-0.2347,-0.1605,0.017257,0.079748,0.03515,0.042874,0.052472,0.022569,-0.034548,-0.079069,-0.10005,-0.076064,-0.012002,0.0077797,-0.10736,-0.25293,-0.23497,-0.11284,-0.068682,-0.057851,-0.040639,0.012945,-0.0054792,0.11613,0.24315,0.20035,0.09399,0.034098,0.041333,0.055145,0.065376,0.084185,0.09581,0.034876,-0.13855,-0.14495,-0.045325,-0.041426,-0.058746,0.0011763,0.024689,0.021998,0.094031,0.091613,0.11678,0.18196,0.18525,0.1399,0.10115,0.023561,-0.03016,-0.042156,-0.064878,-0.060416,-0.031339,0.041389,0.098935,0.056132,-0.17315,-0.35768,-0.31041,-0.16061,-0.062323,-0.002987,0.012512,0.025655,0.079769,0.071648,0.092473,0.10475,0.029936,-0.053167,-0.10249,-0.11491,-0.091216,-0.10957,-0.15385,-0.18896,-0.15089,-0.10914,-0.031246,0.035658,0.013082,-0.018728,-0.043736,-0.027918,-0.0068897,-0.013131,-0.10557,-0.125,-0.16871,-0.20057,-0.19147,-0.19419,-0.20817,-0.18175,-0.00095438,0.12662,0.066349,0.03172,0.10636,0.13918,0.03339,-0.10693,-0.080489,0.073629,0.06983,0.080198,0.024709,-0.06004,-0.10001,-0.060557,0.042842,0.090029,0.020189,-0.0039946,0.023768,-0.018721,-0.027155,0.013163,0.038213,-0.063619,-0.14649,-0.25107,-0.21916,-0.016427,0.10875,0.070281,0.036012,0.045511,-0.010343,-0.042313,0.010696,-0.096718,-0.3241,-0.20728,0.095607,0.11853,0.10539,0.20474,0.31806,0.29733,0.14644,0.031576,0.10594,0.25633,0.32581,0.29807,0.13805,0.031078,0.069488,0.052702,-0.11477,-0.22274,-0.1036,0.19332,0.4263,0.37999,0.10292,0.031278,0.073053,0.069048,-0.00757,-0.056106,-0.013321,-0.0067708,-0.074454,-0.10251,-0.11469,-0.16597,-0.21714,-0.22133,-0.24305,-0.24476,-0.11427,-0.037335,-0.0051987,0.055411,0.10141,0.015016,-0.10291,-0.11957,-0.092138,-0.047369,0.046385,0.13823,0.15769,0.15062
0.078478,0.05022,0.021181,0.019171,0.058048,0.083156,0.034574,-0.041852,-0.040382,-0.055943,-0.023167,0.027681,0.11718,0.15707,0.065557,-0.0068818,0.0031741,0.030919,0.035962,0.020211,0.023486,0.026174,-0.012211,-0.051919,-0.076979,-0.1574,-0.13099,0.16107,0.2632,0.20951,0.12234,0.044216,-0.0038713,-0.0096643,0.051692,0.03026,-0.031641,-0.0062109,-0.0015899,0.015932,0.053367,0.039851,0.030168,-0.049373,-0.14377,-0.12479,-0.047945,-0.014429,-0.0055827,-0.012078,-0.032891,-0.065939,-0.096131,-0.033308,0.023576,0.032183,0.058966,0.054118,0.0272,0.0081023,0.0035377,0.0057027,-0.011345,-0.036598,-0.053682,-0.036661,-0.082777,-0.13698,-0.10587,-0.068123,-0.054017,-0.093757,-0.12316,-0.059914,0.048041,0.1344,0.15181,0.13342,0.047226,-0.027852,-0.020342,-0.011292,-0.025348,0.0058334,0.026497,-0.027078,-0.058909,-0.059922,-0.054751,0.039895,0.14012,0.25611,0.21964,0.060471,-0.039823,-0.048998,-0.016124,-0.0090797,-0.031134,-0.051344,0.089404,0.065696,0.045099,0.078885,0.014927,-0.051234,0.0413,-0.029898,-0.10659,-0.0058562,-0.025245,-0.041976,-0.030719,-0.025229,-0.00012673,0.042253,0.058846,0.040775,0.0032823,0.046486,0.17649,0.21956,0.15733,0.12353,-0.046577,-0.42414,-0.33279,0.026138,0.11543,0.09107,0.09643,0.10518,0.099037,0.1029,-0.035409,-0.3,-0.29209,-0.15461,-0.036675,0.00062162,-0.039817,-0.074051,-0.031802,-0.024876,-0.10067,-0.080047,0.023411,0.025044,0.032623,0.053406,0.058034,0.047619,0.016784,-0.036945,-0.038591,0.043529,0.096633,0.0077837,-0.097485,-0.092194,-0.019852,-0.013889,-0.060447,-0.11787,-0.19249,-0.16296,-0.0078386,0.14202,0.20857,0.18665,0.077239,-0.015302,-0.012127,-0.00032731,-0.02607,-0.033759,0.0027717,0.030964,0.0081932,-0.021982,0.038181,0.080982,0.08935,-0.011525,-0.13706,-0.040614,-6.2307e-05,0.0055788,0.064914,-0.13209,-0.24835,-0.22707,-0.19752,-0.055451,0.069172,0.071356,0.065896,0.047417,0.022904,0.0052842
-0.022996,-0.018102,-0.00058776,0.024288,0.059583,0.07543,0.052701,0.023282,0.02142,0.026606,0.016998,-0.021297,-0.018508,0.015374,0.0032858,0.03456,0.05989,0.017625,-0.0097831,0.017927,0.010806,-0.027339,-0.039964,-0.051291,-0.015399,0.016319,0.0055727,0.02538,0.045328,-0.00095459,-0.05111,-0.055411,-0.056831,-0.0651,0.038545,0.12141,0.094323,0.0036798,-0.07624,-0.083058,-0.029893,-0.0085713,-0.013587,0.01588,0.040015,-5.655e-05,-0.012835,0.052683,0.034321,-0.0028516,0.03528,0.016725,-0.069753,-0.085004,-0.088723,-0.069161,-0.030931,-0.011595,-0.0053369,-0.043213,-0.076001,-0.07226,-0.048585,-0.00075184,0.013112,0.0099257,0.034041,0.053889,-0.028524,-0.1585,-0.18283,-0.12729,0.015522,0.11017,0.068962,0.069179,0.082955,0.075913,0.1367,0.15303,0.097376,-0.026646,-0.078786,0.056857,0.2229,0.28576,0.21059,0.30149,0.30026,0.29566,0.25325,0.11093,-0.0073214,0.02,0.028878,-0.031597,-0.05858,-0.091804,-0.12207,-0.13257,-0.032376,-0.026421,-0.0041076,0.049862,0.13876,0.089169,-0.02812,-0.010664,-0.0080607,0.033596,0.0024337,-0.092847,-0.11588,-0.10208,-0.1089,-0.10996,-0.12715,-0.1518,-0.11081,-0.11567,-0.048842,-0.0022865,-0.030943,-0.036878,0.01752,0.057153,0.053279,0.083398,0.12196,0.106,0.041134,0.015264,0.051571,0.12086,0.10719,-0.035071,-0.041744,-0.0607,-0.18346,-0.26132,-0.14452,0.037034,0.061034,0.063215,0.14908,0.14179,0.10848,0.15747,0.12641,0.038615,-0.023616,-0.040995,-0.012308,0.014182,0.042208,0.073003,0.10367,0.13303,0.19057,0.22318,0.24404,0.35801,0.37553,0.1637,-0.016349,0.017213,0.11433,0.14174,0.10278,-0.0074825,-0.067744,-0.059782,-0.046261,-0.055793,-0.080362,-0.046611,0.057431,0.10965,0.049997,-0.10071,-0.20188,-0.10429,0.04504,0.1895,0.29491,0.19663,0.02535,-0.24238,-0.351,-0.30666,-0.24729,-0.18862,-0.12883,-0.13814,-0.14144,-0.034119,-0.0079936,-0.082852,-0.090734,-0.079544
0.1267,0.093484,0.028599,-0.049284,-0.1324,-0.18674,-0.23543,-0.25514,-0.18043,-0.23556,-0.28021,-0.21456,-0.018255,0.14682,0.16107,0.079907,0.047301,0.050703,0.042016,-0.03515,-0.008157,0.052678,-0.04317,-0.12437,-0.11021,-0.16298,-0.31402,-0.27163,-0.076292,-0.10372,-0.048891,0.033259,0.12268,0.197,0.14137,0.087344,0.089599,-0.035916,0.079195,0.1755,0.081867,0.06176,0.055661,0.09431,0.064108,-0.021958,0.0011035,0.030203,0.0087562,-0.0098716,-0.011116,0.075899,0.14017,0.1235,0.11163,0.07657,0.051638,0.062521,0.06849,0.036679,0.064636,0.10769,0.082922,0.012188,-0.012891,-0.034393,-0.063442,-0.065589,-0.076053,-0.10452,-0.089183,0.023675,0.11066,0.09841,0.095866,0.14519,0.1323,0.1038,0.12833,0.15715,0.13088,0.091464,0.069108,0.019211,-0.1008,-0.23384,-0.25538,-0.33322,-0.41047,-0.36851,-0.23309,-0.12653,-0.05027,0.025332,0.048886,0.076494,0.040432,-0.0010021,-0.09587,-0.18461,-0.17955,-0.21051,-0.25978,-0.26665,-0.2129,-0.10188,-0.073458,-0.21949,-0.20124,-0.096672,-0.064211,-0.018287,0.020823,-0.0078014,-0.037669,-0.03494,-0.050459,-0.082455,-0.1025,0.091227,0.18826,0.1399,0.069515,0.040737,0.035424,-0.062889,-0.20373,-0.24436,-0.20932,-0.15282,-0.11247,-0.11198,-0.12193,-0.15363,-0.08771,0.097868,0.25818,0.20921,0.12859,0.19437,0.28785,0.1793,-0.038666,-0.091078,-0.057023,0.010182,0.065832,0.065174,0.016117,-0.038106,-0.049165,-0.010072,0.014086,0.046652,0.1025,0.08456,0.014889,0.020223,0.047955,0.016355,0.037207,0.18174,0.16796,0.00082316,-0.045208,0.082705,0.15429,0.06005,-0.033354,-0.0205,0.035968,0.060615,0.039274,-0.0031917,-0.022741,-0.0096372,0.054489,0.11956,0.15003,0.070288,-0.067741,-0.11845,-0.10342,-0.08139,-0.11577,-0.17216,-0.11539,0.087955,0.16037,0.13054,0.051519,-0.052342,-0.10909,-0.13967,-0.17441,-0.12744,0.26439,0.39468,0.25848,0.15131
-0.055938,-0.074143,-0.11717,-0.17168,-0.18118,-0.13279,-0.057623,0.047711,0.042441,0.19689,0.18719,0.12016,0.093245,0.18162,0.26792,0.20968,0.07927,0.0045007,-0.0056122,0.039236,0.071815,0.017244,-0.042129,-0.075899,-0.11572,-0.11237,0.03879,0.19249,0.10937,0.047491,-0.0053803,-0.069497,-0.11488,-0.15975,-0.1164,-0.075599,-0.055605,-0.14425,-0.27825,-0.15019,0.0075698,0.020986,0.016931,0.049209,0.047933,0.015643,0.093317,0.1351,0.076282,0.011133,-0.013992,-0.033865,-0.059276,-0.067079,-0.075062,-0.058844,-0.026409,-0.012214,-0.0047543,-0.04144,-0.084744,-0.069053,-0.033056,0.0011513,0.023873,0.050376,0.068155,0.019707,-0.078614,-0.095221,0.049352,0.18423,0.12737,-0.047114,-0.20914,-0.22205,-0.15672,-0.10262,-0.076179,-0.062951,-0.04966,-0.041739,0.00034965,0.058101,0.092229,0.1193,0.11224,0.12,0.1358,0.12945,0.050687,-0.015874,-0.067964,-0.0070003,0.085475,0.13774,0.16792,0.14711,0.11939,0.10649,0.13088,0.11527,0.086546,0.093082,0.054196,0.079628,0.18389,0.20578,0.14315,-0.08415,-0.017786,-0.00092811,-0.030771,-0.056766,-0.13623,-0.17192,-0.13836,-0.076608,-0.0075668,-0.017283,-0.050464,-0.045308,-0.05722,-0.089546,-0.10924,-0.095074,-0.078207,-0.082828,-0.074114,-0.046378,0.0055958,0.012134,0.0071414,0.089856,0.175,0.37214,0.59948,0.53984,0.27633,0.11698,0.011013,-0.093963,-0.075142,-0.088058,-0.094565,0.094005,0.33075,0.366,0.24515,0.061179,-0.067259,-0.1232,-0.13406,-0.12094,-0.093455,-0.06805,-0.010117,0.074515,0.14848,0.14958,0.08514,-0.12397,-0.20307,-0.17967,-0.17981,-0.11037,-0.056185,-0.15516,-0.29774,-0.32391,-0.22916,-0.076422,0.0098346,0.085385,0.24388,0.34706,0.36132,0.28836,0.17467,0.089635,0.071756,0.089155,0.17268,0.26443,0.30899,0.17616,-0.01163,-0.21502,-0.34828,-0.30842,-0.23685,-0.23191,-0.23019,-0.06205,0.13999,0.12376,0.022361,-0.058516,-0.083488,-0.08997
-0.18301,-0.20454,-0.19471,-0.17709,-0.16055,0.021506,0.17943,0.13502,0.040098,0.011905,-0.010001,-0.085967,-0.1239,-0.04745,0.00032509,0.040008,0.034441,-0.011214,-0.00072194,-0.025093,-0.031306,-0.0029003,0.031168,0.080326,0.12658,0.15711,0.096228,0.0010603,-0.014124,0.020906,0.089897,0.16562,0.2136,0.22853,0.22068,0.17077,0.1192,0.054662,0.067876,0.10194,0.087584,0.039286,0.013261,-0.049586,-0.10842,-0.042911,0.084256,0.11642,0.05197,-0.022099,-0.054902,-0.069107,-0.089023,-0.068545,-0.056502,-0.060261,-0.039283,-0.020773,-0.0097493,-0.0036166,-0.0095465,0.027616,0.13738,0.14571,0.058063,0.014339,0.04819,0.10756,0.13462,-0.0019326,-0.19915,-0.090684,-0.29063,-0.4555,-0.3198,-0.044193,-0.027197,-0.13195,-0.14364,-0.11703,-0.072519,-0.06901,-0.053017,-0.042048,0.0022278,0.10573,0.15391,0.11513,0.054632,0.011022,-0.013669,0.0063416,0.082423,0.14826,0.16754,0.17531,0.17387,0.14253,0.1095,0.091592,-0.0079038,-0.026905,-0.090532,-0.099245,0.016622,0.22932,0.38831,0.25878,-0.131,-0.027063,-0.030366,-0.018823,0.033562,0.046496,0.033298,0.10162,0.17833,0.12006,0.11386,0.042295,-0.10216,-0.17948,-0.14237,-0.075539,0.0016252,0.049001,0.011421,-0.083865,-0.12706,-0.091225,-0.041783,0.0076464,0.03406,0.022556,-0.037866,-0.075063,-0.072809,-0.099574,-0.13627,-0.1892,-0.23687,-0.17188,-0.062032,-0.10208,-0.16158,0.011756,0.23226,0.23752,0.097725,-0.025899,-0.075547,-0.13481,-0.17175,-0.20292,-0.21808,-0.17365,-0.065517,0.043485,0.10633,0.03144,-0.096861,-0.0077584,0.26031,0.39696,0.25328,0.066537,0.023905,0.084785,0.11929,0.084461,0.045078,0.079435,-0.0077857,0.012595,-0.032932,-0.24067,-0.26281,-0.16144,-0.11736,-0.0069055,0.099511,0.10688,0.14457,0.19598,0.26346,0.16751,0.00077898,0.034226,0.015713,0.055472,-0.00076576,-0.047246,-0.047706,-0.020476,0.033773,0.021696,-0.053307,-0.10097,-0.11193,-0.11899
0.065231,0.08024,0.096185,0.06729,0.037441,0.04994,0.065382,0.088342,0.1398,0.16403,0.12268,0.090284,0.10454,0.080446,0.017623,0.077501,0.11455,0.042374,-0.00045447,0.023141,0.0057549,-0.034551,-0.040734,-0.093156,-0.16491,-0.12769,0.065981,0.16212,0.10866,0.057783,0.035213,0.024239,0.023235,0.035791,0.0127,-0.0013775,-0.01121,0.014852,0.018615,-0.012859,-0.025389,-0.06498,-0.087045,-0.057582,-0.019941,-0.019184,0.045921,0.094536,0.051598,0.0021377,-0.011862,-0.040013,-0.086599,-0.096286,-0.097457,-0.081935,-0.056348,-0.049479,-0.041331,-0.072129,-0.10493,-0.076798,-0.098241,-0.16944,-0.13027,0.0066485,0.095586,0.11751,0.007269,-0.14054,-0.13516,-0.096322,-0.0014581,0.086269,0.094416,0.085872,0.045021,0.00066316,0.033363,0.06351,0.028752,0.018491,0.083883,0.15284,0.17464,0.13967,0.052742,0.12538,0.11785,0.089936,0.049133,0.0060084,-0.01914,0.01502,0.025237,0.00020696,0.0071777,0.020824,-0.0096204,-0.039351,0.07602,0.084655,0.093705,0.10564,0.09634,0.018182,-0.034908,-0.0046557,-0.076543,-0.0024127,-0.011779,-0.10512,-0.13732,-0.11814,-0.1157,-0.15362,-0.20186,-0.21012,-0.14539,-0.12305,-0.019792,0.047861,0.023975,-0.092327,-0.30238,-0.30605,-0.016485,0.11884,0.14374,0.17764,0.22719,0.2715,0.1305,-0.056374,-0.032741,0.037037,0.13455,0.086057,-0.034137,-0.11836,-0.2005,-0.16519,-0.020346,0.027192,-0.049777,-0.015308,0.13569,0.18236,0.1005,-0.035261,-0.12029,-0.099736,-0.039527,-0.023964,-0.0098518,0.011924,0.012371,0.022167,0.06362,0.039893,0.00094949,-0.096149,-0.20483,-0.31017,-0.33856,-0.11462,0.13253,0.17939,0.11716,0.0024299,-0.041341,-0.041508,-0.036439,-0.052473,-0.096094,-0.10567,-0.028345,0.055044,0.078332,0.03379,0.045585,0.10994,0.17564,0.2349,0.2941,0.25567,-0.01816,-0.11344,-0.06827,-0.10702,-0.10417,-0.036502,0.021795,0.027671,-0.034993,-0.041461,0.056849,0.092191,0.050561,0.017371
0.029526,0.025948,0.037916,0.065691,0.097067,0.10833,0.066733,0.054274,0.13115,0.22679,0.23706,0.23378,0.24397,0.23993,0.18336,0.077717,-0.0096829,-0.069402,-0.074679,-0.050334,0.0077502,-0.018058,-0.0472,-0.045683,-0.083079,0.004402,0.12728,0.014731,-0.16833,-0.20405,-0.12473,0.041704,0.19417,0.23177,0.10045,-0.048912,-0.049053,-0.132,-0.24011,-0.15652,-0.075492,-0.094316,-0.13888,-0.15517,-0.11946,-0.067549,0.037318,0.053937,0.0077828,-0.019167,-0.02261,-0.045085,-0.081292,-0.090079,-0.037611,0.02511,0.041128,0.033935,0.03317,0.0088388,-0.013223,-0.025309,0.036608,0.080318,0.032841,0.020827,0.035899,0.058693,0.057367,0.074722,0.076933,0.071046,0.17535,0.22474,0.14776,0.081019,-0.065628,-0.14964,-0.10426,-0.077559,-0.083277,-0.10506,-0.11466,-0.070987,0.038712,0.087514,0.073377,0.10361,0.083402,0.086627,0.091402,0.086385,0.086305,0.060008,0.0408,0.060236,-0.062465,-0.13806,-0.075439,-0.057707,0.04296,0.039009,0.048548,0.096254,0.0090295,-0.094873,-0.047656,-0.13227,-0.15763,-0.282,-0.29424,-0.13123,-0.1097,-0.15927,-0.05705,0.13554,0.10258,-0.0050256,-0.044553,-0.14385,-0.26292,-0.18381,-0.054179,-0.040917,-0.054398,0.071045,0.18584,0.16362,0.030398,-0.066607,-0.0023789,0.030751,0.021226,0.04894,0.13004,0.36776,0.58297,0.47412,0.15345,-0.027877,-0.051544,-0.044559,-0.038736,-0.12694,-0.19019,-0.050548,0.12312,0.10226,0.0013284,-0.076409,-0.074981,-0.029687,0.011019,0.02315,0.010127,-0.021317,-0.064517,-0.089592,-0.085659,-0.10375,-0.10769,0.0094192,0.11725,0.12347,0.10046,0.19163,0.26365,0.075829,-0.11634,-0.15509,-0.11696,-0.044689,-0.012516,-0.037833,-0.021365,0.041834,0.032198,-0.013786,-0.01782,-0.03398,-0.046747,-0.03548,0.0080968,0.038859,-0.049458,-0.10213,-0.04304,-0.015499,0.061761,-0.043302,-0.11065,-0.066826,-0.037114,0.0053856,0.044256,0.0066112,0.067043,0.19203,0.2764,0.29006
-0.15244,-0.10201,0.0168,0.081957,0.067564,0.078124,0.11467,0.1377,0.12282,0.18564,0.18746,0.17138,0.053296,-0.027957,0.071437,0.14307,-0.010263,-0.10026,-0.049742,0.0026719,0.061831,0.07125,0.055216,0.021847,0.077218,0.24031,0.27406,0.12381,-0.033531,-0.08091,-0.057218,0.03101,0.12138,0.12857,0.029946,-0.05298,-0.041673,-0.14772,-0.21273,-0.16336,-0.1454,-0.18196,-0.20056,-0.1834,-0.16411,-0.11298,0.0026912,0.023619,-0.038489,-0.089437,0.033381,0.10607,0.051919,0.056372,0.087255,0.033142,-0.034556,-0.02497,-0.019334,-0.050143,-0.078952,0.0018938,0.12138,0.12061,0.045168,0.014125,0.0046293,-0.025203,-0.042965,-0.011473,0.050591,0.089408,0.12968,0.17095,0.11659,0.082559,0.06337,0.016841,-0.052104,-0.084343,-0.063734,-0.06743,-0.096667,-0.14507,-0.10838,-0.031256,-0.019923,0.10114,0.24959,0.24472,0.15808,0.094659,0.07205,0.044614,0.022385,-0.020703,-0.033059,-0.041902,-0.079738,-0.1006,-0.19557,-0.12975,-0.0043445,0.081164,0.14442,0.094877,0.012189,0.082505,0.078459,0.04476,-0.1753,-0.2788,-0.18244,-0.11195,-0.15526,-0.18549,-0.097832,-0.029101,0.084418,0.02581,-0.1244,-0.22828,-0.2577,-0.13215,0.074655,0.20511,0.19585,0.13315,0.020712,-0.059102,-0.0080756,0.022869,0.034653,0.0089792,0.066259,0.34261,0.56407,0.52386,0.27163,-0.0023702,-0.1661,-0.093212,0.05262,-0.0013797,-0.1288,-0.025002,0.15621,0.20406,0.1626,0.050622,0.10072,0.18848,0.211,0.16914,0.093877,0.034652,0.020632,0.048803,0.071445,0.047345,0.021996,0.074635,0.20442,0.23573,0.12673,0.066791,-0.0062119,-0.13848,-0.19523,-0.17859,-0.16827,-0.10353,-0.039189,-0.056756,-0.041355,0.007927,0.074158,0.096455,0.064496,0.056656,0.10182,0.10907,0.099026,0.11096,0.0071711,-0.082996,0.10059,-0.19453,-0.32155,-0.28062,-0.21806,-0.17144,-0.08792,0.014002,0.081734,0.16929,0.13194,0.041639,-0.013776,-0.030164
0.097936,0.064966,0.03349,0.03261,0.035743,0.0848,0.10788,0.027138,0.0096908,0.012733,-0.0041775,-0.0070451,0.057575,0.1354,0.12114,0.060286,0.028005,0.034234,0.040452,0.027944,0.034989,0.034924,0.0047819,-0.034032,-0.11675,-0.08822,0.13991,0.16603,-0.010784,-0.096205,-0.070996,-0.024303,-0.026913,-0.054125,-0.070291,-0.11204,0.042143,0.13263,0.12872,0.063937,0.012069,-0.0023454,0.0053377,-0.065852,-0.15928,-0.13714,-0.028927,0.035895,0.041156,0.015889,-0.0040258,-0.018489,-0.035409,-0.040003,-0.064092,-0.073424,-0.058265,-0.071989,-0.096035,0.0096581,0.1043,0.061794,-0.051662,-0.086358,-0.036208,-0.014603,-0.026308,-0.029799,0.029587,0.041144,-0.024497,-0.10165,-0.20458,-0.23004,-0.15264,0.033168,0.12659,0.060169,-0.010265,0.014323,0.041162,-0.016787,-0.080815,0.003979,0.14596,0.12175,0.09569,0.060647,0.017632,0.0044789,0.020145,0.078987,0.064537,0.011632,-0.041199,-0.043031,-0.012657,0.027509,0.04494,0.035467,0.079778,0.052742,0.031149,0.065943,0.1406,0.17417,0.14834,0.057163,-0.18444,-0.16939,-0.091684,-0.03993,-0.028392,-0.034259,-0.054764,-0.040589,0.0092699,0.038075,0.023351,0.076455,0.11532,0.083861,0.028688,-0.010943,-0.16924,-0.26545,-0.0074407,0.12309,0.13324,0.10695,0.044395,0.018705,0.052156,0.11506,0.067225,0.08175,-0.23818,-0.46151,-0.29936,-0.050176,0.01178,0.021297,0.040655,-0.0091268,-0.16458,-0.14134,0.028222,0.098896,0.093708,-0.011584,-0.15147,-0.25652,-0.28767,-0.23163,-0.10912,-0.012955,0.002728,-0.048597,-0.11153,-0.040509,0.14403,0.19389,-0.031282,-0.15459,-0.13703,-0.11239,-0.13995,-0.16062,-0.021915,0.12583,0.07701,0.015583,0.065847,0.14114,0.12805,-0.083767,-0.21541,-0.14903,0.0059892,0.18915,0.25728,0.19483,0.12564,0.0019829,-0.12034,-0.041497,-0.00085967,0.037771,0.016596,-0.0256,0.037483,0.07161,0.04119,0.037202,0.054616,0.00046933,0.012938,0.098311,0.12684,0.11661
0.16699,0.12698,0.049513,-0.046371,-0.16812,-0.25808,-0.25989,-0.18925,-0.1549,-0.1922,-0.15292,-0.070586,0.0023752,0.015728,-0.0073703,0.0038941,0.038813,0.045689,0.036117,-0.010866,-0.06391,-0.089443,-0.089521,-0.035483,-0.0033342,-0.069485,-0.13837,-0.088703,0.0041171,-0.021709,-0.020787,-0.038061,-0.090991,-0.17075,-0.18041,-0.17339,-0.0077759,0.16372,0.15934,0.039732,-0.081826,0.02835,0.11911,0.092784,0.053112,0.069755,-0.043709,-0.16388,-0.097045,-0.0876,-0.10056,-0.1219,-0.017207,0.101,0.11037,0.14048,0.12622,0.068352,0.059055,0.081865,0.090281,0.072735,0.1018,0.12235,0.027366,-0.035389,0.0024101,0.059646,0.087223,0.003627,-0.14892,-0.16084,-0.13647,-0.07404,-0.011739,0.046284,0.02388,-0.015383,0.02586,0.085107,0.072461,0.0045526,-0.045191,-0.11148,-0.1632,-0.071858,0.074978,0.079112,0.091098,0.019008,-0.017153,-0.07008,-0.17011,-0.20956,-0.15228,-0.08682,-0.075599,-0.07654,-0.061606,-0.057989,-0.10454,-0.13925,-0.19757,-0.22137,-0.20281,-0.11915,-0.12365,-0.16773,0.054921,0.10318,0.17947,0.08395,-0.015985,0.015201,0.028506,-0.0022839,-0.046391,-0.051616,-0.053013,-0.0055893,0.019332,-0.0022042,-0.018117,0.018501,0.057391,0.016819,-0.022573,-0.066177,-0.11298,-0.078316,-0.024192,-0.019971,-0.03677,-0.0014833,-0.037547,-0.16969,-0.29032,-0.27777,-0.11214,0.19753,0.40278,0.21806,-0.12843,-0.10771,0.13682,0.091918,-0.22056,-0.33559,-0.047478,0.32801,0.27177,0.17241,0.1472,0.15512,0.15581,0.15955,0.11224,0.013052,-0.020671,0.10181,0.19543,0.14408,0.18587,0.23711,0.0041816,-0.17444,-0.038382,0.19661,0.27026,0.12153,-0.021428,-0.011671,0.023341,0.029385,-0.043784,-0.09224,-0.021892,0.058653,0.049218,-0.090129,-0.24491,-0.29629,-0.25911,-0.21436,-0.15755,-0.13693,0.015559,0.02533,-0.045986,-0.0095681,0.047898,0.06049,0.053806,0.09525,0.097708,0.052739,0.041611,0.066281,0.094638,0.10693
0.027319,0.016427,-0.024382,-0.081661,-0.11066,-0.11083,-0.1208,-0.1294,-0.11788,-0.19984,-0.30939,-0.34971,-0.2362,-0.10546,-0.075096,-0.017594,0.01651,-0.017717,0.00034522,0.0051408,0.0046102,0.028329,0.072366,0.098143,0.047162,-0.053059,-0.14191,-0.095305,0.050861,0.05981,0.078306,0.078985,0.063004,0.024777,-0.049086,0.023755,0.05233,0.1281,0.13139,0.14346,0.14483,0.17346,0.20019,0.23283,0.14197,-0.040496,-0.079501,-0.098094,-0.092129,-0.04562,-0.019102,0.072708,0.1367,0.12,0.11669,0.021213,-0.076261,-0.058864,-0.054682,0.015074,0.066012,-0.017741,-0.10881,-0.010506,-0.03961,-0.1169,-0.10946,-0.076126,-0.040566,-0.023711,-0.027998,0.013817,0.067462,0.013747,-0.046728,-0.01966,0.020619,0.028726,0.013945,-0.014171,-0.031511,-0.0047696,0.0038812,-0.090667,-0.12639,-0.08964,-0.050913,-0.11057,-0.12013,-0.10439,-0.07078,-0.073546,-0.075927,-0.01361,-0.016478,-0.039053,-0.033811,-0.064032,-0.089312,-0.093263,-0.12062,-0.12844,-0.15248,-0.14732,-0.065308,-0.062064,-0.12562,-0.11479,0.011946,0.11575,0.036791,0.029388,0.10295,0.11008,0.13468,0.19177,0.18787,0.099084,0.10222,0.094339,0.070651,0.064349,0.081019,0.10278,0.11697,0.078627,0.02005,-0.045359,-0.09163,-0.057422,-0.0074221,0.03312,0.02306,0.0021876,0.048082,-0.3687,-0.46386,-0.25527,-0.14746,-0.050054,0.037572,-0.041182,-0.16467,-0.1653,-0.088187,-0.042684,-0.051266,-0.089414,-0.088808,-0.0080608,0.062035,0.052495,0.042641,0.072162,0.10054,0.091889,0.095104,0.16144,0.2043,0.3157,0.3149,0.06738,-0.080373,0.015049,-0.0067303,-0.092433,-0.070303,-0.0028948,0.06778,0.020292,-0.024771,0.011682,0.029686,0.044317,0.073445,0.025931,-0.08359,-0.13471,-0.092984,0.0030348,0.030212,-0.11338,-0.27078,-0.28842,-0.20328,-0.08843,0.004761,0.1267,0.088055,0.070976,0.12823,0.095705,0.056204,0.053292,0.031302,0.030634,-0.0065959,-0.074617,-0.079273,-0.062219
0.0011625,-0.019686,-0.053247,-0.090823,-0.13963,-0.15004,-0.10387,-0.041796,-0.033183,-0.043773,-0.050212,-0.10203,-0.11517,-0.04335,0.0076472,0.051386,0.042563,-0.012184,-0.001496,-0.00072026,-0.029595,-0.035378,-0.019375,-0.12988,-0.2596,-0.14151,0.0079595,-0.074755,-0.090976,-0.0034205,0.010957,0.030366,0.089272,0.1402,0.098375,0.14522,0.17124,0.18067,0.13696,0.12272,0.11927,0.089599,0.062445,0.092212,0.0094535,-0.12477,-0.10502,-0.13896,-0.16063,-0.084049,0.0195,0.051973,0.0258,-0.014945,-0.061208,-0.05272,-0.025246,-0.010748,-0.0069751,0.069142,0.11713,0.068752,0.037561,0.058614,0.028424,-0.043278,-0.049899,0.060365,0.16342,0.24699,0.13614,-0.18625,-0.11439,-0.2148,-0.2927,-0.22618,-0.087904,0.042536,0.0031478,-0.053103,-0.07469,-0.098902,0.0065306,0.10625,0.027153,0.0063991,0.048723,0.026038,-0.0068223,-0.067372,-0.069085,-0.034032,0.049174,0.013493,-0.037028,-0.028829,-0.036676,-0.069185,-0.065925,-0.040079,-0.28972,-0.30935,-0.32197,-0.27887,-0.18813,-0.036811,-0.0024851,-0.048804,0.061968,0.050001,0.15188,0.096378,0.02396,0.037603,0.018727,0.067089,0.11339,0.0617,0.093774,0.093482,0.067827,0.058447,0.054904,-0.016493,-0.10802,0.0030714,0.13663,0.13758,0.028909,-0.080854,-0.029456,0.012099,-0.0089761,-0.067012,-0.0671,-0.34411,-0.36262,-0.1265,-0.0096226,0.048764,0.10748,0.017313,-0.099024,-0.070079,-0.10083,-0.15346,-0.097354,-0.12557,-0.14859,-0.03587,0.10742,0.080172,0.0053868,-0.047601,-0.052324,0.003241,0.068041,0.099571,0.097222,0.088794,0.20284,0.29411,0.10668,0.041395,-0.041969,-0.23459,-0.23857,0.00153,0.33996,0.42539,0.24958,0.098242,0.12376,0.037783,-0.013776,0.014032,-0.051108,-0.14265,-0.050608,0.058526,0.013897,-0.0012979,-0.061436,-0.14879,-0.15303,-0.18813,-0.087574,0.10964,0.1484,0.10934,0.066135,0.12253,0.13096,0.042871,-0.037538,-0.02825,-0.048929,-0.080005,-0.12183,-0.14965
0.040447,0.028255,0.044542,0.10684,0.1398,0.14246,0.14654,0.15914,0.11052,0.15742,0.21671,0.25221,0.20138,0.069187,-0.017554,0.0015477,0.017337,-0.0074446,-0.024629,-0.0035178,-0.024529,-0.024934,0.06033,0.18395,0.30886,0.25646,-0.039748,-0.28294,-0.19324,-0.030185,-0.024444,-0.080828,-0.11352,-0.16437,-0.034407,0.038095,0.013968,0.057398,0.10369,0.1035,0.070683,0.00043225,-0.06236,-0.11711,-0.13859,-0.10333,-0.021785,0.0091078,0.00060719,-0.0099748,-0.012064,-0.023552,-0.046431,-0.060323,-0.074308,-0.062071,-0.03159,-0.025398,-0.032868,-0.071188,-0.093749,-0.047788,-0.062253,-0.13683,-0.11236,-0.024332,0.0427,0.074948,0.09401,0.0074112,-0.1221,-0.075928,0.022013,0.081934,0.074896,0.028959,-0.042061,-0.060692,0.012386,0.057014,0.048288,0.016748,0.023793,0.080591,0.13317,0.08681,-0.043427,0.02957,0.064669,0.10355,0.10327,0.069734,0.0029709,-0.047339,-0.039534,-0.02155,-0.02846,-0.0076923,0.018451,0.0039309,0.19778,0.18606,0.14971,0.16242,0.23407,0.1557,0.031754,0.11104,0.1356,0.060382,-0.083135,-0.13678,-0.067574,-0.07453,-0.093637,-0.068928,-0.052442,-0.11193,-0.13716,-0.18948,-0.082335,0.051994,0.11865,0.16917,0.2362,0.21586,0.01076,-0.091355,-0.0042728,-0.057446,-0.12359,-0.07846,-0.063975,-0.0099566,-0.053721,-0.10721,-0.004609,-0.11692,-0.24636,-0.24017,-0.15806,0.044673,0.17959,0.14057,0.10013,0.11505,0.11719,0.049564,-0.014462,-0.080046,-0.15935,-0.20939,-0.18142,-0.10133,-0.0085807,0.051267,0.074623,0.054461,0.0049576,-0.066881,-0.071185,-0.068005,-0.15419,-0.27571,-0.32712,-0.17593,0.030087,0.11408,0.10527,0.036902,-0.040536,-0.043329,-0.03673,-0.045346,-0.03366,-0.014509,0.053657,0.1356,0.11061,0.019203,-0.030912,0.031759,0.12615,0.19743,0.28579,0.39815,0.27802,-0.10269,-0.046093,-0.026234,-0.049466,-0.06474,-0.051808,-0.041913,-0.026658,-0.033177,-0.044104,-0.07141,-0.085027,-0.088979
0.021069,0.0801,0.17993,0.19623,0.18641,0.22774,0.27518,0.27188,0.23566,0.17691,0.10485,0.056583,0.021987,0.0081652,-0.028312,-0.12444,-0.0802,0.032804,0.027025,0.0079854,0.027711,0.052073,0.04778,0.062915,0.11176,0.17096,0.24806,0.2885,0.19973,0.1006,0.032434,-0.026224,-0.12643,-0.20197,-0.1733,-0.11667,-0.069589,-0.16566,-0.22889,-0.22762,-0.215,-0.2173,-0.19956,-0.14621,-0.057222,0.023433,0.10662,0.133,0.11224,0.096828,0.039804,-0.045809,-0.087951,-0.10014,-0.099659,-0.073848,-0.0422,-0.04108,-0.043927,-0.084519,-0.1158,-0.054614,0.016529,0.038018,0.03294,0.026651,0.042621,0.038696,0.03443,0.074715,0.083951,-0.0010944,-0.031929,0.0030895,0.020862,-0.0038963,-0.060143,-0.057015,-0.021486,-0.028961,-0.02608,-0.020033,-0.013679,0.053659,0.13795,0.14491,0.10084,0.19815,0.20837,0.20688,0.12853,0.01683,-0.041353,-0.04719,-0.044826,-0.057018,-0.06881,-0.10606,-0.10515,-0.080436,0.010396,0.054298,0.11525,0.14279,0.18647,0.12221,0.017954,0.061891,-0.10505,-0.0084623,-0.016357,-0.14162,-0.19028,-0.17074,-0.12274,-0.087585,-0.083654,-0.0077587,-0.057172,-0.098452,-0.18956,-0.25897,-0.26425,-0.22875,-0.13801,0.072968,0.19857,0.17675,0.16065,0.18095,0.23303,0.28,0.33174,0.22396,0.053896,0.10017,0.16729,0.14118,0.13504,0.12616,0.044068,0.078829,0.13733,0.0483,-0.083636,-0.053848,0.044825,0.046641,0.01064,-0.00096387,0.036419,0.064569,0.064575,0.07258,0.093142,0.10937,0.084907,0.046721,0.022206,-0.05598,-0.093174,-0.065234,-0.019523,0.053771,0.14488,0.18899,0.10634,-0.041575,-0.10187,-0.1003,-0.081318,-0.10751,-0.12257,-0.12227,-0.10853,-0.041193,0.075053,0.11831,0.049938,0.0066468,0.039821,0.070793,0.10024,0.02879,-0.057631,0.081016,0.095604,-0.13287,-0.058104,-0.030203,-0.10144,-0.14381,-0.080811,-0.042577,-0.0082127,0.048475,-0.022101,-0.12741,-0.068491,0.00066697
0.1148,0.14892,0.20553,0.21074,0.20973,0.24753,0.28727,0.28652,0.25534,0.18822,0.13581,0.1168,0.10267,0.063712,-0.028259,-0.11099,-0.086899,-0.013281,-0.0071041,0.043124,0.052895,0.043201,0.086601,0.13098,0.15257,0.1109,0.029457,-0.032876,-0.043804,-0.033953,-0.043782,-0.049642,-0.059633,-0.037994,-0.073938,0.015184,0.10352,-0.00088885,-0.094543,-0.11604,-0.14641,-0.094023,-0.0088257,0.033745,0.064059,0.082138,0.138,0.14635,0.058937,-0.034887,-0.035281,-0.044274,-0.08154,-0.09901,-0.087519,-0.06995,-0.055483,-0.054748,-0.057986,-0.087834,-0.0491,0.0069029,0.022603,-0.01318,-0.021722,0.014596,0.01673,-0.0084989,-0.026074,-0.01503,0.033293,0.060454,0.086358,0.16279,0.16406,0.15682,0.13163,0.001093,-0.047218,-0.029202,-0.045827,-0.06574,0.023848,0.088345,0.0036326,-0.031917,-0.0064717,-0.021073,-0.037324,-0.042076,-0.064696,-0.052696,-0.04677,-0.082888,-0.10269,-0.075967,-0.098708,-0.12616,-0.069989,-0.036213,0.076908,0.0954,0.12004,0.13716,0.18156,0.11639,0.011451,0.05652,-0.11627,-0.0082117,-0.19031,-0.27702,-0.19649,-0.10019,0.025526,0.027545,-0.020242,-0.0277,-0.031265,-0.055187,0.039658,0.12287,0.13447,0.12898,0.13814,0.12821,0.071118,0.068447,0.060397,-0.016528,-0.034092,0.0093691,0.046709,-0.012057,-0.023241,0.027179,-0.0069261,-0.032817,-0.11186,-0.15148,-0.11135,0.016975,0.11734,0.010643,-0.16806,-0.16594,0.01034,0.087803,0.00075695,-0.13419,-0.17288,-0.11137,-0.018981,0.030009,-0.02768,-0.10539,-0.094536,-0.069134,-0.06879,-0.10454,-0.056995,0.14467,0.24922,0.1603,0.080458,0.11107,0.082104,-0.072529,-0.15478,-0.10061,-0.042352,-0.033532,-0.031995,-0.059333,-0.063113,-0.032917,0.02421,0.051412,0.021899,-0.008612,-0.028823,-0.015771,-0.072081,-0.16158,-0.15502,-0.1419,-0.072155,0.075988,0.096249,0.11348,0.043191,-0.01329,-0.030008,-0.020611,0.073924,0.14415,0.2054,0.23689,0.27858,0.30666
-0.13412,-0.13321,-0.09961,-0.10649,-0.17852,-0.14645,-0.058472,0.022412,0.070299,0.022898,0.00093467,0.029888,0.038847,0.053949,0.06803,0.080841,0.078968,0.030443,-0.002921,0.022882,0.04503,0.047865,0.066522,0.099124,0.13036,0.095942,0.0013684,-0.052996,-0.014871,-0.01388,-0.011487,-0.050151,-0.096528,-0.099126,-0.037906,-0.024241,0.10689,0.11807,0.016485,0.025469,0.041446,0.0076077,3.2236e-05,0.031621,0.030518,-0.0036621,0.061584,0.092612,0.035086,-0.017869,-0.02066,-0.024077,-0.044296,-0.051761,-0.067281,-0.066826,0.0010049,0.028445,0.010533,0.051248,0.034974,-0.11725,-0.16939,-0.08996,-0.00069465,0.063006,0.076512,0.06384,0.021779,0.0029235,-0.02863,-0.072609,0.054316,0.034875,-0.0018122,0.055492,0.094703,0.0087843,-0.030026,-0.037459,-0.059003,-0.039763,-0.02291,-0.054712,-0.04261,-0.02944,-0.075185,-0.032817,-0.029735,-0.0054166,-0.00066867,-0.064175,-0.10382,-0.10945,0.0050664,0.15711,0.18233,0.12912,0.06315,0.033017,0.036152,0.03999,-0.0031717,-0.041486,0.010602,0.16819,0.30125,0.14757,-0.041161,0.038312,0.079308,0.22777,0.11356,-0.03248,-0.057692,-0.092919,-0.15299,-0.19841,-0.16944,-0.15587,0.01108,0.12521,0.1195,0.11961,0.15153,0.14798,0.086475,-0.044565,-0.13269,-0.094901,-0.03622,-0.036398,-0.059317,-0.023381,-0.031526,0.044376,0.068415,0.010282,-0.051939,-0.089492,-0.083087,-0.038419,-0.02856,-0.12241,-0.14278,0.052997,0.24864,0.24538,0.12482,-0.019831,-0.1138,-0.1921,-0.22951,-0.18883,-0.083321,0.033635,0.037135,-0.07574,-0.11659,-0.023748,-0.089003,-0.26987,-0.2483,-0.16905,-0.10191,0.009883,0.042933,-0.056418,-0.17552,-0.24464,-0.091916,0.092048,0.10513,0.073944,0.069008,0.086365,0.11179,0.034205,-0.089741,-0.077346,-0.012002,0.046315,0.081082,0.10185,0.1895,0.34356,0.29104,-0.046198,-0.0082637,-0.00013817,-0.02288,-0.096918,-0.10948,-0.059046,0.051716,0.14528,-0.019976,-0.17255,-0.24409,-0.26644
0.021761,0.010671,-0.021249,-0.09038,-0.19231,-0.2517,-0.22741,-0.1628,-0.18375,-0.29549,-0.26079,-0.2157,-0.18078,-0.13038,-0.083145,-0.0085941,0.0075417,-0.038589,-0.030177,-0.051209,-0.11357,-0.14142,-0.10093,-0.015114,0.053917,0.03733,-0.035478,-0.040742,0.014588,0.017607,0.036955,0.060369,0.045562,0.025823,-0.0087133,-0.025127,-0.27372,-0.17581,0.13827,0.16292,0.13654,0.13214,0.14953,0.052506,-0.10035,-0.038627,-0.11182,0.0013963,0.080997,0.017195,-0.014484,-0.051223,-0.082338,-0.029971,0.025468,0.049388,0.080349,0.094097,0.10139,0.1195,0.12982,0.07363,0.025157,0.049567,0.037716,0.019533,0.025875,0.039737,0.056032,0.093296,0.19946,0.24715,-0.083159,-0.26312,-0.25891,-0.12767,-0.031827,-0.07889,-0.10113,-0.076206,0.028926,0.12745,0.044784,-0.034359,-0.077802,-0.091458,-0.085087,-0.16042,-0.2327,-0.26273,-0.23149,-0.1244,-0.058838,-0.039304,-0.016961,0.020812,0.072515,0.063809,-0.016293,-0.067366,-0.2248,-0.23158,-0.24384,-0.2399,-0.20262,-0.092264,-0.044566,-0.02052,0.25051,0.25204,0.25063,0.11788,0.022832,0.063013,0.062105,0.11298,0.16483,0.095737,0.087474,0.037077,-0.024269,-0.043238,-0.003254,0.067125,0.13659,0.14562,0.094736,0.05451,0.048551,0.082037,0.1309,0.17013,0.14021,0.1205,0.17971,0.22105,-0.84828,-0.92602,-0.33405,-0.36063,-0.25577,-0.17235,-0.13141,0.19482,0.4893,0.14475,-0.2733,-0.26498,-0.038642,0.14399,0.13605,0.098344,0.058235,0.053126,0.067606,0.035498,0.0048126,0.034694,0.069445,0.057334,0.043081,0.0079404,-0.030859,0.0062439,-0.01939,-0.077297,-0.062354,-0.037906,0.004932,0.2251,0.48134,0.38653,0.18221,0.21017,0.22716,0.03023,-0.1179,0.003063,0.14425,0.04988,-0.16085,-0.30277,-0.35478,-0.339,-0.26388,-0.15006,-0.016178,0.12983,0.092376,0.066735,0.12568,0.14855,0.092786,0.048772,0.082365,0.12625,0.12426,0.041577,-0.085941,-0.15322
0.039545,0.058936,0.083014,0.045057,-0.052525,-0.098198,-0.10329,-0.10484,-0.061707,-0.058311,0.087173,0.18089,0.10335,0.038058,0.019155,-0.011166,-0.079467,-0.15287,-0.14466,-0.079167,-0.0085908,0.0079568,0.0027631,-0.0037731,0.011255,0.10718,0.18439,0.097213,-0.0057835,-0.04358,-0.043975,-0.040067,-0.041,-0.072764,-0.033637,-0.022837,-0.028541,-0.14084,-0.29001,-0.1574,0.0021126,0.029903,0.051673,0.092043,0.13375,0.056034,0.018925,0.075758,0.039774,-0.009324,0.024292,0.0009333,-0.092305,-0.10772,-0.10576,-0.081011,-0.046296,0.048237,0.13624,0.12274,0.10549,0.090786,0.034347,0.012436,0.016502,0.006662,0.014088,0.01496,-0.023949,-0.018249,0.096229,0.12357,0.0077714,-0.043223,-0.010328,0.026113,-0.006276,-0.072097,-0.054523,-0.022914,0.018645,0.078353,0.0991,0.10104,0.061597,0.041856,0.079664,0.037121,0.033955,0.04276,0.077006,-0.010303,-0.11095,-0.12461,-0.069693,-0.019307,-0.025127,-0.060598,-0.07701,-0.078094,-0.12662,-0.10558,-0.076107,-0.059086,-0.028794,-0.028514,-0.059374,-0.0032666,0.075495,0.11434,-0.075596,-0.17847,-0.073887,-0.015028,-0.0049183,0.03876,0.048535,0.012265,0.052793,0.036828,0.0050705,-0.012626,-0.035849,-0.036925,0.011601,-0.0012038,-0.068299,-0.088838,-0.078731,-0.045474,0.0085159,0.0069359,-0.015768,0.04722,0.089056,0.26289,0.51835,0.49828,0.26483,0.16753,0.1342,0.073462,0.075608,0.040243,-0.031335,0.017702,0.1541,0.22223,0.16664,0.046013,-0.021106,-0.015236,0.03127,0.051594,0.058207,0.055435,0.042321,-0.031881,-0.042625,0.016773,0.075145,0.14362,0.15688,0.10613,0.063147,0.090041,0.080419,0.0071479,-0.018002,0.0023575,0.029495,-0.023144,-0.085578,-0.085391,-0.08187,-0.11648,-0.093957,0.019709,0.062099,0.019922,-0.0095324,0.012993,0.050741,0.086571,0.095906,-0.010098,-0.031319,0.026856,-0.029904,-0.0011639,0.038263,-0.038631,-0.087374,-0.03465,-0.016748,-0.029807,-0.10461,-0.12538,-0.084945,-0.058985
-0.11326,-0.13438,-0.062549,0.11536,0.19106,0.18207,0.16195,0.14105,0.11048,0.14516,0.28888,0.41912,0.38317,0.10903,-0.10938,-0.10953,-0.050819,-0.042859,-0.07223,-0.042306,0.043075,0.1177,0.099071,0.02516,-0.029608,-0.059708,0.0041757,0.068361,0.025094,0.01905,-0.012691,-0.077125,-0.12871,-0.11571,-0.076037,-0.059817,-0.0053042,-0.10385,-0.13445,-0.090188,-0.13489,-0.19183,-0.19044,-0.15734,-0.1352,-0.10426,0.028837,0.099465,0.077296,0.067114,0.076889,0.068175,0.035615,0.019181,0.018945,-0.011241,-0.047374,-0.063131,-0.07839,-0.1168,-0.14236,-0.1079,-0.0085104,0.0063181,-0.065788,-0.082459,-0.072959,-0.08865,-0.13851,-0.14452,-0.038356,0.1171,0.23529,0.25432,0.21306,0.14076,0.068043,0.04724,0.064944,-0.016155,-0.069306,-0.051458,-0.030271,-0.00094103,-0.00064807,0.07844,0.1777,0.19649,0.28399,0.24261,0.17447,0.12166,0.075172,-0.0035767,-0.024323,-0.036394,-0.058169,-0.057904,-0.057079,-0.056962,0.071296,0.052263,0.06603,0.16103,0.2503,0.16008,0.015467,0.060555,0.010688,0.02449,-0.081375,-0.11063,-0.059495,-0.015951,0.088942,-0.010642,-0.16243,-0.14843,-0.10433,-0.12085,-0.17482,-0.16521,-0.029564,0.043898,0.023339,0.018062,0.06437,0.11731,0.13953,0.17334,0.087888,-0.032689,0.013831,0.026149,0.051535,0.21594,0.37632,0.35579,0.22676,0.10959,0.0018398,0.015133,0.050817,-0.098844,-0.25473,-0.16278,-0.014633,-0.016091,-0.072252,-0.137,-0.17637,-0.16677,-0.082062,-0.014797,-0.0073528,-0.028357,-0.06513,-0.10042,-0.13802,-0.20667,-0.23,-0.10253,0.0052083,-0.065184,-0.23049,-0.27808,-0.24182,-0.27689,-0.33937,-0.33384,-0.25565,-0.20357,-0.13354,-0.082228,-0.080689,-0.022502,0.076784,0.13171,0.085696,0.065881,0.10018,0.1348,0.16924,0.22477,0.28303,0.20678,0.17661,0.031474,-0.092429,-0.078091,-0.028431,0.026831,0.081676,0.12421,0.14194,0.13714,0.038259,-0.00028793,0.024489,0.037802
0.048037,0.017564,-0.02061,-0.038066,0.0018236,0.054364,0.038421,0.074518,0.069233,0.075083,0.051661,0.0051975,0.029199,-0.17567,-0.28163,-0.21942,-0.079053,0.041387,0.039279,0.024099,0.033366,0.051162,0.056583,0.078386,0.085915,0.038042,-0.023742,-0.0057826,0.078548,0.096135,0.1207,0.11337,0.071537,-0.0088497,-0.13185,-0.12236,-0.17306,0.031454,0.16004,0.14569,0.09858,0.068033,0.013036,0.018962,0.034043,-0.013813,0.040067,0.07696,0.043415,0.011346,-0.001899,-0.022917,-0.037959,-0.036887,-0.04578,-0.042845,-0.016625,0.04032,0.077443,0.1063,0.12896,0.045458,-0.088821,0.059393,0.16043,0.077728,-0.0064839,0.040948,-0.00062367,-0.051873,0.053874,0.10319,-0.24058,-0.42787,-0.31357,-0.076195,0.018927,-0.043945,-0.07111,-0.072463,-0.092872,0.0084823,0.12544,0.033585,-0.060768,-0.11684,-0.10185,-0.15781,-0.21508,-0.24185,-0.24946,-0.17867,-0.046477,-0.01178,0.00078473,0.05459,0.065969,0.066669,0.054981,0.040664,0.080119,0.054409,0.028433,0.057537,-0.00055766,-0.055019,0.045327,0.013229,0.094317,0.037631,0.030187,0.17238,0.24749,0.16601,0.043876,-0.11274,-0.18901,-0.02189,-0.01374,0.069826,0.15204,0.16081,0.13642,0.12826,0.14091,0.12486,0.083014,-0.0013514,-0.074105,-0.049723,-0.0038812,0.035997,0.038171,0.04602,0.13555,-0.4056,-0.63776,-0.45404,-0.19414,-0.064697,-0.006782,-0.072441,-0.325,-0.38539,-0.15277,0.058588,0.12066,0.1201,0.070097,0.031585,0.042798,-0.0021606,-0.11374,-0.17433,-0.1335,-0.029064,0.078483,0.092046,0.037899,0.051152,0.081846,-0.034774,-0.15161,0.04242,0.11566,-0.12326,-0.25868,-0.16491,0.084625,0.26433,0.26442,0.17717,0.029476,0.049338,0.0076716,-0.12709,-0.15456,-0.086408,-0.032162,-0.037629,-0.037226,-0.057367,-0.08549,-0.1149,-0.11319,-0.11767,-0.088261,0.095833,0.14766,0.18693,0.27678,0.33722,0.32978,0.20148,0.059833,-0.0096102,-0.037369,-0.011484,-0.007885,-0.019663
0.16735,0.16293,0.14666,0.10682,0.056953,0.04657,0.068958,0.095297,0.077668,0.13777,0.22355,0.23593,0.15391,0.070899,-0.0042362,0.026317,0.043229,-0.010889,-0.014055,-0.03082,-0.058244,-0.072734,-0.070626,-0.050869,-0.031996,0.016593,0.14088,0.2038,0.099977,-0.074231,-0.1956,-0.17275,-0.096193,0.046194,0.08353,0.016331,0.02138,-0.098365,-0.15399,-0.10562,-0.11083,-0.16281,-0.18643,-0.15036,-0.059725,-0.017347,0.031972,0.073086,0.033185,-0.01033,0.084496,0.16066,0.12037,0.099714,0.10293,0.034987,-0.038774,-0.022515,-0.011015,-0.044113,-0.076285,-0.014413,0.046337,0.023718,-0.0014601,0.011556,0.010265,-0.0057831,-0.081227,-0.045834,0.085447,0.11013,0.1107,0.08138,0.05546,0.039747,0.027174,0.01287,-0.0068834,-0.024607,-0.002883,0.038507,0.036952,0.0049144,-0.00028975,-0.002691,-0.071406,-0.097615,-0.039653,0.053555,0.10214,0.048404,0.0015125,-0.00554,-0.019046,-0.028772,-0.039637,-0.065705,-0.041076,-0.0034507,-0.001151,-0.0070617,-0.019992,-0.013277,0.034534,0.027555,0.006895,0.090467,0.15756,0.077173,-0.16028,-0.27063,-0.19977,-0.14566,-0.084897,0.020406,0.096054,-0.01263,-0.013103,-0.0074856,-0.0351,-0.068271,-0.076338,-0.044055,-0.0084368,0.030084,0.10209,0.13023,0.125,0.025881,-0.053753,-0.0042948,0.032482,-0.018542,-0.048683,0.18847,0.4033,0.38282,0.13988,-0.10478,-0.2108,-0.091132,0.065919,0.036009,-0.055401,0.022936,0.16316,0.19122,0.12155,0.0076612,-0.07626,-0.092351,-0.017408,0.043043,0.024566,-0.033178,-0.028388,0.070514,0.15934,0.15452,0.094832,0.017683,-0.011713,-0.060764,-0.094733,0.13763,0.42037,0.2996,-0.09787,-0.19175,0.014723,0.094603,0.036159,0.0053777,0.0058221,-0.07503,-0.1389,-0.09904,-0.032132,0.0024874,-0.036309,-0.031288,0.002098,0.027836,0.049894,0.11623,0.13587,0.0040409,-0.055247,-0.063022,-0.063472,-0.102,-0.10118,-0.070284,-0.025688,0.044353,0.08772,0.064756,0.093292,0.14287
0.048237,0.039731,0.0081242,-0.049528,-0.16248,-0.2903,-0.35679,-0.35568,-0.26219,-0.27391,-0.32504,-0.26391,-0.12229,-0.12374,-0.15434,-0.035485,0.010239,-0.044074,-0.013043,0.057682,0.03394,-0.038532,-0.039129,-0.045214,-0.062104,-0.010603,0.077095,0.11046,0.069881,-0.0094985,-0.060496,-0.085369,-0.11881,-0.14444,-0.1473,-0.18564,-0.27101,0.10335,0.29062,0.069877,-0.05388,-0.072185,0.0060891,0.045511,0.085273,0.1196,0.080341,-0.089499,-0.060364,-0.033321,-0.044174,0.026156,0.10691,0.13101,0.15269,0.07164,-0.011652,0.0055533,0.013034,-0.022613,-0.056678,-0.020206,0.0046999,0.016091,0.036406,0.076254,0.11189,0.08449,-0.038951,-0.25258,-0.2801,-0.22352,-0.095843,0.013834,0.11539,0.20772,0.14399,-0.018037,-0.013655,0.052044,0.067142,0.053031,-0.014531,-0.11336,-0.17828,-0.14597,-0.053358,-0.045139,0.00070215,0.034693,0.051268,0.10457,0.065246,0.0042913,0.013145,0.04794,0.064949,0.078822,0.087608,0.088271,-0.07135,-0.077917,-0.095318,-0.15812,-0.21005,-0.17259,-0.1387,-0.14536,-0.027071,0.079965,0.2319,0.34191,0.39737,0.18208,-0.017146,0.020914,0.09547,0.10568,0.18096,0.13423,0.039118,-0.018279,-0.035434,-0.033639,-0.018646,-0.012039,-0.0019469,0.031499,0.049954,0.075299,0.058505,0.033148,0.066547,0.11703,0.021725,-0.10865,-0.8058,-0.97654,-0.49754,0.013938,0.20313,0.24142,-0.033327,-0.23392,0.019772,0.31802,0.17313,-0.049836,-0.0076869,0.099331,0.19491,0.23796,0.19535,0.094363,0.022496,0.0018526,0.0377,0.12036,0.16395,0.11481,0.049491,-0.039463,-0.099808,-0.09173,-0.066481,0.053438,0.3286,0.53629,0.36214,-0.056146,-0.11794,-0.071664,-0.029687,-0.14744,-0.28051,-0.29614,-0.22963,-0.092104,-0.00063248,0.037245,0.052393,0.040539,-0.014212,-0.051871,-0.023369,-0.029248,-0.083505,0.023963,-0.020355,-0.043582,0.016871,0.051975,0.029778,0.021005,0.030563,-0.0046665,-0.01018,0.028497,0.046042,0.045923
0.068748,0.052785,0.018208,-0.054216,-0.14196,-0.10801,-0.015429,0.0075971,0.0021026,-0.029684,-0.054117,-0.079105,-0.10827,-0.090293,-0.060992,-0.10628,-0.083664,0.005696,0.023494,-0.011954,-0.10266,-0.15287,-0.14507,-0.13405,-0.15389,-0.18182,-0.18874,-0.094439,0.052242,0.076178,0.13193,0.11539,0.079458,-0.016859,0.023956,-0.056878,-0.078964,-0.095965,0.1339,0.23536,0.14157,0.18078,0.16244,0.16218,0.15381,0.10376,-0.012172,0.024723,0.017457,0.016397,0.027704,0.011311,-0.022951,-0.033117,-0.036519,-0.025522,-0.006751,0.09279,0.18995,0.17775,0.14966,0.022892,-0.32638,-0.55741,0.12211,0.18544,-0.10597,-0.038839,0.064872,0.19499,0.18847,0.051449,0.074052,-0.16383,-0.32778,-0.27741,-0.19594,-0.084125,-0.08277,-0.15042,-0.1798,-0.075058,0.043902,-0.083064,-0.18665,-0.20188,-0.13909,-0.18076,-0.27749,-0.29905,-0.26534,-0.23516,-0.16955,-0.045686,0.058215,0.1327,0.051035,0.0058309,-0.0016382,-0.045261,-0.022323,-0.036067,-0.057897,-0.064786,-0.029747,-0.020757,-0.030465,0.012382,0.013584,0.026635,-0.025881,-0.053771,0.0099481,0.050093,0.055231,0.04069,0.043303,0.10182,0.085965,0.085934,0.027376,-0.030807,-0.029341,-0.034369,-0.059258,-0.063421,-0.021621,-0.082163,-0.1884,-0.16069,-0.11103,-0.065256,-0.1177,-0.12741,-0.28024,-0.45163,-0.25656,-0.17701,-0.046367,0.15514,0.25819,-0.041925,-0.21066,0.18157,0.38419,0.16059,-0.030588,-0.017739,-0.044984,-0.07184,-0.069207,-0.058274,-0.040824,-0.031149,-0.027328,-0.032311,-0.045745,-0.11751,-0.14179,-0.11405,-0.10955,-0.35009,-0.6317,-0.68108,0.64514,0.70071,-0.3651,-0.26792,-0.072277,0.10946,0.1871,0.15757,0.13322,0.20451,0.36941,0.43937,0.43318,0.33363,0.15804,0.0041207,-0.057425,-0.18001,-0.31662,-0.38355,-0.44269,-0.34958,-0.18479,0.05236,0.1913,0.20714,0.25898,0.26608,0.24067,0.20557,0.14261,0.040212,0.13465,0.24897,0.22682,0.17629
