0.45176,0.37809,0.12751,0.035145,0.031292,0.044591,0.029561,-0.008476,-0.038163,-0.021314,0.078895,0.17251,0.14186,0.082428,0.030059,-0.01237,0.030131,0.10424,0.089985,0.022882,-0.079507,-0.10188,-0.088381,-0.079962,-0.039113,0.00016867,0.055739,0.12672,0.087048,0.059215,0.11075,0.11968,0.044488,-0.013575,0.010419,0.0015001,-0.0052537,0.005874,-0.0082152,-0.010094,-0.0050267,-0.014966,-0.040654,0.12033,0.1768,0.066899,0.018397,0.020744,-0.0047268,-0.048703,-0.062868,-0.10261,-0.10925,-0.17356,-0.2036,-0.032388,0.05053,-0.0072005,-0.0087391,0.086614,0.055045,-0.017664,0.10283,0.2022,0.08243,-0.010987,-0.085025,-0.16864,-0.17495,-0.18098,-0.21807,-0.37198,-0.27101,-0.24015,-0.11984,-0.087471,-0.0071527,0.12952,-0.033916,-0.26612,-0.32111,-0.27851,-0.22421,-0.18971,-0.16646,-0.1416,-0.14116,-0.08647,-0.023776,-0.034372,-0.035192,-0.029194,-0.027398,-0.02647,-0.0089666,0.059213,0.19654,0.34375,0.38324,0.367,0.48613,0.33191,-0.14404,0.027612,0.043348,-0.076474,-0.16952,-0.12305,-0.073252,-0.092909,-0.11068,-0.11584,-0.15652,-0.18243,-0.17463,-0.12441,-0.026081,0.0085633,-0.057668,0.066993,0.11006,0.047748,0.074542,0.10041,0.087771,0.07164,0.030055,0.0030017,0.036878,0.020161,-0.040943,-0.05614,-0.028093,0.014519,-0.017915,-0.044854,0.0025391,0.052409,0.05866,0.091418,0.064676,-0.012267,-0.015413,0.081994,0.24057,0.2637,0.17588,0.10299,0.10605,0.10936,-0.013558,-0.23777,-0.30374,0.071195,0.18,0.077309,-0.089642,-0.1476,-0.10346,0.059225,0.1731,0.13771,-0.23918,-0.47697,-0.38212,-0.28844,-0.26642,-0.050605,0.095171,0.22876,0.12203,-0.057052,0.093962,0.15753,0.20072,0.14046,0.074301,0.057786,0.051904,0.15304,0.23508,0.18248,0.12961,0.099928,0.062966,-0.0070066,-0.064282,-0.016288,0.08966,0.11524,0.10043,0.051553,0.0011149,-0.025917,-0.060821,-0.074856,-0.051014,-0.034992,-0.067991,-0.090334
0.25583,0.18967,0.11084,0.19181,0.14217,0.0075726,-0.099474,-0.10695,-0.037471,0.033384,0.030376,0.041811,0.058463,0.031426,0.014864,-0.0027548,-0.0075653,-0.0073954,-0.0098169,0.019774,0.15676,0.29122,0.27909,0.11484,0.031104,0.078149,0.061342,-0.03639,-0.070572,-0.012282,0.12392,0.22876,0.20599,0.14118,0.089345,0.059284,0.0068147,0.019137,0.024173,-0.022145,-0.031209,0.043257,0.067347,-0.0087831,-0.12411,-0.16005,-0.16522,-0.1931,-0.17537,-0.11639,-0.11535,-0.044655,0.03447,0.054454,0.017225,-0.027599,0.015743,0.053424,-0.084389,-0.17652,-0.12197,-0.087032,-0.10672,-0.08026,-0.002392,0.0017517,0.024013,-0.060281,-0.04169,0.063387,0.0059306,0.034496,0.029611,0.023959,0.062486,0.096411,0.14376,-0.068813,-0.18447,0.026955,0.20213,0.15855,0.10525,0.07195,0.0041292,-0.033152,-0.020675,-0.012281,-0.052461,-0.04606,-0.01127,-0.014481,-0.0077832,-0.010332,0.0025344,-0.036871,-0.068326,0.049536,0.16773,0.19722,0.19067,0.19902,-0.2049,-0.27372,-0.22155,-0.1022,0.047648,0.1091,0.081841,0.0072068,-0.013273,0.037528,0.060612,0.019612,-0.010909,-0.040657,-0.058452,-0.085055,-0.11755,-0.1377,-0.011907,0.073382,0.043134,0.0047552,-0.016506,-0.031148,-0.022453,0.023703,0.047443,0.087543,0.04944,-0.031651,-0.0066062,0.02714,0.079063,0.022433,-0.026877,-0.068686,-0.094562,-0.067298,0.01319,0.053736,-0.0094947,-0.012054,-0.058249,-0.08242,-0.13407,-0.14321,0.026564,0.19322,0.20822,0.16163,0.095319,0.043961,0.072919,0.14862,0.19456,0.074524,-0.026399,-0.060047,-0.05164,-0.067892,-0.07214,-0.0043426,0.079072,0.12118,0.32432,0.62584,0.60719,0.27668,-0.077037,-0.067479,-0.13927,-0.14826,-0.099775,-0.082534,-0.052931,0.040257,0.086653,-0.072407,-0.16442,-0.14858,-0.15686,-0.17132,-0.1344,-0.1189,-0.20262,-0.28824,-0.28441,-0.14746,0.016265,0.062087,0.052391,-0.0034511,-0.057588,-0.0045828,0.033744,0.07526,0.1071,0.10433
-0.033306,-0.10036,-0.043788,0.12472,0.27961,0.3218,0.12244,-0.050782,-0.098677,-0.1019,-0.090766,-0.057435,-0.043596,-0.083132,0.00152,0.13821,0.11891,0.1193,0.10665,0.17158,0.23284,0.16125,-0.011395,-0.048665,0.093208,0.18637,0.15415,0.062029,0.020794,0.136,0.28504,0.31987,0.22698,0.12433,0.048954,-0.022958,-0.09335,-0.1294,-0.095812,-0.10742,-0.0079325,0.080534,0.03349,-0.037771,-0.10739,-0.159,-0.17796,-0.19547,-0.19476,-0.029227,0.13669,0.1263,0.17695,0.33507,0.31371,0.10729,0.016533,-0.12137,-0.17227,-0.12763,-0.20623,-0.29875,-0.27536,-0.19632,-0.13206,-0.11371,-0.031199,0.077263,0.124,0.070604,0.0066885,0.052677,-0.0036907,-0.048811,-0.089854,-0.10284,0.019456,-0.089678,-0.21369,-0.1843,-0.13625,-0.10447,-0.021218,0.080402,0.10448,0.050839,0.078236,0.13714,0.11114,0.083132,0.044526,0.036261,0.041917,0.035244,-0.0067619,-0.057673,-0.014197,0.082563,0.19361,0.28615,-0.13709,-0.11164,0.070353,0.018756,-0.011358,-0.034574,-0.10283,-0.10629,-0.028425,-0.0070826,-0.050859,-0.14693,-0.25627,-0.31262,-0.20739,-0.063684,-0.081708,-0.077922,-0.13136,0.071889,0.17123,0.096756,0.074928,0.082267,0.096706,0.091707,0.09622,0.10855,0.10562,-5.2793e-05,-0.081032,-0.018876,0.007507,0.045271,0.10621,0.021717,-0.090294,-0.037699,-0.090053,0.038461,0.072638,0.055419,0.031701,-0.0653,-0.1324,-0.13492,-0.13709,-0.097896,0.013344,0.09989,0.22157,0.32256,0.19911,-0.036043,0.065691,0.11311,-0.095661,-0.24981,-0.25788,-0.22693,-0.18228,-0.09528,0.0046683,0.17697,0.24885,0.22154,0.15258,0.074639,0.10091,0.10551,0.10512,0.11547,0.020102,0.020636,0.033271,0.049626,0.074663,0.0075969,-0.041402,-0.030143,-0.081237,-0.12542,-0.11676,-0.14212,-0.22069,-0.24844,-0.16742,-0.089993,-0.098942,-0.07861,0.0093524,0.07814,0.043755,-0.027405,-0.033805,0.026861,0.07517,0.10245,0.094584,0.078044
0.04265,-0.062096,-0.12581,0.074336,0.08064,-0.040391,-0.091954,-0.060802,0.024283,0.097288,0.11351,0.12833,0.12244,0.072108,0.058398,0.08335,0.065817,0.067541,0.08583,0.068132,0.11947,0.14807,0.056338,-0.038116,-0.015834,0.01858,0.019768,0.033583,0.098955,0.082972,-0.012181,0.036715,0.078447,0.033025,-0.0012605,0.023248,0.018807,0.02575,0.031121,0.025137,0.017923,0.0081707,0.046625,0.05867,-0.042244,-0.13888,-0.18554,-0.20094,-0.2007,-0.19775,-0.048614,0.050586,0.027849,0.015651,-0.094115,-0.14767,-0.022699,0.02846,0.041996,0.03399,-0.027479,-0.049126,-0.056868,-0.091588,-0.092889,0.025342,0.11285,0.14547,0.14777,0.19903,0.17653,0.034477,0.084019,0.16298,0.3628,0.31325,-0.22216,-0.46985,-0.40653,-0.2917,-0.17694,-0.11971,-0.055089,0.055409,0.092375,0.026563,-0.022712,-0.03167,0.013709,0.049804,0.019048,-0.0070387,-0.014368,-0.0092417,-0.025363,0.015886,0.11805,0.073506,-0.060822,-0.10732,0.16523,0.16554,-0.038064,-0.23314,-0.2077,-0.089356,0.026614,0.04838,0.068382,0.06551,0.014007,-0.048772,-0.11725,-0.14039,-0.056926,0.0031485,-0.050194,-0.055495,-0.070464,-0.15075,-0.014561,0.096928,0.056347,0.019373,0.00029637,-0.020286,-0.013923,0.011452,0.016766,-0.016387,-0.017115,-0.014207,-0.038441,0.0050549,0.058459,0.007411,-0.037317,-0.054676,-0.045744,-0.073614,-0.084184,-0.014795,-0.021709,0.018039,0.069789,0.081392,0.072547,0.061529,-0.031881,-0.049576,0.13206,0.30121,0.20443,0.062814,0.10953,0.1246,0.02292,-0.013237,0.027884,0.092627,0.06549,0.071718,0.14257,0.047044,-0.025203,0.11133,0.24021,0.23821,0.29662,0.31722,0.13984,-0.080556,-0.051412,-0.22312,-0.31697,-0.27387,0.0063806,0.38965,0.3489,0.16273,0.044642,0.0086783,-0.035844,-0.12711,-0.12402,-0.028028,-0.025265,-0.086853,-0.13675,-0.14713,-0.11765,-0.054993,-0.0073352,-0.0025492,-0.0047835,0.019972,0.034268,-0.019263,-0.088417,-0.10175
-0.11843,-0.12512,-0.0612,0.065981,0.19798,0.28031,0.18023,0.099217,0.087244,0.018468,-0.049584,-0.039051,-0.045597,0.03354,0.15537,0.14103,0.14922,0.14362,0.12733,0.20967,0.31336,0.30267,0.16353,0.044631,0.033772,0.03413,-0.024906,-0.060929,-0.053636,-0.024924,-0.041332,-0.2444,-0.33457,-0.099096,0.14977,0.16012,0.17264,0.14055,0.1147,0.084556,0.08129,0.091646,0.055252,0.02112,-0.05456,-0.15342,-0.19366,-0.20814,-0.10298,0.044,0.10138,0.083762,-0.030713,-0.00047539,0.21904,0.16088,-0.034446,0.058796,0.18412,0.060051,-0.047459,-0.036794,-0.057922,-0.10507,-0.10505,-0.062444,-0.01761,0.016476,0.044928,0.095272,0.13313,0.1304,0.10721,0.11587,0.011799,-0.050487,-0.1994,-0.21436,-0.06955,0.052387,0.15412,0.20456,0.13561,-0.015257,-0.066998,-0.032405,0.058553,0.13257,0.1063,0.086583,0.053996,0.047066,0.058377,0.048466,-0.082021,-0.11915,0.011166,0.06418,0.057847,0.0656,-0.11789,-0.064946,0.14522,0.03814,-0.017065,-0.045885,-0.16499,-0.26877,-0.26206,-0.1867,-0.12091,-0.18549,-0.26007,-0.18328,-0.037483,-0.027501,0.015367,-0.023254,0.062269,0.19272,0.15396,0.074406,0.029999,0.045084,0.068491,0.080935,0.12747,0.16102,0.081763,0.016115,0.070346,0.040946,0.058448,0.026478,-0.11156,-0.092468,-0.088412,-0.04529,-0.034099,0.0071801,0.12834,0.17123,0.14727,0.11193,0.086928,0.033136,-0.031274,-0.019622,-0.017949,0.082548,0.24334,0.24496,0.016231,-0.29051,-0.46252,-0.36611,-0.029871,0.30823,0.4359,0.41475,0.32306,0.31867,0.24716,0.041403,-0.042273,0.013137,0.0059509,-0.14177,-0.22624,-0.17978,-0.021317,0.029662,0.028012,0.053842,0.069737,0.1109,0.051262,-0.058973,-0.13305,-0.16742,-0.25647,-0.32952,-0.31111,-0.19092,-0.12223,-0.22772,-0.18628,-0.092073,-0.10599,-0.11307,-0.041902,0.070284,0.086422,0.019153,0.025341,0.099162,0.14613,0.18521,0.19747,0.1909
0.077732,-0.020769,-0.086265,-0.1412,-0.039019,0.12971,0.19756,0.14567,0.090046,0.0544,0.097419,0.15753,0.11078,0.04885,0.010449,0.014499,0.039365,0.03545,0.012922,-0.0080165,0.10209,0.21342,0.12918,0.10467,0.16629,0.10625,-0.0013209,-0.0054154,0.12728,0.22774,0.14022,0.044406,0.092022,0.12163,0.13202,0.09116,-0.0055498,-0.025392,-0.028328,0.01357,0.074517,0.12317,0.1171,0.0086915,-0.033108,-0.026882,-0.012972,0.020877,0.05264,0.03051,-0.097977,-0.19069,-0.22833,-0.36881,-0.29316,-0.24091,-0.19768,-0.084915,0.0041327,0.07521,0.16237,0.19724,0.19324,0.084034,-0.092439,-0.068679,0.014833,-0.017176,-0.08341,-0.072265,0.00014633,0.024952,-0.037096,-0.0090702,-0.044281,-0.050715,-0.23185,-0.17357,0.17386,0.34676,0.22035,0.040053,0.0042202,0.095194,0.15196,0.08945,-0.0011502,-0.13751,-0.23607,-0.23641,-0.22343,-0.20823,-0.15667,-0.083128,-0.044908,-0.014037,0.019654,0.05471,0.12883,0.18922,-0.11994,-0.094622,0.099655,0.11152,0.044905,-0.11604,-0.23849,-0.22227,-0.1907,-0.17528,-0.12114,-0.063861,-0.056752,-0.029495,0.0049847,0.034943,0.0465,0.0058282,-0.05255,-0.041086,0.067577,0.11284,0.078304,0.081715,0.08171,0.057243,0.075389,0.067041,0.028747,0.066076,0.079056,-0.015468,-0.039714,-0.0043043,0.036613,0.01163,0.024369,0.047368,0.093147,0.085624,0.1122,0.21927,0.22728,0.18477,0.037006,-0.087434,-0.022951,0.14657,0.23146,0.10001,-0.12813,-0.21791,-0.0060392,0.16153,0.010987,-0.02297,0.058645,0.085222,0.087483,0.19924,0.41029,0.42588,0.32771,0.066894,-0.16503,-0.20518,-0.051602,0.14352,0.20992,0.30615,0.40899,0.20507,0.058065,0.027819,0.0010788,0.067905,0.092387,-0.049106,-0.25758,-0.2933,-0.2495,-0.20716,-0.13926,-0.16144,-0.26626,-0.29318,-0.16061,0.059323,0.20502,0.28052,0.26875,0.19668,0.092284,-0.038804,-0.13541,-0.15676,-0.17004,-0.16494,-0.13741,-0.12308
0.11564,-0.0024204,-0.21211,-0.088416,0.035904,0.046953,0.04377,0.0071353,-0.050891,-0.066947,-0.030082,0.067144,0.10974,0.077177,0.053936,0.085873,0.13549,0.13748,0.16585,0.1551,0.10428,0.10854,0.1778,0.18939,0.16715,0.12545,0.042037,-0.048178,-0.0038433,0.1287,0.13347,0.088723,0.090669,0.030651,-0.052673,-0.11272,-0.17426,-0.18758,-0.16258,-0.18796,-0.19813,-0.18493,-0.1292,-0.13132,-0.20908,-0.083868,0.021927,0.009022,0.025552,0.033571,0.0076585,-0.0028148,0.03108,0.033521,0.0020935,-0.0091481,-0.061618,0.0074815,0.11287,-0.045486,-0.086926,-0.0013617,0.010337,-0.028132,-0.10829,-0.10298,-0.026924,0.037266,0.10031,0.086919,0.045863,0.11243,0.04609,-0.11712,-0.17816,-0.17199,-0.087196,-0.011322,0.033498,0.056962,0.02714,-0.023837,-0.031642,0.013249,0.040833,0.054288,0.048678,0.0077764,0.017368,0.038066,0.018154,0.0065374,0.01251,0.025595,0.011972,0.0030179,0.066733,0.15531,0.13071,0.07007,0.18181,0.24016,0.22248,-0.13177,-0.19209,-0.17877,-0.16626,-0.11563,-0.034257,-0.0093475,-0.0059445,0.02252,0.023462,-0.015892,-0.048634,-0.034479,-0.028515,-0.065384,-0.079013,-0.15638,-0.061436,0.043996,0.025999,-0.0040527,0.044522,0.097607,0.11161,0.08466,0.028512,0.062062,0.066155,-0.025366,-0.050919,-0.0014027,0.07077,0.068583,0.082789,0.068381,0.018757,0.12094,0.090365,0.14897,0.072058,-0.020546,-0.039017,0.0096332,0.08224,0.10317,0.066988,0.05361,0.014097,-0.0025156,0.050573,0.0016806,-0.032149,-0.0038617,0.060352,0.20292,0.29758,0.18685,0.05588,0.0939,0.15802,0.022337,-0.15222,-0.22896,-0.12318,0.099159,0.14704,0.10617,0.069019,0.09504,-0.045037,-0.088101,-0.01276,0.032363,-0.010588,-0.14302,-0.20384,-0.16513,-0.094513,-0.040139,-0.039101,-0.091761,-0.16304,-0.16096,-0.12283,-0.13677,-0.1235,-0.10731,-0.096485,-0.040652,0.032315,0.052528,0.038427,0.0020951,0.077155,0.16996,0.14025,0.11522
-0.0032654,-0.03102,-0.10816,-0.12773,-0.16949,-0.11175,-0.017179,-0.0027686,-0.010523,0.024766,0.030133,0.024641,0.009107,0.011109,0.025596,0.016696,-0.0013888,0.0032956,0.032869,0.029821,0.018468,0.014355,0.0050497,0.011753,-0.012892,-0.14346,-0.40298,-0.56897,-0.41091,-0.29582,-0.45199,-0.43461,-0.18056,-0.036925,-0.11164,-0.20702,-0.20213,-0.13333,-0.06767,-0.10481,-0.13091,0.0060066,0.23679,0.27772,0.14763,0.074085,0.060415,0.034023,0.0036018,0.070299,0.16018,0.094345,0.026247,-0.0084302,-0.21652,-0.20207,-0.073885,0.019427,-0.10434,-0.1748,-0.10465,-0.056464,-0.0031889,0.0094652,-0.012263,-0.056309,0.021647,0.00046671,-0.11244,-0.016132,0.018585,0.062928,0.0064955,-0.063244,-0.015401,-0.020255,0.072254,0.18583,0.20529,0.119,0.0039002,-0.053584,-0.01896,0.10764,0.18774,0.14311,0.055955,-0.0090735,-0.028595,-0.0060643,0.013816,0.015916,0.01181,-0.021488,-0.045964,-0.037566,-0.028558,-0.02991,-0.050969,-0.059917,0.53885,0.41191,0.20015,0.21974,0.28138,0.26857,0.26212,0.21684,0.18554,0.16965,0.1507,0.14162,0.11272,0.073037,0.044963,0.00079339,-0.044928,-0.037277,-0.026866,-0.086501,-0.16978,-0.069845,0.037114,0.018165,-0.0060754,-0.026435,-0.041838,-0.049757,-0.011941,0.012628,-0.037906,0.020006,0.13951,0.061641,0.0087243,0.10109,0.16257,0.18359,0.017658,-0.12766,-0.31385,-0.35195,-0.13334,-0.022248,-0.097213,-0.17512,-0.15975,-0.12505,-0.0989,-0.043488,0.014676,-0.014606,-0.12238,-0.074186,0.12112,0.24708,0.33703,0.010606,-0.15098,-0.16803,-0.074483,0.03339,-0.10002,-0.24024,-0.28799,-0.20681,0.092293,0.50084,0.67185,0.39657,-0.02356,-0.028167,-0.087595,-0.06927,-0.014065,-0.14629,-0.27454,-0.29627,-0.28263,-0.18527,-0.011963,0.10622,0.081721,0.026934,-0.023267,-0.029752,0.036787,0.080928,0.069803,0.050956,0.045405,0.017793,-0.02872,-0.060794,-0.10796,-0.16547,-0.20005,-0.19369,-0.17068,-0.15602
-0.34391,-0.25082,-0.098306,-0.23653,-0.28145,-0.21283,-0.10032,-0.061066,-0.05328,-0.02422,-0.027203,-0.029381,-0.031335,-0.083709,-0.12882,-0.19083,-0.25187,-0.22388,-0.12798,-0.032191,-0.079102,-0.19288,-0.23845,-0.1858,-0.062544,0.02947,-0.0078581,-0.15561,-0.30988,-0.29082,-0.084418,0.087318,0.18829,0.21439,-0.080712,-0.38387,-0.2421,-0.034461,-0.025825,-0.028508,-0.21385,-0.36314,0.0063796,0.26838,0.24273,0.24217,0.23986,0.19379,0.1378,0.088555,0.0425,0.044298,0.023379,0.093376,0.25392,0.18675,0.049439,0.028628,0.097286,0.10577,0.024864,0.006338,0.0080345,0.053493,0.12566,0.1305,0.13454,0.050367,-0.088843,-0.063823,0.016134,-0.0094904,-0.13986,-0.096687,-0.080005,-0.035977,0.07018,0.12703,0.079386,-0.0062451,-0.049458,-0.042296,-0.036407,-0.049225,-0.055032,-0.046442,-0.051142,-0.07978,-0.066728,-0.035901,-0.040003,-0.041837,-0.055186,-0.084443,-0.038546,0.01462,-0.044354,-0.14879,-0.31015,-0.39827,-0.86863,-0.61035,0.024172,0.26762,0.35801,0.35601,0.33922,0.27431,0.238,0.25928,0.29245,0.31249,0.27365,0.17523,0.052561,-0.063132,-0.066695,0.044538,0.14651,0.16105,0.058601,-0.043914,-0.077685,-0.063987,-0.046323,-0.057961,-0.04577,-0.0077267,-0.0074797,0.0095413,0.059073,0.14074,0.21745,0.2306,0.25271,0.29159,0.21875,0.035297,-0.0087217,-0.020797,-0.2681,-0.38437,-0.18479,-0.0046462,-0.16966,-0.26242,-0.09607,-0.018253,-0.058227,-0.047941,-0.050441,-0.10004,-0.14378,-0.17767,-0.20941,-0.12154,-0.040819,-0.15435,-0.15236,-0.1029,-0.19035,-0.2367,-0.018648,0.26634,0.38279,0.34542,0.21548,0.14757,0.21695,0.27228,0.29502,0.0022146,-0.13484,-0.072883,-0.12458,-0.14156,-0.079074,-0.061642,0.0064641,0.11747,0.18912,0.14329,0.08717,0.09768,0.091493,0.041562,-0.0065449,-0.021067,0.011428,0.034119,-0.00019487,-0.065904,-0.14712,-0.21527,-0.27879,-0.3651,-0.47344,-0.54295,-0.59922,-0.62148
0.23681,0.23618,0.098113,0.11301,0.085284,0.090651,0.099175,0.010035,-0.042336,-0.026749,-0.059134,0.00025611,0.075943,0.046873,0.030738,0.067786,0.11232,0.10154,0.13104,0.14378,0.18628,0.21466,0.20486,0.14485,0.0028106,-0.14622,-0.14407,-0.047041,0.014292,0.092961,0.21574,0.25881,0.19049,0.10038,0.049801,0.061915,0.11843,0.15477,0.15473,0.16316,0.10828,-0.1243,-0.2909,-0.29045,-0.21393,-0.16076,-0.11309,-0.0776,-0.059204,-0.041844,-0.056513,-0.066726,-0.047194,0.060491,0.24932,0.22071,0.023815,0.14179,0.24752,0.1356,-0.050574,-0.14585,-0.17602,-0.17142,-0.13602,-0.092016,0.026643,-0.13072,-0.37073,-0.10358,0.071943,0.053846,0.056162,0.079239,0.079809,-0.11728,-0.23114,-0.16904,-0.070899,0.018315,0.050019,0.030375,0.059698,0.10938,0.082031,0.090607,0.12425,0.098515,0.083065,0.064033,0.026723,0.014332,0.041011,0.051492,0.062436,-0.03057,-0.15422,-0.21446,-0.27429,-0.29282,0.52433,0.41004,0.014198,-0.019316,-0.013826,-0.0081608,0.0027457,-0.050648,-0.11551,-0.13254,-0.12191,-0.022473,0.071047,0.037194,-0.006216,-0.021275,-0.041049,-0.088269,-0.096921,-0.15827,-0.032423,0.07796,0.048563,0.014094,0.069737,0.13449,0.14704,0.10284,0.044226,0.090916,0.065541,-0.0059364,0.020043,0.057172,0.10877,0.15307,0.14784,0.12544,0.15431,0.15975,0.0086484,-0.19776,-0.27874,-0.28742,-0.22293,-0.11402,-0.025472,0.039392,0.1143,0.1397,0.11588,0.099347,0.034708,-0.19354,-0.38315,-0.33226,0.0062544,0.36903,0.3561,0.23575,0.12697,0.05729,0.010097,0.025127,0.038016,0.030385,0.19858,0.60776,0.74712,0.40056,-0.18158,-0.24076,-0.21401,-0.16181,-0.11657,-0.13738,-0.11434,-0.085057,-0.11491,-0.12967,-0.17559,-0.21022,-0.1924,-0.21477,-0.26256,-0.19273,-0.10185,-0.1412,-0.17597,-0.18949,-0.16784,-0.061736,0.038588,0.022908,-0.032558,-0.010497,-0.024206,-0.074486,-0.067089,-0.047535
0.43482,0.36791,0.15991,0.019313,-0.034177,-0.0028087,0.032431,-0.012314,-0.080857,-0.036608,0.026826,0.027321,0.019333,-0.0017016,-0.017653,-0.025899,-0.022243,-0.025446,-0.028862,-0.02234,-0.0024391,0.034635,0.04085,0.0072164,-0.023373,0.01255,0.10464,0.13571,0.087081,-0.00018977,-0.20018,-0.32357,-0.20613,-0.052988,-0.08901,-0.088724,-0.10559,-0.15459,-0.12592,-0.12841,-0.063719,-0.047146,-0.061475,-0.090569,0.0070513,0.076451,0.054682,0.0331,0.066917,0.13088,0.1155,0.08245,0.10765,0.10415,-0.39086,-0.38892,0.090874,0.049196,-0.28192,-0.33796,-0.17345,-0.20123,-0.173,-0.13395,-0.10561,-0.032828,0.080644,0.15058,0.09914,-0.024387,-0.10051,-0.071535,-0.023552,-0.020663,-0.033368,-0.030536,0.035563,0.20233,0.27397,0.17927,-0.023507,-0.16932,-0.18685,-0.089187,0.023118,0.0043759,-0.060806,-0.059058,-0.044537,-0.032613,-0.025506,-0.030926,-0.030522,-0.028409,-0.0058061,0.014967,0.023339,0.019912,0.049765,0.10558,0.47124,0.28353,-0.1923,0.085079,-0.036722,-0.16812,-0.16574,-0.10966,-0.013175,0.096251,0.1703,0.14292,0.092873,0.04006,0.013385,0.028682,0.050412,0.023819,-0.016387,-0.06546,-0.12903,-0.1125,-0.030608,-0.0066063,-0.033876,-0.058637,-0.072986,-0.054165,-0.015899,0.024042,0.021285,0.019112,0.0060141,-0.029617,0.043745,0.014223,-0.020415,0.052407,0.045835,0.18431,0.055826,-0.079267,-0.093302,-0.1035,-0.12711,-0.19066,-0.20499,-0.16468,-0.10586,-0.041136,0.017636,-0.0033995,-0.12016,-0.15477,0.55754,0.66293,0.069763,-0.17253,-0.59108,-0.60511,-0.25802,-0.31512,-0.21237,-0.092706,-0.07464,-0.047658,-0.0047466,0.083495,0.29439,0.24056,0.069381,0.061249,0.035941,0.089578,0.11324,0.06426,0.0013454,-0.039281,-0.04625,0.035593,0.19763,0.34457,0.37609,0.29278,0.1583,0.078176,0.051852,-0.030838,-0.11152,-0.056491,0.021071,0.0020049,-0.027686,-0.039548,-0.045874,-0.017356,-0.011251,-0.034934,-0.035367,-0.027273
0.13745,0.16339,0.35031,0.23491,0.10392,-0.015287,-0.11141,-0.13454,-0.07856,-0.017143,0.084081,0.15428,0.10549,0.053942,0.028774,0.034462,0.041459,0.03463,0.027278,0.05541,0.1025,0.14311,0.1822,0.17302,0.1294,0.10131,0.060661,-0.054184,-0.10908,0.028054,0.18286,0.20189,0.12388,0.04184,0.0027678,-0.012062,-0.041701,-0.09005,-0.081613,-0.10546,-0.068437,-0.033366,-0.031188,-0.04291,-0.063112,-0.13037,-0.17079,-0.16685,-0.11684,-0.051514,0.039157,0.079056,0.046846,0.048064,0.0666,0.059631,-0.020408,-0.014342,-0.011087,-0.16249,-0.28859,-0.099291,0.065631,0.11978,0.022204,-0.092248,-0.032956,-0.045647,-0.37357,-0.21656,0.24821,0.22221,0.29063,0.46028,0.35602,0.018048,-0.27515,-0.32468,-0.24339,-0.12711,0.055774,0.19386,0.091387,0.041298,0.17527,0.20571,0.16268,0.1156,0.075574,0.027218,-0.01351,-0.012224,-0.0018254,-0.0046103,-0.0042942,-0.053586,-0.11068,-0.17848,-0.23493,-0.21132,-0.33935,-0.29778,-0.1756,-0.10679,-0.13284,-0.06266,-0.054504,-0.06919,-0.089547,-0.15673,-0.12284,-0.019711,-0.0012982,0.011785,0.071567,0.11013,0.079975,0.025248,0.064733,0.088556,0.062901,0.055575,0.031988,-3.1354e-05,-0.040983,-0.0039211,0.069669,0.076821,0.064381,0.10474,0.066613,-0.017054,0.010477,0.050171,0.10799,0.017123,-0.10345,-0.056654,-0.12082,-0.00076298,-0.06803,-0.13418,-0.087602,-0.016255,0.15045,0.21211,0.12653,0.11241,0.24095,0.3396,0.30503,0.22766,0.13878,0.06646,0.058314,-0.033308,-0.1057,0.080526,0.11125,0.029568,-0.046356,0.19671,0.46467,0.42795,0.1698,0.0018105,-0.037086,0.28656,0.72389,0.75341,0.21017,-0.32097,-0.31394,-0.20351,-0.24016,-0.20488,-0.021869,0.048243,0.018803,-0.050761,-0.22331,-0.3365,-0.309,-0.18106,-0.093258,-0.13202,-0.1565,-0.17152,-0.16412,-0.10978,-0.0032254,0.07295,0.06062,0.0013729,-0.074797,-0.016956,0.026491,-0.036412,-0.050082,-0.017668
0.025498,-0.037319,0.059837,0.072836,0.10884,0.088967,0.034852,0.059577,0.12556,0.16203,0.13214,0.13231,0.12751,0.071874,0.042689,0.032495,0.037612,0.029524,0.0047416,0.052829,0.25989,0.42521,0.34282,0.19293,0.071274,-0.020116,-0.098397,-0.16065,-0.17532,-0.056187,0.14606,0.16703,0.028965,-0.0046978,0.073018,0.065907,0.062525,0.027947,0.054216,0.074507,0.070882,0.084677,0.054392,0.081933,0.066748,0.01863,0.014503,-0.012845,-0.067819,-0.067004,-0.11962,-0.21398,-0.22871,-0.16316,-0.48042,-0.4478,0.040511,0.2004,0.14235,0.06808,0.028081,0.0001775,0.0036233,0.028556,-0.075699,-0.19,-0.14673,-0.079174,-0.022934,-0.035565,-0.07203,-0.0096271,0.036325,0.053308,-0.0079684,-0.020773,-0.065034,-0.11742,-0.058655,0.022526,-0.042436,-0.10084,-0.05861,-0.035659,-0.039199,-0.028262,0.019824,0.035066,-0.0026271,-0.011241,-0.0092611,-0.013809,-0.035869,-0.072577,-0.092409,-0.049611,0.070698,0.29946,0.41288,0.45175,-0.17698,-0.19965,-0.10727,-0.0066398,0.0017765,-0.036618,-0.11393,-0.17325,-0.21403,-0.26656,-0.28818,-0.16932,-0.0092247,0.0047368,-0.0035264,0.0022818,0.017371,-0.014414,-0.068811,0.031572,0.10213,0.056492,0.027185,-0.0062141,0.02588,0.068908,0.046838,0.043063,0.056759,0.075811,0.14786,0.20776,0.23027,0.12345,-0.008533,0.046501,0.018189,0.00073739,-0.0095432,-0.023313,0.08154,0.13127,0.12536,0.074427,0.07972,0.15896,0.12839,-0.022759,-0.13732,-0.089303,0.044105,0.13131,0.014777,-0.15242,0.25076,0.40204,0.16413,0.085698,-0.013652,-0.014063,0.073214,0.20545,0.2896,0.20733,0.11961,0.10571,0.096596,0.08595,0.092445,-0.006654,-0.027726,-0.0046309,-0.035856,0.016864,0.05109,0.084665,0.03565,-0.088372,-0.18439,-0.19227,-0.18722,-0.20667,-0.23426,-0.18837,-0.1418,-0.2191,-0.1341,0.054329,0.10571,0.11334,0.052905,-0.066438,-0.20805,-0.31899,-0.34825,-0.28429,-0.17096,0.12697,0.25436,0.22172
0.091966,0.11358,0.050017,0.027561,0.03415,0.034556,0.01558,0.043963,0.087917,0.11274,0.10925,0.093524,0.059538,0.011008,-0.011835,-0.021431,-0.033486,-0.041895,-0.02117,0.03155,0.082828,0.10153,0.060159,-0.026129,-0.13947,-0.1728,-0.065255,0.053188,-0.041707,-0.27648,-0.31879,-0.18687,-0.061995,-0.066273,0.0049653,0.025969,0.030538,0.046826,0.018415,-0.0045468,0.010987,0.031673,0.0034744,0.11681,0.13864,0.020586,-0.0092893,-0.0079428,-0.017941,-0.010569,-0.00074647,-0.0020622,-0.11381,-0.15594,0.044214,0.04359,-0.053359,0.10419,0.29367,0.17581,0.12037,0.1634,0.11177,0.062147,0.071801,0.045287,0.058743,0.11613,0.14537,0.062712,-0.12007,-0.12031,-0.081477,0.010686,0.032203,0.055606,-0.19448,-0.36294,-0.31293,-0.18251,-0.083894,0.006977,0.076225,-0.0090523,-0.019195,0.097001,0.12254,0.0861,0.044345,0.010487,-0.013617,0.0037888,0.036236,0.042653,0.057963,0.03057,-0.024527,-0.059515,-0.15201,-0.2145,0.48736,0.3512,0.031636,0.081642,0.062947,-0.0059794,-0.042492,0.018169,0.071493,0.049756,0.02354,0.012457,0.0082799,0.033124,0.052105,0.013448,-0.031029,-0.057047,-0.050909,-0.004694,0.06361,0.085911,0.052569,0.053706,0.05628,0.0081262,-0.019744,-0.0083897,0.01183,0.017855,0.050466,-0.022882,-0.12751,-0.067801,-0.075181,-0.084713,-0.071918,-0.063147,-0.069636,-0.031209,0.027623,0.016243,0.021221,0.1048,0.29148,0.32405,0.16008,0.017514,-0.050688,-0.026629,-0.0045357,-0.046002,-0.090374,-0.18909,-0.34366,-0.26476,-0.030351,0.32143,0.48613,0.46914,0.3651,0.19676,0.0049149,-0.067126,-0.037463,-0.055252,0.0010478,0.21343,0.27166,0.057705,-0.10982,-0.048415,-0.018499,0.0025608,-0.01087,0.025834,0.035477,0.086519,0.085963,-0.07473,-0.161,-0.22142,-0.29337,-0.28018,-0.1622,-0.060422,-0.082998,-0.10063,-0.079487,-0.040144,-0.014002,0.0073011,0.014361,-0.022362,-0.066051,-0.061943,-0.085307,-0.12104,-0.14484,-0.15598
-0.013654,-0.048477,-0.091772,-0.19601,0.3728,0.61562,-0.086129,-0.22854,0.024776,-0.10298,-0.18909,-0.21737,-0.22224,-0.22684,-0.11228,0.0091641,-0.0052863,-0.030797,0.0047843,0.073789,0.0997,0.25911,0.32154,0.15989,-0.09385,-0.17511,-0.036466,0.11322,0.11353,0.0035902,-0.078798,-0.083716,-0.092844,-0.096612,-0.12049,-0.067239,-0.049785,-0.023272,0.0059689,0.021098,-0.037219,-0.081862,-0.059985,0.072397,0.084808,0.057017,0.070056,0.034075,0.0052306,0.10923,0.1984,0.16023,0.14563,0.082532,-0.052858,-0.033808,-0.13984,-0.053059,0.022609,0.090302,0.044407,0.048593,0.076579,0.025834,-0.023329,0.014783,-0.029773,-0.1791,-0.11997,-0.14898,-0.21024,-0.14365,-0.13758,-0.014911,-0.019519,-0.042608,0.057293,0.13622,-0.066476,-0.29166,-0.28552,-0.1153,0.079711,0.12372,0.022739,-0.020892,-0.04443,-0.058112,-0.044884,-0.03412,-0.031807,-0.03275,-0.041446,-0.04034,-0.02106,0.00087059,-0.017427,0.040339,0.23452,0.33418,0.1091,0.099069,0.36765,0.40737,-0.022,-0.22488,0.090194,0.14151,-0.2505,-0.084966,0.1929,0.30195,0.29548,0.18005,0.052102,-0.014727,-0.053257,-0.087611,-0.096378,-0.13139,-0.21019,-0.034192,0.10726,0.070819,-0.0045081,-0.055816,-0.052852,-0.048048,-0.022461,-0.014748,-0.0028796,0.05139,0.0093413,-0.032437,0.039066,0.03757,0.043059,0.025905,0.021266,-0.087277,-0.20612,-0.15616,-0.11204,0.0019427,0.073103,0.054314,-0.026684,-0.13348,-0.1274,0.0017209,0.06828,-0.063549,-0.26807,-0.2803,-0.16283,-0.14983,0.1037,-0.019734,-0.11231,-0.037993,0.012998,0.02377,-0.012798,-0.17013,-0.31893,-0.33729,-0.11145,0.19334,0.10879,0.018743,-0.032399,0.11403,0.093787,0.1522,0.055008,-0.041841,-0.022072,-0.015695,0.022987,0.1262,0.13892,0.0016203,-0.0053065,0.13716,0.35307,0.54135,0.5173,0.30611,0.11266,0.027929,-0.036388,-0.09672,-0.12005,-0.083774,0.018835,0.046179,0.069012,0.14705,0.17119,0.16243
-0.12755,-0.10689,-0.074946,0.036112,0.17241,0.12567,0.024499,-0.0074002,-0.019611,-0.023818,-0.025497,-0.033517,-0.0069715,0.014656,-0.0046271,0.002792,0.030353,0.047013,-0.049608,-0.14672,-0.14302,-0.094841,0.012291,0.17474,0.18889,0.021794,-0.068209,-0.0034818,0.1308,0.27252,0.2164,-0.018136,-0.093493,-0.048971,0.14542,0.22843,0.15436,0.076447,-0.0068875,-0.040844,-0.027409,0.025998,0.0089581,-0.12046,-0.086484,0.050293,0.072537,0.059242,0.0015435,-0.068289,-0.045762,0.011935,0.0062709,0.03771,0.13731,0.03127,-0.13363,-0.054037,0.052103,0.14928,0.12083,0.059857,0.054027,0.011577,-0.055663,-0.069194,-0.17177,-0.24676,-0.19852,-0.18812,-0.17864,-0.17729,-0.054591,-0.097205,-0.17965,-0.19444,-0.29689,-0.33031,-0.31873,-0.33819,-0.22907,-1.9432e-05,0.089279,0.088392,0.12225,0.11831,0.071245,0.061681,0.083453,0.081642,0.034,0.0025781,0.031618,0.073152,0.11895,0.11403,0.040497,0.11413,0.35716,0.47309,-0.30354,-0.19969,0.28518,-0.094009,-0.32866,-0.29665,-0.22841,-0.19732,-0.14565,-0.1177,-0.1527,-0.18262,-0.10325,0.034165,0.080646,0.11,0.13402,0.11408,0.098703,0.065995,-0.0054577,-0.029312,-0.014847,0.049077,0.076247,0.059322,0.074325,0.059793,0.022768,0.05238,0.0040489,-0.11964,-0.087767,-0.035312,-0.045724,-0.066778,0.030154,0.048076,0.11006,0.19408,0.28582,0.43712,0.39725,0.27515,0.114,0.071842,0.12867,0.063776,-0.084936,-0.12738,-0.082677,-0.023422,-0.013396,-0.075825,-0.10879,-0.12231,-0.090472,0.15294,0.21457,0.015024,-0.21449,-0.26353,-0.34135,-0.33728,-0.32587,-0.41791,-0.34,-0.17233,-0.33845,-0.2448,-0.075452,0.0093252,0.12999,0.069571,0.043185,0.11806,0.12892,0.1182,0.20037,0.29635,0.20207,0.10394,0.13193,0.11344,0.044104,-0.0064474,0.002976,0.0489,0.079099,0.055336,0.042633,0.049329,0.075907,0.097473,0.078298,0.057709,0.1788,0.30998,0.30699,0.2778
0.18712,0.062574,0.040323,0.1915,0.11746,0.012505,-0.019567,-0.0017293,0.031917,0.041682,0.023238,0.035774,0.037185,-0.02731,-0.040248,-0.016109,-0.023074,-0.031905,-0.03478,-0.031151,-0.04188,-0.0038344,0.096155,0.112,0.05917,0.026425,0.029399,0.034212,0.032627,0.096007,0.24578,0.34291,0.29051,0.17903,0.071672,-0.0063134,-0.084282,-0.069427,-0.041958,-0.057652,-0.027612,0.026326,0.010753,-0.11797,-0.015987,0.070876,0.018646,0.014806,-0.0073604,-0.045869,-0.035181,0.0050486,-0.055647,-0.0015451,0.28132,0.26921,0.036418,0.077386,0.19359,0.051346,0.041349,0.14102,0.12597,0.053948,-0.023022,-0.013986,-0.080131,-0.15127,-0.074812,-0.074428,-0.086406,-0.0745,-0.043051,-0.030467,-0.034052,-0.061452,-0.079732,-0.0049714,0.021629,0.060654,0.21215,0.33587,0.23501,0.049728,-0.048148,-0.061527,-0.07129,-0.010236,0.06241,0.043167,0.014755,-0.0071516,-0.016365,-0.121,-0.19261,-0.1298,-0.095235,-0.066343,0.067669,0.17214,0.13827,0.12933,-0.19145,-0.26291,-0.21423,-0.11602,-0.085965,-0.13112,-0.13861,-0.15718,-0.17702,-0.16283,-0.15582,-0.12988,-0.024373,0.031744,0.0063416,-0.026981,-0.055541,-0.097234,-0.050574,0.017203,0.01834,-0.0026572,0.018438,0.045183,0.012627,0.0028348,0.026257,-0.041513,-0.08119,-0.025013,-0.0042523,0.033172,0.097966,0.068714,0.050951,0.077954,0.12848,0.20612,0.29514,0.45309,0.42481,0.30776,0.21045,0.16619,0.16001,0.081506,-0.033224,-0.080116,-0.054388,0.0091797,0.0055037,-0.23622,-0.55633,-0.60432,-0.29636,0.19847,0.41548,0.36847,0.14312,0.016675,0.0015173,-0.016193,-0.057314,-0.11959,-0.056121,0.038117,-0.029475,-0.067121,-0.0053046,0.026165,0.022241,0.082808,0.10995,0.080964,0.080134,0.11041,0.13851,-0.0052932,-0.15834,-0.16664,-0.14851,-0.10079,-0.074251,-0.12118,-0.1744,-0.16001,-0.12305,-0.12738,-0.10506,-0.06322,-0.025263,0.066162,0.10187,0.094765,0.15838,0.22859,0.25855,0.26991
0.30002,0.20842,0.010613,0.025552,-0.032199,-0.091917,-0.085447,-0.054663,-0.014619,0.011647,-0.0020203,-0.025647,-0.016555,-0.0034239,-0.011728,-0.020003,-0.034703,-0.052251,-0.070858,-0.056803,-0.041361,-0.053773,-0.022419,0.044641,0.068048,0.059847,0.1109,0.16932,0.10586,-0.037528,-0.16495,-0.28081,-0.29474,-0.14425,0.025306,-0.026715,0.0086895,-0.02724,-0.047522,-0.059943,-0.036418,0.0060734,-0.017258,0.068909,0.15459,0.123,0.076049,0.054899,0.038005,0.059136,0.17244,0.22812,0.2297,0.15132,-0.020156,-0.02882,-0.10593,-0.0058483,0.085429,0.12553,0.058133,-0.015243,-0.0034788,0.090496,0.12289,0.044214,0.018389,-0.012959,-0.077624,-0.044594,-0.10907,-0.17431,-0.059949,-0.043393,0.062435,-0.0081043,-0.025306,0.060731,-0.090747,-0.27367,-0.26835,-0.10301,0.01942,0.0040172,-0.0070878,0.019056,0.0090677,0.0013267,0.0090168,-0.0043329,-0.01475,-0.015583,-0.012387,-0.053309,-0.13313,-0.14189,-0.10382,-0.065372,0.042069,0.12506,0.18185,0.20445,-0.13339,-0.23163,-0.17864,-0.066475,0.027133,0.052035,0.05649,0.042491,0.04339,0.063614,0.10151,0.1118,0.057025,-0.01281,-0.05968,-0.077661,-0.031936,-0.010113,-0.019121,-0.022213,-0.033622,-0.041176,-0.066153,-0.064635,-0.047155,-0.036931,-0.027362,-0.0023216,0.033516,0.0414,0.098947,-0.016002,-0.23056,-0.1824,-0.18676,-0.10958,-0.093267,-0.020804,0.23074,0.33606,0.32215,0.2175,0.11233,0.055343,0.044943,0.022898,-0.029271,0.018096,0.092962,0.044762,-0.063005,-0.096013,-0.020379,-0.096406,-0.088023,0.20522,0.25352,0.0026062,-0.29026,-0.37721,-0.22992,0.048637,0.13159,-0.033683,-0.29964,-0.35125,-0.14726,-0.019968,0.056589,0.042468,0.16607,0.1757,0.20113,0.14539,0.11107,0.12338,0.11323,0.16833,0.19076,0.057329,-0.030884,0.022974,0.063597,-0.023009,-0.066207,-0.036518,0.0034585,0.011131,0.015178,0.011191,0.0035674,0.0013208,-0.016708,-0.027236,-0.03354,-0.01736,0.033396,0.058834
0.23225,0.19595,0.15602,0.21081,0.027571,-0.097912,-0.07825,-0.025837,0.034483,0.088479,0.11144,0.071303,0.042222,0.031473,0.00077374,-0.010454,-0.0078625,0.0078993,0.044721,0.095314,0.10376,0.071963,0.021157,-0.028093,-0.042672,-0.019302,-0.010476,-0.040829,-0.11712,-0.15787,-0.15521,-0.20977,-0.19286,-0.076482,-0.056967,-0.0095898,-0.0032023,-0.057172,-0.063351,-0.089013,0.001177,0.081679,0.053296,-0.037348,-0.019034,0.025348,0.0098015,-0.001777,0.0034209,0.065485,0.12748,0.1113,0.12943,0.19051,0.076365,-0.043187,0.037667,-0.018224,0.0098655,0.10048,0.030448,-0.028963,-0.00086582,0.032053,0.030336,-0.0034503,-0.097549,-0.16629,-0.1246,-0.062136,-0.10422,-0.2088,-0.084891,-0.043955,0.070921,0.059359,0.11237,0.2587,0.31651,0.26213,0.053968,-0.12466,-0.1508,-0.1381,-0.13574,-0.043058,0.042607,0.025979,0.0074977,-0.0096198,-0.018703,-0.018726,-0.018879,-0.066136,-0.13541,-0.13879,-0.095775,-0.089311,-0.17921,-0.24555,0.18862,0.21972,-0.13875,-0.24324,-0.1848,-0.014007,0.13664,0.14921,0.13378,0.080571,0.018445,-0.046079,-0.071726,-0.036187,0.0022186,0.023779,0.028526,0.029552,0.083987,0.15458,0.11521,0.04224,0.0056047,-0.024253,-0.048431,-0.06708,-0.059788,-0.040763,-0.03119,-0.0015453,0.05008,0.076172,-0.00012382,-0.068232,-0.0038307,-0.072718,-0.16881,-0.11777,-0.15298,-0.0098276,0.0118,-0.016252,-0.010811,-0.052024,-0.1355,-0.22034,-0.19446,-0.061824,0.065005,0.11609,0.18845,0.21563,0.13875,0.058966,0.085091,0.090666,-0.0695,-0.17916,-0.11451,-0.094193,-0.20859,-0.25696,-0.14778,0.013255,0.035089,-0.098439,-0.09896,0.11055,0.12666,0.14071,0.038341,-0.032613,0.11184,0.14967,0.18299,0.057635,-0.059564,-0.094746,-0.09682,-0.01616,0.026221,0.045684,0.069624,0.077265,0.082119,-0.012164,-0.11753,-0.08124,0.0022247,0.017176,0.025112,0.02834,0.0082564,-0.019576,-0.017065,-0.01463,-0.024262,-0.021411,-0.045613,-0.061094
0.28049,-0.071179,-0.19485,-0.02691,0.065318,-0.0050858,-0.024908,0.018893,0.062002,0.15802,0.23418,0.21759,0.17395,0.076792,0.022563,0.017615,0.0063034,-0.012783,-0.011334,0.0063277,-0.14915,-0.39762,-0.37039,-0.071894,0.15413,0.16598,0.071815,-0.0045161,-0.018339,-0.0010866,0.053968,0.11348,0.11274,0.038812,-0.0063865,0.019957,0.022621,0.039696,0.043024,-0.01041,-0.019698,0.049235,0.069593,-0.018108,0.10396,0.1991,0.16112,0.15287,0.1249,0.10236,0.075619,0.018546,-0.12495,-0.15582,0.099359,0.085591,-0.10693,0.063877,0.27677,0.12668,-0.0085915,0.00037022,-0.054005,-0.1242,-0.16763,-0.10285,0.010821,-0.084367,-0.19959,-0.16622,-0.16948,-0.06432,-0.031295,0.0057856,-0.058926,-0.1645,-0.074928,-0.028985,0.032377,0.081413,0.015426,-0.046831,-0.023037,0.022521,-0.0102,0.018291,0.056791,0.0087345,-0.013964,-0.013116,-0.011818,-0.011959,-0.015199,-0.018375,0.0077223,0.077146,0.16096,0.23249,0.35661,0.42207,0.048512,-0.033226,-0.15365,-0.20075,-0.19651,-0.17102,-0.16031,-0.16951,-0.18928,-0.12901,-0.056794,-0.080675,-0.089765,-0.0021871,0.11601,0.11255,0.046673,-0.028033,0.017421,0.043602,0.058025,0.024738,0.025439,0.065559,-0.0032679,-0.042135,0.01436,0.093505,0.07982,0.085492,0.16814,0.092714,-0.031774,0.0081731,0.063395,0.0056968,-0.055079,-0.10333,-0.12543,-0.071077,0.030052,0.11234,0.08635,0.072306,0.10133,0.085597,0.026797,0.013051,0.11122,0.17116,0.11365,-0.027796,-0.1199,-0.26373,-0.50015,-0.47714,-0.098156,0.42834,0.5956,0.51915,0.20957,0.0065764,-0.067009,-0.15395,-0.2274,-0.21959,-0.065564,-0.075146,-0.24971,-0.25064,-0.13235,0.080307,0.091818,0.088851,0.094574,0.10487,0.1451,-0.04592,-0.2428,-0.22399,-0.17445,-0.15443,-0.13221,-0.14207,-0.16187,-0.067194,0.085197,0.13081,0.15577,0.12809,0.033453,-0.045761,-0.060666,-0.060773,-0.063441,-0.055527,0.18929,0.35455,0.31162,0.27606
0.63249,0.51175,0.084707,0.078801,0.10775,0.11727,0.11585,0.22309,0.36321,0.40089,0.33023,0.21343,0.097644,0.061259,0.083954,0.077225,0.087419,0.10853,0.096093,0.1316,0.20243,0.26489,0.2512,0.23873,0.3136,0.3167,0.16903,0.106,0.23636,0.030754,-0.54837,-0.56819,-0.25123,-0.047924,-0.027903,-0.017422,0.052634,0.093207,0.081132,0.03261,0.021734,0.022115,0.046226,-0.0058214,-0.11991,-0.17781,-0.063288,0.038843,0.023871,-0.074957,-0.089335,-0.038347,-0.052476,-0.090616,-0.14622,-0.086613,0.01803,0.029017,-0.14963,-0.24392,-0.10275,-0.028779,-0.073933,-0.1999,-0.22265,-0.096401,0.027291,0.11716,0.10934,0.056978,0.091491,0.053007,0.031208,0.016301,-0.076264,-0.08479,-0.25783,-0.35274,-0.30487,-0.26393,-0.21083,-0.12169,-0.044627,-0.0013436,-0.015346,-0.069857,-0.056421,-0.020999,-0.043217,-0.047598,-0.044487,-0.035693,-0.074987,-0.080543,-0.056381,-0.09998,-0.14282,-0.1247,0.12007,0.3567,1.0704,0.74835,-0.16443,-0.0052285,0.010757,-0.053085,-0.11672,-0.12459,-0.1576,-0.21602,-0.21865,-0.15896,-0.084946,-0.0065125,0.047158,0.01386,0.035221,0.031671,-0.043698,0.077049,0.13544,0.077441,0.043133,0.0050882,0.0456,0.091255,0.12271,0.12988,0.081101,0.025926,-0.22859,-0.1664,0.085405,0.052615,-0.019552,0.032955,0.032859,0.020629,-0.053145,-0.038254,0.095268,0.13392,0.060878,-0.052176,-0.10118,-0.12397,-0.0049223,0.11256,0.085802,-0.073079,-0.10146,-0.014317,-0.010505,0.026877,0.077529,0.08765,0.080989,0.0079387,-0.07948,-0.11035,0.008772,0.13381,0.027219,-0.16885,-0.21589,-0.044473,0.15511,0.069171,-0.07332,-0.11225,-0.0069285,0.018465,0.039772,0.019495,-0.0015621,0.044558,0.035597,0.032777,0.040129,-0.077945,-0.17896,-0.21849,-0.16757,-0.1069,-0.13771,-0.12972,-0.019752,0.099654,0.13456,0.16275,0.1528,0.089757,0.037309,-0.020552,-0.1345,-0.28774,-0.41288,-0.41508,-0.28049,-0.23911
0.040908,-0.0018361,-0.093286,-0.0073788,0.084735,0.17937,0.24121,0.20174,0.089445,0.055839,0.1457,0.24316,0.16761,0.11118,0.17103,0.18377,0.2219,0.21733,0.24618,0.36666,0.31317,-0.040633,-0.22316,-0.0035959,0.21723,0.18928,0.13159,0.11825,0.10972,0.10154,-0.048024,-0.28295,-0.21971,0.049576,0.13355,0.16555,0.18114,0.21208,0.24697,0.20708,0.073557,-0.064209,-0.1287,-0.12332,-0.10227,-0.13461,-0.16962,-0.18762,-0.1871,-0.18216,-0.15688,-0.11315,-0.075903,-0.062483,-0.17805,-0.13491,0.053662,0.049065,0.024555,0.03734,0.0025065,-0.045501,-0.055785,-0.098996,-0.12336,-0.10605,-0.087445,-0.029342,0.010827,-0.035264,-0.065695,-0.016749,0.04003,0.036643,-0.026558,-0.0027812,-0.11384,-0.19258,-0.1693,-0.1842,-0.18098,-0.046707,0.058947,0.048413,-0.019835,-0.09544,-0.059972,0.015844,0.050178,0.099193,0.10831,0.052597,0.016152,0.061908,0.11725,0.1747,0.22509,0.17657,0.056764,-0.0033174,0.506,0.36687,0.072591,0.017633,-0.012987,-0.040458,-0.064632,-0.10017,-0.13443,-0.18447,-0.31391,-0.4554,-0.4694,-0.23978,0.071417,0.13579,0.17592,0.092069,0.20519,0.26978,0.12501,-0.030398,-0.11087,-0.031742,-0.0081413,-0.03824,0.0075666,0.074634,0.047845,0.041848,0.079671,0.046768,0.032762,0.038617,0.07765,0.10701,0.13408,0.13093,0.063344,-0.058166,-0.14248,-0.19446,-0.22611,-0.20377,-0.082898,0.020086,-0.012575,-0.036033,0.03564,0.083498,0.037587,-0.053489,-0.14899,-0.011542,0.14255,0.13823,-0.049377,-0.14955,-0.12195,-0.043688,0.081729,0.13933,0.082136,0.14216,0.24608,0.21255,0.10186,0.0010757,0.054456,0.0644,0.10638,0.1137,0.076096,0.036802,-0.008617,0.014699,-0.075281,-0.13578,-0.10743,-0.099919,-0.10803,-0.097899,-0.083525,-0.10064,-0.083498,-0.044668,0.011292,0.0042598,-0.11722,-0.24814,-0.32817,-0.29521,-0.11902,0.01919,0.022237,-0.0054595,0.12609,0.20014,0.13127,0.10738
0.31929,0.35608,0.24752,0.14421,0.089956,0.064748,0.0018531,-0.054646,-0.039422,0.0027038,0.040335,0.058674,0.02662,0.013726,0.0086474,-0.018071,-0.035651,-0.051478,-0.048135,-0.0010427,0.060309,0.09139,0.03107,-0.085152,-0.14292,-0.095151,-0.10673,-0.24677,-0.38748,-0.36775,-0.21453,-0.1287,-0.10869,-0.078951,-0.087368,-0.030994,-0.019693,0.0007459,0.020352,0.040721,0.10041,0.14146,0.11588,-0.012824,-0.019339,0.026914,0.013466,0.020022,0.056822,0.11005,0.089872,0.03309,0.01433,-0.063602,-0.25078,-0.32188,-0.13349,0.05873,0.069971,0.1613,0.11519,0.014184,0.023856,0.17131,0.26045,0.12963,0.049658,-0.0084891,-0.13811,-0.15054,-0.17342,-0.11359,-0.15481,-0.072406,-0.16566,-0.22713,-0.092816,-0.0074809,0.013949,0.01113,0.015626,0.057052,0.0056017,-0.10237,-0.081564,0.05084,0.1314,0.10066,0.07232,0.046455,0.02986,0.031061,0.031281,0.032804,-0.0056852,0.0075059,0.063171,0.041271,0.0071843,0.005309,0.037527,0.1058,0.03423,-0.013649,-0.0060697,-0.079965,-0.13724,-0.074818,-0.06435,-0.11023,-0.11717,-0.10298,-0.13578,-0.13289,-0.073151,-0.04423,-0.040596,-0.05788,-0.067979,-0.020758,-0.023394,-0.016826,-0.0058676,-0.051035,-0.07573,-0.079079,-0.061816,-0.031841,-0.044605,-0.04049,0.043805,0.069837,-0.016169,-0.051634,0.016538,0.0034785,-0.0024887,-0.011162,0.0060403,0.063884,0.15566,0.27394,0.25529,0.16371,-0.093121,-0.31258,-0.32859,-0.16916,0.11771,0.28715,0.24009,0.099565,0.011041,0.16528,0.26864,0.3205,0.31844,0.069041,0.047456,-0.017551,-0.19839,-0.32308,-0.24209,0.089093,0.22367,-0.074904,-0.36594,-0.3753,-0.20559,-0.20203,-0.016767,0.15527,0.14242,0.20595,0.16917,0.12983,0.14825,0.042064,-0.042119,0.0093825,-0.0017228,-0.047883,-0.0087175,0.059128,-0.003212,-0.067734,-0.058885,-0.08677,-0.093139,-0.083442,-0.0469,-0.015812,-0.027672,-0.046353,0.119,0.23932,0.19993,0.18401,0.18843,0.18215
0.54277,0.38505,-0.010813,-0.035279,0.031961,0.099458,0.12105,0.060076,-0.039077,-0.02069,0.039348,-0.00045298,-0.00040209,0.045297,0.029183,0.016451,0.032591,0.045949,0.0046322,0.0085116,0.049245,0.10185,0.41696,0.66245,0.67174,0.41994,0.18625,0.10348,0.10525,0.13099,0.058241,-0.10267,-0.15195,-0.13708,-0.017525,0.02841,0.036694,0.056736,0.080637,0.11661,0.13605,0.16463,0.12869,0.082658,-0.015429,-0.14098,-0.17438,-0.16828,-0.14861,-0.10928,-0.065751,-0.023108,0.0020203,-0.12032,-0.25271,-0.097785,0.1307,0.16099,0.066201,-0.0043967,-0.039312,-0.032878,0.0028291,0.068421,0.10673,-0.051706,-0.19395,-0.10271,-0.060166,-0.064768,-0.090211,-0.076451,0.030134,0.00075555,0.075408,-0.26232,-0.42397,-0.17891,0.097258,-0.012033,-0.16139,-0.12335,-0.026027,0.07534,0.11201,0.047314,-0.0084324,-0.049452,-0.15707,-0.21633,-0.18743,-0.19596,-0.23131,-0.18268,-0.11399,-0.076678,0.074622,0.32627,0.50661,0.55554,0.48843,0.36715,0.029942,0.090339,0.052954,-0.13726,-0.28672,-0.2448,-0.13157,-0.13641,-0.2444,-0.23642,-0.082505,0.059506,0.04595,0.004268,-0.021729,-0.060188,-0.13827,-0.17464,-0.22586,-0.2634,-0.0052098,0.12188,0.028131,0.12089,0.25557,0.23908,0.19638,0.24066,0.11236,-0.11543,-0.074428,-0.0026086,-0.021243,-0.059497,-0.035295,-0.011651,0.028946,0.084417,0.22688,0.27302,0.23535,0.19922,0.23422,0.23819,0.12917,0.050651,0.090461,0.081075,-0.029255,-0.096914,-0.017247,0.18139,0.19781,0.072113,-0.16047,-0.080801,-0.091615,-0.096423,-0.074423,-0.022565,0.071447,0.19835,0.20345,0.13124,0.040512,-0.13399,-0.20784,-0.093334,0.011287,0.1004,0.21348,0.19684,0.21687,0.096835,0.072475,-0.030841,-0.21807,-0.14832,-0.032585,-0.041788,-0.085577,-0.15446,-0.24123,-0.25833,-0.16824,-0.053042,0.057316,0.27025,0.41995,0.23669,-0.098779,-0.31477,-0.3792,-0.3297,-0.1977,-0.078306,-0.085911,-0.11738
0.11615,0.058096,0.1179,0.14321,0.19419,0.10022,-0.041394,-0.064616,-0.018873,0.01805,0.067124,0.12752,0.054983,-0.015549,-0.0038871,-0.018295,-0.0094359,0.036785,0.12915,0.19924,0.20517,0.14725,-0.052764,-0.12092,0.14526,0.29666,0.1103,-0.030754,0.0039563,-0.0064513,-0.062233,-0.068568,-0.033596,0.052377,0.050066,0.094718,0.11028,0.10067,0.098596,0.066643,0.070068,0.067777,0.031141,-0.05842,-0.00056309,0.063029,0.030471,-0.0045321,0.023518,0.12197,0.13195,0.052071,0.032407,-0.0069627,-0.031934,-0.053583,-0.092448,0.18092,0.34975,0.18217,-0.1334,-0.14801,-0.064875,-0.080758,-0.06426,0.0024827,-0.075411,-0.16132,-0.075168,-0.041234,-0.012465,0.034596,0.088804,0.12178,0.037869,-0.018905,-0.082882,-0.085456,0.0025651,0.035149,-0.018282,-0.060559,-0.041516,0.0014624,-0.018564,0.0090597,0.058614,0.033188,0.020906,0.016039,0.015941,0.03009,0.039703,0.040718,-0.068781,-0.15761,-0.12436,-0.0030583,0.17574,0.26668,-0.15995,-0.14855,-0.096335,-0.011473,-0.011251,-0.10121,-0.14508,-0.11217,-0.12804,-0.17023,-0.26391,-0.37586,-0.37245,-0.19746,-0.010443,0.0057681,0.014078,0.041884,0.075788,0.17632,0.17928,0.093288,0.060363,0.061242,0.073905,0.048662,0.094456,0.12141,0.10146,0.10562,0.1399,0.19366,0.080638,-0.062291,-0.015491,-0.015657,-0.025192,-0.020207,-0.069025,-0.033627,-0.017554,-0.035477,-0.037037,-0.077594,-0.10523,-0.14887,-0.22664,-0.25238,0.00074119,0.34287,0.41793,0.19175,-0.077868,-0.395,-0.63659,-0.56656,-0.080608,0.49643,0.61204,0.47061,0.22686,0.14756,0.11982,0.03416,0.002616,0.039808,-0.0084734,-0.23486,-0.43721,-0.42188,-0.22038,-0.072699,-0.0063806,0.04513,0.067236,0.09924,0.047993,-0.096743,-0.19043,-0.16199,-0.078805,-0.02937,-0.043833,-0.090385,-0.10856,-0.030356,0.055884,0.0317,0.0062202,-0.014122,0.014351,0.057412,0.040377,-0.0067951,0.045695,0.06945,0.038357,0.13351,0.20988,0.20637
0.10496,0.10447,0.06663,-0.029572,-0.064149,-0.018638,0.01487,-0.022437,-0.042849,-0.047266,0.040233,0.17701,0.19082,0.14485,0.074033,0.082982,0.14781,0.14683,0.17016,0.15852,0.12572,0.043256,-0.052406,0.0091757,0.1225,0.11835,0.076748,0.042236,0.048699,-0.089056,-0.37281,-0.47531,-0.31072,-0.056186,-0.038435,0.010272,0.030393,0.044228,0.071639,0.056258,0.002494,-0.061514,-0.098517,-0.16526,-0.25394,-0.084862,0.052953,0.048527,0.042318,-0.037557,-0.081215,-0.082753,0.060625,0.016161,-0.21854,-0.091136,0.046526,-0.027056,-0.17326,-0.14659,-0.0052791,0.0095955,-0.0055045,-0.030571,-0.060959,-0.030912,-0.038816,-0.089655,-0.058816,-0.0075068,0.07284,-0.016977,-0.10202,-0.075495,-0.10282,-0.064867,-0.099141,-0.094185,-0.025629,-0.01503,-0.024984,0.0042182,0.046084,0.076084,0.064624,0.0092264,-0.00608,0.016986,0.03743,0.0609,0.055437,0.022176,0.04137,0.09705,0.099394,0.076516,0.085681,0.045555,-0.099974,-0.1498,0.12427,0.075326,0.032481,0.12766,0.029368,-0.10406,-0.14776,-0.0974,-0.054997,-0.041254,-0.026202,-0.077282,-0.18198,-0.23258,-0.19385,-0.05814,0.019322,-0.024654,-0.053423,-0.14204,-0.020247,0.082165,0.032101,0.020423,0.0012081,-0.031063,-0.024621,0.010688,0.031286,0.049809,0.0012038,-0.0082004,-0.020606,-0.063071,0.0069504,0.035259,0.050431,0.065433,0.012955,0.027732,0.018045,-0.0027765,0.0019186,-0.00030256,-0.028194,0.065008,0.16547,0.15539,0.017866,-0.11368,-0.15941,-0.083302,0.092478,0.27207,0.3866,0.22211,-0.056942,-0.16008,-0.21933,-0.17594,-0.020798,0.071684,0.067145,-0.00013704,-0.09683,-0.13297,-0.030173,0.16104,0.17758,0.20269,0.13382,-0.030615,-0.012499,0.0078955,0.0085494,0.05249,0.042825,0.0066626,-0.0060132,-0.030867,-0.034766,-0.028201,-0.05665,-0.101,-0.077683,0.0044838,0.054356,0.033604,-0.067508,-0.16343,-0.21977,-0.20584,-0.096055,-0.032093,-0.093958,0.043998,0.15326,0.10179,0.030014,0.015135
-0.12901,-0.091617,-0.011893,0.12224,0.27397,0.27408,0.15683,0.068539,0.11243,0.20138,0.20923,0.17712,0.11055,0.037536,0.020782,0.03228,0.025202,0.012203,0.021474,0.089454,0.077617,-0.052871,-0.11081,0.0090608,0.075518,-0.03806,-0.16922,-0.15882,-0.024206,0.14657,0.25856,0.24541,0.1564,0.042811,-0.011629,-0.066567,-0.083876,-0.063749,-0.10694,-0.11074,-0.084326,-0.018852,-0.025711,-0.054119,-0.14028,-0.23831,-0.13198,-0.011496,0.032309,0.019319,-0.048748,-0.003041,0.034202,0.048961,0.028955,0.027439,0.039817,-0.0035668,-0.029036,-0.045407,-0.026285,-0.015995,-0.015685,-0.04757,-0.12368,-0.0994,0.033066,0.069813,0.021582,-0.0093269,-0.051109,-0.024741,-0.035364,0.0080238,0.0039212,-0.07437,-0.19005,-0.20605,-0.054027,0.15738,0.21319,0.15637,0.14245,0.02451,-0.030344,0.053992,0.060191,0.048663,0.045208,0.02125,-0.0017195,0.00071788,0.024807,-0.0029936,-0.029235,0.0076359,0.022709,0.0321,0.055194,0.063375,-0.33874,-0.24639,0.17851,-0.058188,-0.22077,-0.22785,-0.21118,-0.17163,-0.087766,-0.051451,-0.10205,-0.10703,-0.084067,-0.053547,-0.0073432,0.009282,-0.020576,-0.054741,0.023776,0.14581,0.10792,0.0041221,-0.036507,0.0328,0.071759,0.051723,0.067012,0.063363,0.036629,0.073985,0.030189,-0.064489,-0.036611,0.0058404,-0.021626,-0.037657,-0.045727,-0.09349,-0.010101,-0.012067,0.1606,0.22892,0.15578,0.13633,0.07332,-0.0035888,0.093658,0.21984,0.2313,0.10264,-0.0097152,0.10569,0.18484,0.082763,0.077473,0.021421,-0.1192,-0.072472,-0.02515,0.021375,0.13424,0.25002,0.23509,0.065411,-0.09498,-0.12377,0.013036,0.27507,0.43509,0.28797,0.022061,-0.0079369,-0.053028,-0.010905,-0.094265,-0.14913,-0.063774,-0.021049,-0.089294,-0.17669,-0.15309,-0.21334,-0.31887,-0.28845,-0.13762,-0.0757,-0.14618,-0.12457,-0.084568,-0.059312,0.013269,0.10779,0.15418,0.12951,0.065256,0.012854,0.062307,0.1251,0.11986,0.11589
-0.26543,-0.12703,0.011017,0.16808,0.13578,0.12675,0.12899,0.11582,-0.032067,-0.12876,-0.08833,0.082004,0.2135,0.15569,0.08863,0.083725,0.12901,0.13489,0.17092,0.16856,0.16905,0.11828,-0.014095,-0.12968,-0.11648,-0.039633,0.021768,0.026174,-0.016393,-0.043788,0.0041269,0.019238,-0.032601,-0.06363,-0.0026196,0.015106,0.016873,0.032516,0.011268,0.0022384,0.041304,0.025648,-0.0051503,-0.01987,-0.077775,-0.13308,-0.071488,0.0056663,-0.0017914,-0.030186,-0.040372,-0.039919,-0.064469,-0.062652,-0.1289,-0.12001,-0.0059855,-0.068563,-0.0030178,0.098687,0.045426,0.081809,0.11303,0.0072638,-0.10621,-0.17888,-0.1476,-0.17457,-0.19813,-0.10671,0.067165,0.0066033,-0.054288,0.070951,0.29515,0.41493,-0.048715,-0.41028,-0.35047,-0.12814,-0.016482,-0.0072067,0.072878,0.15226,0.11053,-0.015045,-0.051058,-0.031738,-0.025263,-0.002324,0.019979,0.019337,0.031855,0.071929,0.07966,0.067939,0.064528,0.04264,-0.06148,-0.10725,0.45266,0.40006,0.22592,-0.03538,-0.019402,-0.015347,-0.012116,0.01024,-0.0053974,-0.067028,-0.15719,-0.20026,-0.18967,-0.22002,-0.19747,-0.086754,-0.01458,-0.041268,-0.051952,-0.13164,0.040323,0.17799,0.088271,0.0058249,-0.004636,-0.042899,-0.072016,-0.045394,-0.018236,0.026075,-0.008125,-0.079669,-0.04588,0.003113,-0.030213,-0.066621,-0.033368,0.00098725,0.011688,0.058474,0.010702,-0.12656,-0.13821,-0.095439,-0.05684,-0.0189,0.047795,0.040177,-0.0038264,-0.029633,-0.025647,0.075589,0.13054,0.16406,0.22155,0.24213,0.13257,-0.18692,-0.14688,-0.023113,0.074807,0.19624,0.051409,-0.21211,-0.12008,0.11154,0.22458,0.34113,0.39465,0.40383,0.15212,-0.19469,-0.23519,-0.15991,-0.080494,-0.040936,0.089234,0.36401,0.20249,-0.044803,-0.065942,-0.046736,-0.092522,-0.16827,-0.1309,0.034205,0.12844,0.1207,0.049965,-0.052356,-0.17905,-0.2656,-0.19802,-0.10256,-0.12886,0.044692,0.15333,0.10789,0.055081,0.042699
-0.0019579,0.027538,0.18477,0.18207,0.18186,0.19978,0.2143,0.19998,0.18288,0.060235,-0.078631,-0.13198,-0.17185,-0.19999,-0.21726,-0.23872,-0.26781,-0.29627,-0.20814,-0.029717,0.041112,0.05917,0.10148,0.10003,-0.0010293,-0.05677,0.036511,0.15337,0.26266,0.3762,0.32349,0.17784,0.040469,-0.037209,-0.033345,-0.10006,-0.092746,-0.065111,-0.14921,-0.047568,0.00039424,-0.0053224,0.0069971,0.057227,0.032063,-0.039013,-0.019447,0.0057183,-0.018255,-0.048833,-0.071308,-0.088283,-0.0871,-0.088324,-0.11575,-0.016251,0.046861,-0.10461,-0.20158,-0.14646,-0.12314,-0.098065,-0.032342,0.034553,0.092848,0.10426,0.077618,0.082738,0.060289,0.027968,0.086357,0.11847,0.14714,0.10264,0.02601,0.036711,0.083197,0.23163,0.40757,0.47837,0.40443,0.24278,0.12077,0.0575,0.0050765,-0.038885,-0.071868,-0.056682,-0.022276,-0.021271,-0.020599,-0.002173,0.032204,0.010314,-0.094435,-0.17072,-0.1909,-0.16823,-0.071948,0.0058874,-0.33829,-0.28803,-0.060082,-0.0096644,-0.037686,-0.022001,-0.030216,-0.022561,-0.007265,-0.026214,-0.011135,0.069337,0.13266,0.15189,0.11551,0.03141,-0.062713,-0.089017,-0.032855,0.02137,0.069593,0.098389,0.080373,0.093268,0.095356,0.072207,0.066033,0.012654,-0.048835,-5.4142e-05,0.12523,-0.021922,-0.28155,-0.24581,-0.20229,-0.12027,-0.13538,-0.19314,0.011964,-0.1105,-0.15653,-0.087792,-0.053532,-0.035863,-0.06209,-0.084868,-0.089329,-0.084041,-0.051175,-0.041899,-0.071047,-0.08727,-0.094298,-0.024217,0.099709,0.13036,0.013991,-0.18057,-0.17294,-0.079314,0.040166,0.06067,0.12856,0.25435,0.31169,0.28847,0.18047,0.055541,0.08092,0.14297,0.083888,-0.041379,-0.10349,-0.062995,0.0083367,0.02609,-0.062682,-0.24567,-0.33127,-0.28403,-0.19312,-0.11636,-0.030715,0.039901,0.063062,0.08572,0.097105,0.10123,0.091278,0.074928,0.099111,0.15365,0.19002,0.16969,0.080689,-0.036783,-0.11134,-0.080104,0.0041192,0.044063
-0.24006,-0.26142,-0.25228,-0.3399,-0.22065,-0.055968,-0.007281,-0.032599,-0.095332,-0.15493,-0.18019,-0.17959,-0.17072,-0.13207,-0.097084,-0.1175,-0.14422,-0.14868,-0.1013,-0.049533,-0.036883,-0.061673,-0.10121,-0.081651,-0.090804,-0.18693,-0.19274,0.0374,0.27221,0.34251,0.34259,0.31402,0.17092,0.068184,0.004496,-0.069965,-0.062664,-0.10234,-0.076666,-0.10024,-0.057033,0.031338,0.052804,0.13651,0.12838,0.03253,0.0056332,0.072844,0.15581,0.11575,0.050477,0.063238,0.13683,0.095313,-0.013372,0.0063495,0.0925,0.16075,0.20368,0.086788,-0.018711,0.0014842,0.0027333,-0.021172,-0.0076532,0.094669,-0.010708,-0.16991,-0.075856,-0.036891,-0.00884,-0.031508,-0.035678,0.069457,0.019574,0.06836,-0.025456,-0.091534,-0.051763,-0.026446,-0.026268,-0.051528,-0.16051,-0.21341,-0.18243,-0.17813,-0.19062,-0.082974,0.063349,0.078521,0.068287,0.030682,0.0336,0.087854,0.15246,0.20027,0.15094,0.01852,-0.13408,-0.20882,-0.1624,-0.085799,0.32695,0.30741,0.16312,0.077925,0.03361,0.044332,0.095957,0.15715,0.23624,0.22364,0.11473,0.019983,-0.024768,-0.081072,-0.11016,-0.066202,0.011352,0.11253,0.11971,0.057602,0.064603,0.092828,0.014549,-0.070037,-0.06383,-0.065851,-0.091457,-0.13732,-0.13071,-0.058551,-0.026775,-0.10688,-0.18765,-0.13849,-0.14133,-0.07211,-0.19904,-0.2215,-0.085687,-0.00067146,0.07065,0.0018075,-0.15419,-0.30555,-0.36458,-0.18944,0.043442,0.066244,0.018637,0.0016545,0.07569,0.28629,0.36615,0.26022,0.051546,0.003847,0.016082,-0.029472,-0.22819,-0.34116,-0.27645,-0.24594,-0.2474,-0.20282,-0.16729,-0.26032,-0.43618,-0.40608,-0.20873,-0.0106,0.11813,0.21593,0.24075,0.24733,0.18513,0.14822,0.16769,0.17725,0.20294,0.23648,0.21393,0.16991,0.16479,0.16374,0.15039,0.095915,0.0047297,-0.071659,-0.10708,-0.040426,0.073931,0.1239,0.11496,0.059956,0.0086798,-0.045481,-0.11757,-0.13875
-0.025968,-0.066594,-0.078544,-0.098811,-0.06172,-0.00374,0.0044678,0.0036127,-0.0086654,-0.0383,-0.074243,-0.1106,-0.14567,-0.12527,-0.033136,0.0088213,-0.0041373,-5.9519e-07,0.035805,0.055012,-0.042013,-0.13624,-0.14279,-0.14337,-0.14301,-0.079616,-0.01652,-0.094135,-0.20805,-0.11074,0.14155,0.30328,0.25388,0.11048,-0.036006,-0.10437,-0.065243,-0.036105,-0.027697,-0.030406,-0.015589,-0.0046638,-0.013844,-0.06087,0.03444,0.10243,0.066211,0.080026,0.082011,0.022569,-0.012152,0.012453,-0.018195,-0.065246,-0.010545,0.045642,0.057822,-0.04737,-0.094471,-0.04684,-0.043829,-0.052023,-0.065663,-0.067524,-0.037933,0.017934,0.020555,-0.028132,-0.020901,0.033255,0.046772,0.051956,0.087071,0.0074073,-0.058532,-0.013559,0.11565,0.2149,0.19116,0.058831,-0.018281,0.038962,0.085485,0.075047,0.059008,0.04718,0.028095,0.010139,0.0048109,0.0045505,0.00078174,-0.0031758,-0.011425,-0.019207,-0.00045504,-0.016174,-0.052783,-0.071549,-0.13043,-0.15824,-0.089675,-0.047397,0.15185,0.11662,0.077565,0.064697,0.041498,0.025332,0.0054793,-0.018381,0.01382,0.059621,0.087489,0.059201,-0.015185,-0.081966,-0.091299,-0.062922,-0.029233,0.0042119,0.022403,0.013271,-0.0045229,-0.031558,-0.062118,-0.069521,-0.061627,-0.0064618,0.034965,0.076006,0.05188,-0.020475,0.0034892,0.047755,0.11984,0.20025,0.13124,0.025468,-0.015962,-0.020005,-0.019447,-0.069305,-0.042034,-0.034369,-0.032229,-0.050823,0.019702,0.017968,-0.067174,-0.075144,-0.058041,-0.061215,-0.030256,0.025352,9.5593e-05,0.034452,0.020334,-0.12883,-0.11554,-0.072912,-0.074668,-0.088747,-0.06612,-0.044157,-0.036849,-0.037618,-0.093011,-0.18733,-0.24488,-0.16836,-0.062621,-0.039443,-0.0092234,-0.068003,-0.082425,-0.060972,-0.059097,-0.070728,-0.028184,0.055686,0.10522,0.093271,0.064161,0.11055,0.16937,0.15286,0.13177,0.09413,0.055276,0.020792,-0.017573,-0.049923,-0.071564,-0.086745,-0.092624,0.0040585,0.049512,0.020952,0.00504,0.0057432
-0.2018,-0.27788,-0.32986,-0.31074,-0.26012,-0.19878,-0.074916,-0.10471,-0.17826,-0.17319,-0.16815,-0.16053,-0.072182,0.012854,0.0092924,0.010865,0.011035,-0.0094637,-0.021122,-0.074982,-0.16457,-0.097249,0.019559,-0.033216,-0.11768,-0.11335,-0.10476,-0.062635,-0.001404,0.048561,0.059772,0.0551,0.02388,0.27798,0.50992,0.44313,0.19891,0.024922,-0.0040964,-0.0068465,-0.026795,0.0089768,0.040255,-0.01972,-0.036012,-0.043977,-0.0055102,0.027257,0.0038016,0.044456,0.044319,0.023226,0.041263,0.055933,0.12113,0.1522,0.008016,0.058659,0.10862,-0.032241,-0.090121,-0.075916,-0.071396,0.016458,0.087195,0.10623,0.15262,0.20185,0.25514,0.16796,0.02786,0.093746,0.088197,0.071604,0.014926,-0.037763,0.034049,0.094926,0.12971,0.29488,0.43789,0.30663,0.048058,-0.062797,-0.024926,-0.03622,-0.11675,-0.17818,-0.19451,-0.14796,-0.062863,-0.021006,-0.026882,-0.03754,-0.01875,0.048028,0.077727,0.021582,-0.067306,-0.11087,0.16254,0.12457,-0.0059029,0.03399,0.214,0.23539,0.20417,0.13991,0.13757,0.1866,0.18071,0.14583,0.12748,0.13443,0.11893,0.091982,0.058393,0.092509,0.11206,0.071132,-0.011393,-0.037151,-0.014698,-0.035328,-0.15383,-0.25871,-0.24502,-0.22056,-0.21083,-0.16986,-0.13585,-0.13138,-0.095745,0.049903,0.12058,0.20454,0.22349,0.12457,0.16694,0.089556,0.060381,0.068609,0.071601,0.08829,0.089186,0.07909,-0.061179,-0.22887,-0.16235,0.03109,0.083756,0.018573,-0.0068996,-0.036724,-0.15945,-0.25565,-0.07723,0.22423,0.26008,0.17667,-0.012832,-0.18582,-0.12392,0.066433,0.14733,0.11342,0.14512,0.22782,0.22571,0.1345,0.085458,0.14331,0.073461,0.055082,0.010452,-0.011192,0.024329,0.043625,-0.090149,-0.23153,-0.20831,-0.14326,-0.12447,-0.16018,-0.15434,-0.094819,-0.022819,0.031076,0.020383,0.00022677,0.003206,-0.0013884,-0.040713,-0.089681,-0.10988,-0.087062,-0.043825,-0.044269,-0.081019,-0.088429
-0.51601,-0.46328,-0.35051,-0.46389,-0.38261,-0.17129,-0.036624,-0.089117,-0.14059,-0.11096,-0.091818,-0.10658,-0.061708,-0.0069289,-0.014394,-0.0082628,0.0081611,0.023618,0.01904,0.015,0.042948,0.071462,0.09467,0.067141,-0.023275,-0.034446,0.16701,0.3971,0.30866,-0.21362,-0.5999,-0.37102,0.052414,0.022842,-0.0029611,-0.071279,-0.05957,-0.023946,-0.041477,-0.097414,-0.16058,-0.16829,-0.10645,-0.075835,-0.030946,0.04957,0.082265,0.071504,0.10034,0.13219,0.069041,-0.0044864,0.013787,0.059128,0.098561,0.026349,-0.022769,-0.081845,0.11138,0.18633,0.19566,0.26615,0.25422,0.24071,0.18597,-0.058887,-0.23082,-0.1265,-0.12009,-0.17885,-0.16575,-0.14895,-0.016252,0.019111,0.012191,0.020499,0.073533,0.016625,-0.11811,-0.070235,0.093971,0.025586,-0.12268,-0.07268,0.039366,0.06849,0.061755,0.043165,0.029007,0.072645,0.12589,0.12573,0.1371,0.14689,0.1122,0.12908,0.15435,0.057322,-0.16742,-0.3135,-0.46208,-0.3473,0.23302,0.39312,0.2896,0.14761,0.037203,0.017244,0.055365,0.036203,-0.015549,-0.016332,0.039639,0.082741,0.071088,0.078284,0.093831,0.08218,0.087695,0.06116,0.044402,0.054069,0.032636,0.0049255,0.02819,0.058687,-0.027697,-0.14694,-0.078174,-0.0014145,-0.13749,-0.17453,-0.12224,-0.05135,-0.040865,-0.022158,-0.0071315,-0.010437,-0.10932,-0.17803,-0.19296,-0.20924,-0.12511,-0.053276,0.015061,0.045327,0.052102,0.039892,-0.010161,-0.019261,0.0066241,-0.015318,-0.035707,0.013389,0.050298,0.03361,-0.29803,-0.30921,-0.087596,0.054172,-0.026767,-0.039545,0.22082,0.31622,0.04705,-0.058757,-0.014278,-0.20412,-0.32832,-0.26572,-0.088705,0.012481,0.1379,0.032753,-0.062292,-0.036029,-0.00661,0.0037772,0.024063,0.0019859,-0.057946,-0.025461,0.050308,0.1224,0.13549,0.055725,0.0057622,-0.036937,-0.063742,-0.026094,0.011582,-0.0089225,0.0037832,-0.026159,0.14013,0.26048,0.18817,0.089328,-0.028016,-0.093963
-0.020042,-0.069456,-0.2055,-0.34945,-0.26668,-0.11468,-0.013264,-0.018206,-0.029002,-0.018482,0.0036058,0.03167,0.01921,-0.0017152,-0.0059425,0.0051254,-0.016614,-0.050634,-0.055418,-0.087934,-0.11776,-0.10355,-0.10663,-0.10108,-0.077481,-0.024229,0.019973,-0.017198,-0.08556,-0.093207,-0.047757,-0.05072,-0.088949,-0.090509,-0.013931,0.024838,-0.043931,-0.030287,-0.071663,-0.095495,-0.084177,0.011885,0.067483,-0.002574,0.056406,0.1187,0.084673,0.06348,0.041571,0.026919,-0.0028831,-0.010519,0.013398,0.051607,0.067205,0.0060517,-0.010578,-0.050774,0.029161,0.080303,0.026054,0.03224,0.073173,0.11103,0.20774,0.26713,0.2292,0.21547,0.21409,0.058636,-0.07704,-0.060495,-0.052765,-0.13439,-0.21853,-0.13825,-0.069012,-0.037476,-0.060161,-0.1282,-0.087505,0.11024,0.28207,0.29148,-0.080678,-0.24933,-0.2425,-0.05937,0.1085,0.09555,0.058602,0.019062,-0.021312,-0.046861,-0.042196,-0.046513,-0.07783,-0.14353,-0.23974,-0.28604,0.086706,0.12226,0.34877,0.30273,0.19503,0.10928,0.080304,0.074431,0.068933,0.081832,0.11826,0.14207,0.113,0.097351,0.123,0.15121,0.17241,0.14172,0.079085,0.067036,0.036395,-0.0051713,-0.021476,-0.012318,-0.002936,-0.019236,-0.035039,-0.019498,0.0069304,0.04175,-0.013681,-0.10711,-0.066872,-0.0082361,-0.079257,-0.18722,-0.13549,-0.19632,-0.11029,-0.11967,-0.03909,0.080484,0.095329,0.10403,0.02264,-0.08329,-0.080686,-0.058541,-0.051125,-0.041323,-0.02579,0.020063,0.074796,0.05921,0.050993,0.023262,-0.14994,-0.2139,-0.13644,-0.023674,0.061633,0.087571,0.05688,0.01716,0.071229,0.1382,0.028666,-0.023764,0.18982,0.20629,0.094643,0.11018,0.07361,0.060245,0.05427,0.073912,0.0038937,-0.048219,0.019694,0.063775,0.019195,-0.069765,-0.15137,-0.14908,0.29222,0.5999,0.23141,-0.097073,-0.19818,-0.23068,-0.23833,-0.24428,-0.23852,-0.17494,-0.14581,-0.20621,-0.28212,-0.31937,-0.31968,-0.30818
-0.4434,-0.58197,-0.38362,-0.2269,-0.22179,-0.11422,0.0038415,-0.076996,-0.19534,-0.21066,-0.21037,-0.18805,-0.07491,0.027829,0.01338,0.0060594,0.023207,0.027914,-0.085568,-0.2449,-0.31777,-0.30985,-0.23673,-0.081883,-0.00038492,-0.017981,0.023676,0.14254,0.27098,0.29371,0.1881,0.043646,-0.049523,-0.10682,-0.055496,-0.013227,-0.071395,-0.038294,-0.064378,0.011899,0.0053815,-0.10399,-0.1315,0.0081254,0.11165,0.08973,0.049882,0.024877,0.08092,0.17879,0.17779,0.13548,0.15179,0.11185,0.02449,0.060644,0.0067521,-0.25955,-0.26096,0.063886,0.1104,0.023922,0.058436,0.13041,0.1375,0.12573,0.065203,-0.021573,-0.0091035,0.047073,0.034186,0.034094,0.066128,0.044022,0.074097,0.076067,0.1491,0.26593,0.30231,0.26901,0.20924,0.13689,0.038342,-0.075726,-0.17612,-0.21163,-0.20855,-0.11642,-0.018432,-0.018442,-0.02104,-0.01428,0.0126,0.077379,0.12194,0.097615,0.016548,-0.12226,-0.29283,-0.37319,0.04581,-0.11205,0.093917,0.23957,0.3046,0.28003,0.25352,0.16263,0.16876,0.29433,0.32418,0.23664,0.086223,-0.043478,-0.051807,0.031918,0.11128,0.09909,0.074198,-0.0030539,-0.11781,-0.13748,-0.10088,-0.019742,0.015724,-0.0026501,-0.023849,-0.045576,-0.057273,0.0085102,0.0087665,-0.071727,-0.043344,0.0047126,-0.059998,-0.1526,-0.078718,-0.076542,0.045725,0.018412,-0.067385,-0.088236,-0.097167,-0.022909,0.021818,-0.050763,-0.10389,-0.10354,-0.12205,-0.069342,-0.062677,-0.11231,-0.075116,-0.040357,0.052617,0.079519,-0.045759,-0.26138,-0.16664,0.042795,0.1573,0.090908,0.10763,0.14226,0.075246,-0.039047,-0.14298,-0.24593,-0.31154,-0.23135,-0.094329,-0.016314,0.016418,0.016193,0.041084,-0.024234,-0.088292,-0.11367,-0.10767,-0.036675,0.050941,0.063811,0.0095041,0.040333,0.18282,0.25406,0.19131,0.10787,0.069969,0.041287,0.019781,0.021133,0.077835,0.16015,0.13038,0.0009592,-0.15048,-0.27925,-0.36006,-0.37956
0.11639,0.12664,0.097368,0.20405,0.29007,0.2091,0.068644,0.014297,-0.030084,-0.052102,-0.076961,-0.11821,-0.14599,-0.11706,-0.034643,-0.011736,-0.054996,-0.084465,-0.041914,0.070637,0.13451,0.12671,0.12475,0.06491,-0.073091,-0.1204,-0.014396,0.095427,0.10651,0.017739,-0.06926,-0.067677,-0.049955,-0.065184,-0.084079,-0.092605,-0.04714,-0.01958,-0.074508,-0.098008,-0.077799,-0.016831,-0.032156,-0.14008,-0.23591,-0.057898,0.056874,0.055541,0.064759,-0.032981,0.035548,-0.0008217,-0.25361,-0.29814,-0.16106,-0.13481,-0.15145,-0.12319,-0.19079,-0.1086,-0.025356,-0.045645,-0.052344,-0.0014306,0.079656,0.11065,0.13024,0.13752,0.060099,0.024273,0.086529,0.077631,-0.022287,-0.052787,0.01411,0.07656,0.12938,0.063741,-0.01969,-0.0061965,0.098078,0.14038,-0.011186,-0.15029,-0.11807,0.06641,0.22303,0.20011,0.14827,0.11815,0.1251,0.12842,0.15175,0.17588,0.10179,-0.0066619,-0.088935,-0.047728,0.096581,0.1495,-0.23406,-0.13207,0.1878,-0.060962,-0.20808,-0.20275,-0.17238,-0.13129,-0.06608,-0.034902,-0.014839,0.035121,0.017957,-0.057645,-0.14632,-0.24642,-0.28107,-0.22601,-0.11452,-0.044987,0.030306,0.073517,0.04512,0.012285,-0.039166,-0.070388,-0.06543,-0.0543,-0.034378,-0.028106,-0.01324,0.041414,0.096426,0.06658,0.025625,0.086933,0.0010728,-0.14187,-0.055251,-0.041762,0.13849,0.064546,-0.10177,-0.16435,-0.22949,-0.0418,0.18057,0.24313,-0.068493,-0.322,-0.23765,0.047603,0.32912,0.18455,-0.0088932,-0.014581,0.14537,-0.042782,-0.13815,-0.076905,0.040599,0.055525,0.053434,0.14218,0.26409,0.29677,0.15211,-0.0029051,0.086006,0.19973,0.16372,-0.026817,-0.16589,-0.14097,-0.072441,-0.044048,-0.01752,-0.022692,-0.0095477,0.029653,-0.036341,-0.076469,0.0060833,0.10212,0.045793,-0.060541,-0.12322,-0.1651,-0.14283,-0.020882,0.070667,0.050899,0.057475,0.019965,0.24318,0.33269,0.22998,0.24884,0.28935,0.29402
-0.10551,-0.18008,-0.12835,0.19922,0.1467,0.13928,0.16905,0.18288,0.041408,-0.11748,-0.17688,-0.16504,-0.052029,0.027318,-0.0078741,-0.02182,-0.0011195,0.022257,-0.033677,-0.16069,-0.26645,-0.33224,-0.33062,-0.18154,0.014737,0.077995,0.0037065,-0.066685,-0.074548,0.0041381,0.11612,0.11324,-0.016542,-0.12472,-0.17321,-0.14706,-0.10093,-0.20856,0.0046393,0.041667,-0.119,-0.13851,-0.076556,0.085533,0.12574,0.063634,0.014935,0.016,0.0071164,-0.012547,0.023922,0.054744,0.053623,0.032923,-0.084395,-0.2684,-0.258,-0.12781,-0.4982,-0.42811,0.018349,0.17657,0.15962,0.092745,0.11731,0.22435,0.1551,0.0083786,0.011521,0.07447,0.071031,0.078741,0.047388,-0.075408,-0.063351,-0.020607,0.1026,-0.22797,-0.42267,-0.15912,0.21463,0.26649,0.22824,0.14202,0.061108,0.010604,-0.025025,-0.052773,-0.057246,-0.045585,-0.031988,-0.010925,0.039254,0.12975,0.21798,0.1104,-0.09693,-0.14249,-0.021513,0.069383,0.29319,0.29068,0.2137,-0.097678,-0.047833,-0.03843,-0.049345,-0.052418,-0.064037,-0.02048,0.056462,-0.0062374,-0.090743,-0.11178,-0.081939,0.0023876,0.089208,0.10669,0.069935,0.02716,-0.054698,-0.13148,-0.1373,-0.077724,-0.095705,-0.16396,-0.19478,-0.20326,-0.18348,-0.1422,-0.054198,0.0029545,-0.023786,-0.034328,0.036981,-0.022912,-0.12737,0.029455,-0.067017,-0.29179,-0.3408,-0.25795,-0.18674,-0.1455,-0.12116,0.037576,0.16854,0.12756,-0.0057569,-0.039465,0.041407,0.12866,0.13102,0.13745,0.20151,0.35319,0.62459,-0.055968,-0.41521,-0.45088,-0.23571,0.016599,0.0097723,-0.13399,-0.14613,-0.057159,-0.094868,-0.23146,-0.34135,-0.25197,-0.040756,0.10016,0.08891,0.042833,0.047443,0.11784,0.19146,0.46389,0.48593,0.17745,0.02554,0.044804,0.059834,0.078327,0.10113,0.15658,0.24607,0.29002,0.27734,0.19293,0.060607,0.012205,0.092441,0.18726,0.19887,0.16828,0.052165,-0.011987,0.063278,0.10102
0.09422,-0.017424,0.01615,0.29006,0.22705,-0.032143,-0.0864,-0.0049443,0.059866,0.11769,0.14276,0.10107,0.063372,0.047727,0.021981,0.020809,0.027543,0.021633,0.03238,0.051182,-0.003353,-0.096307,-0.16014,-0.16458,-0.093366,-0.03018,-0.020659,0.018047,0.095274,0.13745,0.060949,-0.025227,-0.03128,-0.019924,-0.082758,-0.065741,-0.023004,0.025761,0.073162,0.056527,0.068274,0.091473,0.06061,-0.012869,-0.10826,-0.174,-0.1867,-0.19013,-0.16381,-0.063154,-0.0090669,0.015793,0.0035645,0.015344,0.11605,0.10798,0.064933,0.14547,0.12094,-0.0087715,-0.084069,-0.085452,-0.08972,-0.046298,0.059582,0.10874,0.13079,0.096971,0.069983,0.12322,0.15581,0.19637,0.08436,-0.033487,0.013747,0.028164,0.0017845,0.026157,0.089526,0.10671,0.1152,0.13624,0.087461,0.0076527,-0.073259,-0.14417,-0.18136,-0.21263,-0.22065,-0.10854,0.010837,0.018298,0.03953,0.074018,0.0085437,-0.050564,-0.013924,0.04275,0.18889,0.30637,0.15053,0.13066,-0.17753,-0.25365,-0.18393,-0.058443,0.027858,-0.061524,-0.15694,-0.22388,-0.29553,-0.30055,-0.16205,0.017753,0.069475,0.083004,0.069796,0.11219,0.13549,0.066192,0.01079,-0.018155,-0.058417,-0.069261,-0.075873,-0.093207,-0.084682,-0.062611,-0.052611,-0.051846,-0.017462,0.02744,-0.015582,-0.055073,0.015618,0.050679,0.058141,0.039479,-0.050224,-0.038254,0.030078,0.074249,0.075479,-0.023322,-0.14029,-0.19604,-0.18216,-0.063263,0.12645,0.065257,-0.070314,-0.074762,-0.058552,-0.084888,-0.11865,-0.080479,0.028819,0.14245,0.025145,-0.071342,-0.039518,0.023057,0.017844,0.067444,0.20399,0.26897,0.12743,-0.13163,-0.28333,-0.2376,-0.055155,0.039669,-0.059438,-0.088002,-0.046576,-0.01809,0.024408,0.030105,0.019586,0.056631,0.10337,0.11935,0.092152,0.079522,0.078575,0.083857,0.12602,0.15826,0.14965,0.066554,-0.0072604,0.00023485,0.052607,0.088842,0.15901,0.1756,0.12551,0.15838,0.20434,0.19915
0.22661,0.095091,0.095507,0.17635,0.16396,0.1016,0.04526,-0.010207,-0.013414,0.0016198,-0.028011,-0.058655,-0.037932,0.020906,0.033471,-0.0024785,-0.027473,-0.037501,-0.044962,-0.094106,-0.1432,-0.13232,-0.10859,-0.044532,0.016138,0.0056163,-0.044393,0.0028199,0.12493,0.14145,0.018635,-0.085423,-0.22384,-0.20026,-0.14108,-0.11445,-0.061356,-0.10289,-0.081153,-0.096102,-0.011589,0.053368,0.023937,-0.050534,0.02728,0.072223,0.028078,0.025363,0.0052863,-0.088887,-0.16866,-0.12923,-0.054757,-0.023347,0.035266,0.064597,0.062452,-0.026054,-0.027849,0.071429,0.046358,-0.00099429,-0.018145,0.021272,0.089183,0.11099,0.0036892,-0.06309,0.021434,0.056933,0.066538,0.034876,0.023853,0.083902,0.066972,0.075448,0.11292,0.16542,0.19699,0.14339,0.064687,-0.015507,-0.0535,-0.0066515,0.061754,0.047571,-0.0058085,-0.030603,-0.027405,-0.013732,-0.0078224,-0.056689,-0.09917,-0.09971,-0.053501,-0.012297,-0.091459,-0.072435,0.11686,0.22258,0.061362,0.05065,-0.29173,-0.28132,-0.21634,-0.18006,-0.15029,-0.097282,-0.073187,-0.086781,-0.080305,-0.074835,-0.09846,-0.13922,-0.16615,-0.15354,-0.098149,-0.055079,-0.057084,0.0069597,0.023717,-0.014596,-0.02,0.0038169,0.0092917,-0.011086,0.0020392,0.024197,0.025862,-0.068593,-0.16132,-0.1361,-0.1145,-0.10816,-0.097294,-0.090924,-0.097883,-0.044789,-0.088087,0.046581,0.026216,-0.0333,-0.032689,-0.047819,0.04959,0.15179,0.16843,0.1157,0.0098251,-0.11459,-0.21154,-0.25437,-0.16024,-0.026453,-0.017006,0.045379,0.059574,-0.11167,-0.087948,0.022621,0.056837,0.00026602,-0.0002193,0.074019,0.14529,0.10818,-0.064014,-0.3395,-0.54511,-0.51886,-0.33452,-0.1649,-0.049197,0.022088,0.052936,0.069131,0.06989,0.055326,0.072033,0.098447,0.14186,0.21983,0.25421,0.21794,0.13873,0.15463,0.23615,0.22083,0.14646,0.06183,-0.018574,-0.062339,-0.023323,0.17212,0.28716,0.23142,0.17648,0.23015,0.28321,0.29097
0.28294,0.18307,0.063868,0.315,0.18194,-0.0025504,-0.0082206,0.04409,0.059524,0.049579,0.042611,0.030756,-0.012931,-0.019743,-0.0025303,-0.010507,-0.0059168,0.007195,0.016612,-0.015565,-0.059499,-0.044337,-0.046112,-0.10297,-0.14419,-0.11988,-0.089658,-0.068812,-0.017379,0.044704,0.07274,0.015085,-0.081261,-0.13805,-0.069756,-0.029416,0.0081453,0.051811,0.01879,-0.022869,-0.0089851,0.032749,0.028642,0.064822,0.049285,-0.033688,-0.03025,0.0029659,-0.019727,-0.090943,-0.13248,-0.10464,-0.075548,-0.043086,-0.073145,-0.10497,0.0053962,0.0028695,-0.12645,-0.072846,0.022483,0.012034,-0.017531,-0.022419,0.0040561,0.027393,0.034941,0.055888,0.065182,0.0093521,-0.029267,-0.00053472,-0.089284,-0.12569,-0.10255,0.014498,0.2448,0.37499,0.3379,0.19651,-0.0075464,-0.13728,-0.15748,-0.13511,-0.075633,0.039355,0.10751,0.073699,0.049903,0.032945,0.026111,0.032351,0.03201,0.032389,-0.0076635,-0.0085336,-0.077007,-0.10061,0.26342,0.53842,0.21729,0.27823,0.094808,-0.18897,-0.18704,-0.14519,-0.13406,-0.14712,-0.14423,-0.1451,-0.10057,-0.038338,-0.031919,-0.014079,0.0096614,0.0095015,0.027056,0.036022,0.014797,-0.010328,-0.066899,-0.10968,-0.072012,-0.049098,-0.067028,-0.069784,-0.05355,-0.073789,-0.11059,-0.067379,-0.054026,-0.083344,-0.05637,-0.00071824,-0.021022,-0.053628,-0.067249,-0.10058,-0.1489,-0.13821,-0.03669,0.0023872,0.039504,0.018853,0.0028538,0.035285,0.088347,0.080368,0.0038917,-0.084046,-0.13261,-0.047335,0.078946,0.036296,0.091219,0.18027,0.11939,-0.092358,-0.15094,-0.11938,0.011016,0.074489,0.05236,0.060633,0.053908,0.010493,-0.024269,0.038493,0.21203,0.23203,0.15752,0.10517,-0.0048521,0.019364,-0.015892,-0.082866,-0.10709,-0.13867,-0.10922,0.0099662,0.068384,0.071103,0.093993,0.081585,5.8077e-05,-0.037039,-0.006315,-0.023817,-0.030785,-0.027879,-0.0081038,-0.0063046,-0.042197,-0.067141,0.17138,0.32229,0.23532,0.20127,0.26936,0.26137
-0.15588,-0.10815,0.1026,0.13989,0.13209,0.14302,0.17057,0.13962,0.027511,-0.10007,-0.17548,-0.18776,-0.18404,-0.18731,-0.14587,-0.11272,-0.12195,-0.091701,-0.043578,-0.048762,-0.09472,-0.1176,-0.15414,-0.22099,-0.20621,-0.03218,0.11552,0.10039,0.011557,0.01618,0.11184,0.14464,0.070397,-0.020118,-0.035654,-0.037045,-0.095479,-0.055896,-0.081736,-0.022037,-0.013577,-0.036795,-0.024065,0.068684,0.06503,0.12553,0.20179,0.19699,0.092876,-0.045603,-0.039587,-0.044048,7.9521e-05,0.035992,0.080622,0.028535,-0.094347,-0.0036789,-0.078269,-0.13001,0.059056,0.1555,0.1447,0.068641,-4.9542e-05,0.031792,-0.076725,-0.17324,-0.074098,-0.026329,0.012017,0.020498,0.065934,0.07093,0.016542,0.032347,0.10176,0.2189,0.22717,0.16763,0.078103,-0.031754,-0.077315,-0.028686,0.046081,0.071026,0.054009,0.030192,0.023634,0.036225,0.041748,0.04236,0.051348,-0.048541,-0.12691,-0.14922,-0.19119,-0.087802,0.18608,0.35606,-0.48426,-0.46106,-0.10405,-0.21498,-0.35142,-0.28477,-0.24366,-0.2286,-0.13182,0.054948,0.23053,0.27164,0.19026,0.063062,-0.020017,-0.05701,-0.037177,0.04168,0.080499,0.020136,-0.030342,-0.034719,-0.062285,-0.093818,-0.092448,-0.073623,-0.069435,-0.038081,0.0026892,-0.10853,-0.21466,-0.15457,-0.12615,-0.081628,-0.11002,-0.14144,-0.078693,-0.11611,-0.020486,-0.13172,-0.1868,-0.11483,-0.07293,0.015867,0.09021,0.16214,0.22577,0.23228,0.17478,0.04595,-0.034848,-0.083795,-0.024514,0.067097,-0.071699,-0.19189,0.025641,0.29097,-0.049143,-0.26216,-0.11452,0.030006,0.034979,0.0073915,-0.026795,-0.064703,-0.13006,-0.28727,-0.45268,-0.39705,-0.17251,-0.0085021,0.085904,0.080816,0.055368,0.073373,0.083393,0.065713,0.0071893,0.017491,0.12594,0.22489,0.26698,0.2319,0.15998,0.11099,0.087252,0.060105,0.020242,-0.008368,-0.0096209,0.00057426,0.022626,0.30089,0.42091,0.29607,0.17925,0.21192,0.28182,0.28808
-0.14325,-0.22202,-0.21465,-0.29345,-0.33535,-0.25113,-0.11938,-0.071337,-0.055559,-0.0057581,0.019344,0.041433,0.056334,0.043034,0.025856,0.039911,0.069456,-0.091439,-0.29959,-0.32876,-0.23794,-0.072983,0.067182,0.039905,-0.13407,-0.29997,-0.40452,-0.44334,-0.38695,-0.19592,0.073522,0.21862,0.18087,0.096625,0.03881,-0.031559,-0.065758,-0.063316,-0.11353,-0.13064,-0.11884,-0.078378,-0.018508,0.054796,0.081545,0.062059,0.045724,0.026012,-0.011285,-0.075105,-0.087395,0.068697,0.15799,0.0086295,-0.21779,-0.21899,-0.075611,-0.354,-0.39656,-0.10459,0.11975,0.03913,0.031815,0.087386,0.15166,0.15779,0.24476,0.30218,0.27975,0.18468,0.044692,0.087579,0.032893,-0.041691,-0.014869,-0.079019,-0.050172,0.056029,0.098864,0.055593,0.021089,0.052267,0.089595,0.068613,0.038883,0.016089,-0.041547,-0.058603,-0.03767,-0.038292,-0.041262,-0.040204,-0.04354,-0.049481,-0.031316,0.0075595,0.023659,-0.022434,-0.14076,-0.20959,0.013519,0.015323,0.26077,0.36918,0.43352,0.40379,0.3684,0.31629,0.28736,0.25914,0.20265,0.12488,0.0095057,-0.057691,0.01025,0.13852,0.20201,0.11606,-0.045006,-0.093784,-0.047777,0.0029277,-0.020558,-0.094089,-0.18138,-0.25398,-0.24479,-0.2175,-0.20303,-0.15665,-0.078096,-0.034528,-0.00784,0.030368,0.00026833,-0.014297,-0.012148,-0.037438,0.041759,0.0074005,0.15397,-0.13946,-0.36548,-0.30324,-0.20978,-0.13496,-0.070039,-0.046449,-0.052774,-0.093688,-0.1122,0.013479,0.18611,0.38499,0.45826,0.49078,0.41351,-0.57906,-0.70388,-0.38165,0.096099,0.059058,0.13251,0.28877,0.37319,0.36354,0.41103,0.47776,0.51814,0.33596,-0.0001676,0.0050262,-0.069995,-0.06695,-0.013181,-0.070436,-0.12218,-0.1317,-0.12296,-0.1028,-0.084805,-0.073001,-0.096154,-0.11313,-0.083372,-0.045248,-0.0075322,0.056207,0.075952,0.055544,0.04684,0.03467,-0.0030595,-0.046541,-0.072113,-0.090805,-0.1249,-0.16257,-0.20456,-0.22074
0.027241,-0.0036971,0.082153,-0.16319,-0.29872,-0.21468,-0.052559,0.066007,0.12388,0.1116,-0.025671,-0.14004,-0.18169,-0.099173,0.0052342,-0.009552,-0.017266,-0.024499,-0.028978,-0.067052,-0.11628,-0.10774,-0.067084,-0.039815,-0.0040937,0.053847,0.080162,0.090905,0.15203,0.3063,0.39923,0.30588,0.17599,0.13365,0.1159,0.11148,0.088953,0.085154,0.092179,0.067923,0.06057,0.016781,-0.0062375,-0.022592,-0.088864,-0.14444,-0.1199,-0.081194,-0.0023642,0.068563,0.050864,0.035097,0.010498,0.0040694,0.088311,0.078529,-0.061944,-0.0030869,0.050785,-0.11271,-0.35681,-0.39335,-0.21633,-0.035898,0.031175,0.054128,-0.070464,-0.1727,-0.080692,-0.037144,0.0016971,0.083657,0.12744,0.13907,0.16428,0.2008,0.32569,0.45171,0.46808,0.3794,0.24028,0.051275,-0.083872,-0.10903,-0.083591,-0.063939,-0.02574,-0.0063634,0.0098082,0.030021,0.0069759,0.010352,0.048448,0.092428,0.10106,0.096926,0.077464,0.13125,0.28558,0.35159,-0.39925,-0.38226,-0.054214,-0.044826,-0.1172,-0.1151,-0.15591,-0.18885,-0.22302,-0.22997,-0.14575,-0.048236,-0.038706,-0.054867,-0.029663,-0.011958,0.0037521,-0.0090281,-0.037063,0.05184,0.081698,0.036793,0.071458,0.10134,0.11676,0.12611,0.1263,0.063005,-0.019156,0.019045,0.12109,0.076363,-0.032263,-0.0036903,0.039471,0.027525,0.012244,0.028453,-0.010112,0.02431,-0.034279,-0.1248,-0.11649,-0.078629,-0.082805,-0.13545,-0.13773,-0.0078737,0.15998,0.19252,0.19697,0.30718,0.27248,-0.059488,-0.35917,-0.34226,-0.1433,0.079519,0.15178,0.052766,-0.16543,-0.227,-0.10688,0.040746,0.11263,0.07396,-0.04958,-0.27629,-0.46134,-0.4196,-0.19585,-0.075827,-0.078637,-0.057969,-0.047783,-0.079385,-0.11827,-0.1558,-0.15104,-0.066245,0.047943,0.059174,0.040491,0.057786,0.013955,-0.058003,-0.092394,-0.10276,-0.099696,-0.068762,-0.0012449,0.10884,0.19117,0.19369,0.16677,0.11472,0.20382,0.3268,0.3168,0.29592
-0.69271,-0.45533,-0.085181,-0.1763,-0.16537,-0.085055,-0.032227,-0.016372,0.0075035,0.011169,0.0075093,0.0079815,-0.018982,-0.067753,-0.092266,-0.0928,-0.073473,-0.049219,-0.041026,-0.091556,-0.1648,-0.19295,-0.21334,-0.24904,-0.31971,-0.35689,-0.27073,-0.11838,0.0078357,0.10872,0.1888,0.24189,0.26107,0.24622,0.21672,0.1725,0.12173,0.1004,0.094887,0.073638,0.065982,0.048628,0.0090789,0.045734,0.11277,0.080817,0.038057,0.017184,0.018282,0.027847,0.0060468,-0.0037981,-0.013566,0.04953,0.25949,0.26833,0.070178,0.18102,0.31829,0.2048,0.13817,0.1555,0.12227,0.041029,-0.061883,-0.020438,0.027767,-0.020422,-0.017021,0.024012,-0.0084046,-0.061828,-0.024269,-0.017052,0.0026646,0.047342,0.14302,0.21374,0.18219,0.10025,0.076965,0.051416,-0.075039,-0.16173,-0.14147,-0.08107,-0.054512,-0.03561,-0.0042077,-0.011528,-0.018014,-0.014239,-0.011038,-0.053635,-0.072897,0.002244,0.082551,0.061143,-0.075916,-0.1579,0.52629,0.30089,0.039904,0.25863,0.25779,0.26271,0.13006,0.02794,0.047058,0.058668,0.039092,0.0026734,-0.012637,0.0098517,0.049598,0.083093,0.11761,0.12179,0.08174,0.080911,0.046785,-0.012008,-0.065006,-0.11288,-0.12193,-0.1126,-0.075689,-0.087335,-0.12554,-0.08309,-0.047464,-0.047569,-0.03019,-0.010364,0.024696,-0.00090171,-0.025246,0.0099988,0.007074,0.073559,0.085083,0.058366,0.045547,0.05061,0.13144,0.07345,-0.09369,-0.12408,-0.01492,0.048619,0.019091,-0.044717,-0.11177,-0.25182,-0.45118,-0.47801,-0.13525,0.36739,0.48904,0.38725,0.22577,0.10988,0.03405,-0.12779,-0.29465,-0.33569,-0.24492,-0.17211,-0.24874,-0.21692,-0.17728,-0.17356,-0.10445,-0.10872,-0.10643,-0.083945,-0.076089,-0.078136,-0.030383,0.01761,-0.024587,-0.031319,0.053345,0.12326,0.096625,0.067137,0.07303,0.061061,0.058507,0.069214,0.083896,0.070341,0.025843,-0.00062839,-0.01696,-0.0066778,0.001634,-0.033318,-0.096824,-0.12333
-0.28913,-0.20778,-0.031442,-0.094795,-0.09238,-0.088163,-0.067997,0.0042408,0.076742,0.035653,-0.07119,-0.13516,-0.17994,-0.20566,-0.11444,-0.010093,-0.01429,-0.010991,0.0090518,0.0011977,-0.057577,-0.071767,-0.069019,-0.12747,-0.16824,0.038531,0.25859,0.16399,-0.093389,-0.4499,-0.6033,-0.48308,-0.28342,-0.07971,0.01235,0.0086224,0.066926,0.12108,0.11471,0.13459,0.086946,0.052197,0.043273,-0.0021261,-0.077577,0.080848,0.20525,0.20023,0.17131,0.030829,-0.066528,-0.06147,-0.0016728,-0.011943,-0.044533,-0.019531,-0.0046193,-0.1458,-0.13394,0.00056917,0.0041248,-0.0427,-0.056785,-0.056013,-0.018976,0.035805,-0.026735,-0.070252,0.027546,0.089518,0.020669,-0.0018438,-0.013046,-0.10199,-0.04965,0.064532,0.28526,0.50338,0.39611,0.055214,-0.1061,-0.15082,-0.14623,-0.070096,0.0093832,0.053966,0.084407,0.090604,0.075401,0.049649,0.010714,0.0076471,0.04402,0.061014,0.080897,0.041498,-0.043375,-0.11727,-0.2333,-0.29911,-0.57835,-0.44011,0.045085,0.20042,0.22454,0.20299,0.19189,0.18241,0.15049,0.01678,-0.042113,0.056146,0.11492,0.11156,0.084199,0.040792,-0.0028677,-0.01886,-0.02,-0.002489,0.00325,-0.0022672,-0.017896,-0.044838,-0.067406,-0.086433,-0.12093,-0.060456,0.0052767,0.035703,0.061502,0.17927,0.19883,0.056599,0.012286,0.07309,0.095729,0.067893,0.09179,-0.04342,-0.15213,-0.12407,-0.10078,-0.07643,-0.049678,0.10158,0.21628,0.19285,-0.054114,-0.27094,-0.37319,-0.29245,-0.015604,0.10974,0.14257,0.15235,0.076787,-0.1954,-0.15644,-0.033456,0.060624,0.071505,0.028602,-0.0032153,0.010386,0.020774,-0.065506,-0.28436,-0.44458,-0.36159,-0.15266,0.048994,0.033006,-0.011025,0.017349,-0.16751,-0.33445,-0.3532,-0.26092,0.037187,0.27185,0.32671,0.33913,0.2888,0.20192,0.091971,-0.029847,-0.11813,-0.15148,-0.14665,-0.10346,0.0023785,0.079185,0.052461,-2.735e-05,-0.020718,-0.075196,-0.1406,-0.17566,-0.18656
-0.3616,-0.30408,-0.18833,-0.32412,-0.32157,-0.21817,-0.078769,-0.10209,-0.14117,-0.078482,-0.06801,-0.03923,-0.0016621,-0.019674,-0.016505,-0.016733,-0.028716,-0.026924,-0.015998,-0.052746,-0.12106,-0.15805,-0.14402,-0.078679,-0.04194,-0.00019148,0.097195,0.18221,-0.21156,-0.79817,-0.81558,-0.54305,-0.34424,-0.19011,-0.036745,0.01868,0.094622,0.10402,0.10717,0.06601,0.046299,0.057506,0.057021,0.10805,0.082897,0.12358,0.188,0.18822,0.12076,-0.0013353,-0.12376,-0.15695,-0.028241,0.022143,0.038053,0.13569,0.18007,0.21187,0.17099,0.034802,0.068033,0.1032,0.033157,0.030485,0.075302,0.10414,0.057085,-0.024362,-0.0065269,0.045613,0.047627,0.054752,0.11606,0.10849,0.07389,0.047648,0.040222,-0.050839,-0.15712,-0.20844,-0.23416,-0.21022,-0.12715,-0.0030325,0.098474,0.13013,0.11288,0.085419,0.093996,0.10439,0.087105,0.049902,0.030468,0.037121,0.052981,0.013869,-0.047006,-0.0997,-0.20483,-0.25397,-0.53876,-0.43511,0.13745,0.28878,0.25867,0.2405,0.19331,0.095663,0.01325,-0.052273,-0.089217,0.045579,0.22596,0.24713,0.20965,0.1262,0.041154,0.013843,-0.0021347,-0.083337,-0.19597,-0.25565,-0.25785,-0.13453,-0.04383,-0.062406,-0.079056,-0.082433,-0.017247,-0.15467,-0.13906,0.094887,0.25528,0.12835,-0.099092,-0.034174,0.0016804,-0.0051573,-0.069755,-0.048909,-0.012639,0.029927,0.080074,0.12699,0.15998,0.2183,0.25991,0.1106,-0.12529,-0.21092,-0.24534,-0.25059,-0.13152,0.035023,0.087819,0.032418,-0.048111,0.018416,-0.011379,-0.0562,-0.047287,-0.13388,-0.23989,-0.20313,-0.17014,-0.22122,-0.25648,-0.27132,-0.33075,-0.26971,-0.15561,-0.096158,-0.036474,-0.056089,-0.060696,-0.027477,0.028952,0.14625,0.30286,0.40988,0.43851,0.39177,0.30141,0.20041,0.09003,0.00083565,-0.039039,-0.072491,-0.061156,-0.019082,-0.024216,0.0065666,0.032145,7.1762e-05,-0.044098,0.044149,0.088329,0.033823,-0.0062455,-0.01245
-0.23656,-0.20466,-0.089971,-0.11389,-0.074948,-0.048211,-0.029337,-0.00881,0.020743,-0.084607,-0.19898,-0.20009,-0.20121,-0.10359,0.012776,0.012887,0.028544,0.060926,0.086765,0.070078,-0.031278,-0.12494,-0.14269,-0.16785,-0.25279,-0.32705,-0.27423,-0.14472,-0.13485,-0.1881,-0.1081,0.05641,0.14881,0.076474,0.036918,0.011564,0.0089556,0.060428,0.073758,0.03263,0.0011155,0.051005,0.052396,-0.030112,0.031688,0.068753,0.019986,0.0055217,-0.078044,-0.15375,-0.12757,-0.044501,0.031694,0.11672,0.21519,0.19023,0.11532,-0.051818,-0.32733,-0.22874,0.044577,0.056521,-0.030291,-0.088269,-0.0055205,0.10988,0.14578,0.21201,0.14112,-0.0050717,0.015371,0.036526,0.085155,0.035359,-0.071045,-0.077613,0.075392,0.26339,0.33141,0.2136,0.12525,0.10963,0.038313,-0.018991,0.027895,0.07617,0.050442,0.01139,-0.015183,-0.022657,-0.0086931,0.0082488,0.013864,0.033316,0.074475,0.057797,-0.026137,-0.12784,-0.27085,-0.34496,-0.28635,-0.23756,0.11427,0.15522,0.099384,0.097812,0.13775,0.17923,0.20132,0.20323,0.21167,0.20818,0.14921,0.068807,0.018765,0.014131,0.048843,0.075696,0.12283,0.09175,0.03841,0.028679,0.0063775,-0.02816,-0.06743,-0.071942,-0.041604,-0.011255,-2.1553e-05,0.026995,0.10049,0.034379,-0.088563,-0.044868,-0.01591,0.013407,0.064678,0.049313,0.081675,0.077476,0.14205,0.16953,0.10513,0.099293,0.16261,0.21009,0.15524,-0.009296,-0.26196,-0.34331,-0.23928,-0.097319,0.00049492,0.011831,-0.0092756,0.024083,0.0099053,-0.16243,-0.31297,-0.36671,-0.2072,-0.0052079,0.047522,-0.056818,0.078726,0.32817,0.28922,0.059986,-0.14289,-0.18603,-0.064116,-0.00537,0.023724,-0.049286,-0.083877,-0.049398,-0.058801,-0.10883,-0.11077,-0.10221,-0.099217,-0.067609,-0.040898,-0.026035,0.017861,0.064848,0.051227,0.062458,0.088572,0.088335,0.013975,-0.056497,-0.046901,-0.0036641,0.012366,0.00087434,-0.075024,-0.16589,-0.22238,-0.23926
-0.16793,-0.074123,0.23224,0.18308,0.14639,0.028772,-0.04408,-0.020093,0.022087,0.06334,0.045449,-0.0053941,0.016837,0.043494,0.026719,0.040838,0.050021,-0.065427,-0.20106,-0.26163,-0.31969,-0.31027,-0.24369,-0.19779,-0.10209,0.058677,0.053852,-0.052669,-0.080136,0.0052952,0.14905,0.20261,0.13679,0.051711,0.043625,0.070224,0.058829,0.060204,0.020633,0.041758,-0.01566,-0.12597,-0.17713,-0.037757,0.034916,0.030303,0.046346,0.029377,0.031578,0.0066567,-0.05228,-0.030131,0.031016,0.032601,0.11654,0.16393,0.021245,0.12799,0.22839,0.11954,0.10401,0.15866,0.14628,0.053398,-0.073925,-0.065397,-0.032769,-0.068589,-0.063761,-0.017207,-0.0099211,0.050404,0.10587,0.10444,0.08519,0.021861,-0.048207,-0.037517,0.0038133,-0.023305,-0.086089,-0.11286,-0.041638,0.074197,0.14205,0.13537,0.074768,0.0073396,-0.021997,-0.020749,-0.012726,0.00011265,-0.10641,-0.21159,-0.18785,-0.12255,-0.040084,0.026161,-0.021349,-0.085135,-1.0942,-0.83395,-0.27363,-0.01888,0.085797,-0.05504,-0.18285,-0.17949,-0.17418,-0.20039,-0.22431,-0.21053,-0.11736,0.048863,0.14246,0.1849,0.15704,0.17971,0.16111,0.054642,-0.0014596,0.014785,-0.01623,-0.062396,-0.058453,-0.072362,-0.057589,-0.0092105,0.013944,0.055492,0.022228,-0.055126,-0.027923,0.010719,0.028564,0.035583,0.093666,0.033234,0.020521,-0.021336,-0.13394,-0.14248,-0.15274,-0.059727,0.056766,0.032038,-0.043436,-0.047944,0.023509,0.013841,-0.071401,-0.070923,0.018751,-0.046837,-0.21832,-0.28413,-0.062999,0.28632,0.33658,0.23254,0.13398,0.15128,0.12412,-0.1086,-0.31379,-0.4,-0.36976,-0.31674,-0.36577,-0.31653,-0.1627,-0.024144,-0.040884,-0.077064,-0.041122,-0.010146,0.050653,0.080777,0.093357,0.16311,0.25458,0.29052,0.24291,0.15336,0.060922,0.018384,0.054256,0.13432,0.20095,0.21958,0.20197,0.14271,0.11463,0.075381,0.040267,0.051436,0.093624,0.13232,0.11181,0.093929
-0.31218,-0.21861,-0.09262,-0.25247,-0.29202,-0.2164,-0.099286,-0.1659,-0.24124,-0.20474,-0.19503,-0.19478,-0.22966,-0.26415,-0.25788,-0.10667,0.078172,0.0641,0.058696,0.040395,0.00073914,-0.00080724,-0.018829,-0.090757,-0.19025,-0.25637,-0.26825,-0.31662,-0.35936,-0.28414,-0.15787,-0.084862,-0.033952,0.0081137,-0.0061735,0.021761,0.0044075,0.0097162,0.018977,0.058727,0.065331,0.032466,0.0065832,0.041568,0.077818,0.057615,0.035217,0.017682,0.024812,0.038927,0.058872,0.11094,0.08244,-0.10905,-0.19213,-0.069165,0.091198,0.094303,0.052828,0.042283,-0.016824,0.041227,0.061677,0.063801,0.1241,0.12719,0.15664,0.20195,0.25403,0.12777,-0.080876,-0.037906,0.0036914,0.077638,0.080792,0.096436,0.1396,0.25724,0.39039,0.41089,0.36502,0.29428,0.17722,-0.0063189,-0.10582,-0.10991,-0.076351,-0.025913,-0.011602,-0.024781,-0.030853,-0.026168,-0.024994,-0.081595,-0.12479,-0.074587,-0.023496,-0.077874,-0.22752,-0.30618,-0.82091,-0.5613,0.061153,0.29909,0.38596,0.38141,0.36462,0.27981,0.23205,0.24367,0.24953,0.26648,0.23979,0.12184,-0.052471,-0.12264,-0.053452,-0.073702,-0.050705,-0.083878,-0.19109,-0.24007,-0.11443,-0.018086,-0.045237,-0.053079,-0.041903,-0.025244,-0.025806,-0.0044532,0.070783,0.089223,0.0031134,-0.044413,0.012836,-0.005029,-0.0052495,-0.0068442,0.017471,-0.01972,-0.083604,-0.052565,-0.055988,-0.055871,-0.12179,-0.22609,-0.23496,-0.17229,-0.15944,-0.15655,-0.11771,-0.061855,0.10845,0.31182,0.27847,0.21551,0.080756,-0.071654,-0.11456,-0.21722,-0.37377,-0.24911,0.050064,0.27511,0.34029,0.29733,0.29224,0.28781,0.21819,0.056856,-0.042712,-0.021371,-0.048204,0.012009,0.03876,0.058109,0.010073,-0.080673,-0.11308,-0.064419,0.016426,-0.037671,-0.096596,-0.011783,0.03899,-0.0064642,-0.025676,0.0096634,0.049558,0.077992,0.091019,0.069289,0.015727,-0.040883,-0.092717,-0.088162,-0.073097,-0.11384,-0.17789,-0.19865
