0.092864,0.15413,0.17381,0.04796,-0.030626,0.0055259,0.12065,0.16167,0.075758,0.031542,0.080566,0.1382,0.18128,0.19846,0.17279,0.11934,0.038748,0.043378,0.10448,0.10624,0.10231,0.072545,0.027096,-0.062967,-0.21642,-0.29056,-0.18962,-0.0001813,0.093413,0.046944,0.001203,0.044708,0.046654,-0.10649,-0.15004,-0.017595,-0.01424,-0.083594,-0.033535,0.024022,0.01548,0.038134,0.083581,0.057461,0.023786,0.025455,0.052862,0.0067521,-0.17762,-0.20195,-0.08875,-0.059425,-0.010936,-0.073255,-0.15639,-0.068129,0.055551,0.13147,0.13118,0.09987,0.031929,-0.021002,0.001895,0.013363,0.0080922,-0.11645,-0.23167,-0.23374,-0.094011,0.038679,0.05118,0.04232,-0.0065658,-0.074145,-0.091065,-0.029338,0.00794,0.069692,0.062186,-0.0087301,-0.089016,-0.085928,0.059001,0.13261,0.053431,-0.011312,0.017782,0.046381,0.0040645,-0.064554,-0.075063,-0.048517,-0.046921,-0.032892,-0.026328,-0.007923,0.090543,0.11911,0.061842,0.045146,-0.019013,0.0037885,0.019367,0.091412,0.13382,0.043677,-0.1724,-0.15184,-0.045468,-0.026313,-0.080644,-0.06791,-0.068823,-0.097014,-0.051846,0.031672,0.038258,0.034976,0.031418,-0.020138,-0.035712,-0.084646,-0.014074,0.048714,-0.044751,-0.12331,-0.070114,0.0040357,0.022346,0.0069645,-0.0036158,-0.011051,-0.019262,-0.02993,-0.0047754,0.081929,0.082448,0.050606,0.033332,0.036069,0.098598,0.11188,0.017812,-0.067408,0.016934,-0.12834,-0.17959,0.11876,0.42982,0.34329,-0.036066,-0.16803,-0.092946,-0.034242,0.017473,0.011173,0.011352,0.026779,0.044526,-0.0086028,-0.051995,0.059236,-0.043555,-0.011226,0.08719,0.033811,-0.10101,-0.13974,0.042882,0.22375,0.21403,0.18321,0.29256,0.2337,0.018252,0.032265,0.022553,0.063532,-0.0048259,-0.10818,-0.10353,-0.075323,-0.12512,-0.1593,-0.13299,-0.12246,-0.10015,-0.070933,-0.057057,-0.046053,-0.027829,0.035917,0.067375,0.024632,-0.015323,0.035698,0.10652,0.089577,0.038134,0.018452
0.33084,0.15666,-0.18546,-0.3609,-0.36482,-0.28258,-0.20677,-0.061816,0.12225,0.082599,-0.0087559,0.0040066,0.075206,0.095448,0.043227,-0.020946,0.01866,0.048818,0.0083535,0.0062976,0.013483,0.0061487,-0.039634,-0.069544,-0.086292,-0.094079,-0.091037,-0.10422,-0.096101,-0.034831,-0.012426,-0.047089,-0.043097,0.002284,0.012279,-0.055874,-0.095194,-0.043122,0.017392,0.0078683,0.080639,0.1519,0.14104,0.13001,0.08792,-0.077536,-0.078625,0.023715,-0.0089454,-0.0772,-0.15169,-0.14522,-0.13558,-0.1089,0.013583,0.17193,0.14049,-0.13137,-0.24386,-0.11175,0.040935,0.04709,0.095233,0.025035,-0.16449,-0.23284,0.030656,0.13664,0.047571,-0.067814,-0.039274,0.03479,0.06866,-0.0015635,-0.095921,-0.016807,0.060673,0.10815,0.071702,0.089487,0.14018,0.23078,0.23706,0.12958,-0.0013639,-0.10407,-0.10923,-0.045104,-0.0029098,0.0067673,-0.015377,-0.021484,-0.011659,-0.012877,-0.025682,-0.033344,0.028489,0.10026,0.19159,0.26827,0.085484,0.011136,-0.12057,-0.14885,-0.07841,0.018513,0.19139,0.0014558,-0.0076832,0.036921,0.040612,0.018235,-0.028425,-0.044869,-0.024309,0.020903,0.076719,0.089535,0.028721,0.019723,0.034087,0.011641,-0.089382,-0.18237,-0.11928,-0.038977,-0.042658,-0.048518,-0.041522,-0.031465,-0.032784,-0.031589,-0.01996,0.020706,0.017418,-0.017866,0.011088,-0.035404,-0.094777,-0.023193,0.028352,0.0045131,0.010318,0.054111,-0.15916,-0.33721,-0.25247,0.022812,0.1056,0.0084803,-0.0088349,0.045381,0.021443,-0.030924,-0.028986,0.017458,0.13289,0.21059,0.23163,0.16806,0.035684,0.12145,0.15362,-0.080741,-0.26604,-0.31674,-0.050266,0.21356,0.077379,-0.13283,-0.12777,0.03366,0.16022,0.048438,-0.026371,0.083841,0.10103,0.089382,0.073227,0.14677,0.035165,-0.090018,-0.075576,-0.052943,0.00087896,0.050291,0.042378,0.00020846,-0.034868,-0.023013,-0.0092596,-0.0172,-0.015763,-0.037934,-0.055329,-0.042213,-0.023975,0.035167,0.12684,0.16284
0.25716,0.2625,0.23569,0.17919,0.17897,0.22805,0.13929,0.069247,-0.016693,-0.02808,0.020297,0.057044,0.021354,-0.034156,-0.049243,-0.032881,0.028476,0.021339,-0.02952,-0.019875,-0.021357,-0.058776,-0.10405,-0.1111,-0.069336,0.0090517,0.034991,-0.05323,-0.10819,0.025822,0.15565,0.11568,0.046647,0.029556,-0.0072426,-0.043339,-0.063818,-0.0016338,0.062475,0.045859,0.077731,0.10029,0.070136,0.068698,-0.01348,-0.097116,-0.19598,0.023636,0.10835,0.082814,0.040401,-0.028054,-0.068638,-0.079921,-0.12199,-0.4483,-0.51174,-0.36067,-0.21013,-0.10215,-0.02703,-3.9591e-06,0.041687,0.052941,-0.06421,-0.11869,0.022019,0.053128,0.044857,0.062846,0.0043168,-0.0086216,0.068982,0.046019,0.031365,0.11442,0.07661,0.027534,0.028255,-0.03707,-0.036165,0.047058,0.082941,0.061495,0.053155,0.055821,-0.028037,-0.1317,-0.10756,-0.02288,0.015626,0.053715,0.072619,0.043081,0.01165,0.0023311,-0.068336,-0.11626,-0.051872,-0.0095743,0.067276,0.054611,0.038067,-0.010054,-0.023308,0.085652,0.050342,0.043101,-0.017693,-0.11326,-0.14103,-0.11603,-0.10949,-0.12125,-0.12744,-0.15719,-0.062343,0.12238,0.12827,0.11784,0.054438,0.066323,0.046193,-0.03583,-0.035488,0.0052255,0.0076297,-0.024305,-0.040684,-0.016381,-0.0091646,-0.0017551,0.015172,-0.073272,-0.17967,-0.15487,-0.12185,-0.10491,-0.094007,-0.023702,0.012935,-0.012488,0.035936,-0.048053,-0.13159,-0.080636,-0.095126,0.18835,0.38138,0.35777,0.20304,0.0085554,-0.1716,-0.36113,-0.24187,0.13583,0.076597,0.024109,0.050938,0.11567,0.10907,0.091865,0.17905,-0.046601,-0.23252,-0.24366,-0.020844,0.22588,0.3062,0.22827,0.037541,-0.10356,-0.035206,0.045508,0.04854,0.069295,0.0054834,0.013429,0.08017,0.068669,0.039898,0.045162,0.054295,0.07504,0.041579,-0.0055973,0.02571,0.08571,0.054734,1.7059e-05,-0.048149,-0.10154,-0.10042,-0.053164,0.027921,0.073499,0.10698,0.10731,0.14609,0.18499
0.095304,0.066656,0.06187,0.087627,-0.0038066,-0.15842,-0.10504,-0.092137,0.0030948,0.045394,0.014795,-0.051629,-0.078929,-0.04703,-0.0032701,0.056987,0.064741,0.070682,0.11791,0.11013,0.10222,0.071677,0.015329,-0.029569,-0.04509,-0.064544,-0.11745,-0.10577,0.0041189,0.096836,0.12765,0.13964,0.1093,0.054653,0.10763,0.25274,0.29974,0.21349,0.047331,-0.080923,-0.091371,-0.055717,-0.036291,-0.02659,-0.03889,0.014111,0.072183,0.032064,0.0022296,-0.019412,-0.059941,-0.0061279,0.050666,0.053597,0.024894,-0.012985,0.048762,0.13614,0.11873,0.050147,0.032578,-0.032084,-0.079004,-0.095098,-0.066555,-0.011434,-0.065205,-0.17281,-0.17769,-0.15194,-0.13884,-0.088668,-0.052764,-0.075697,-0.05422,-0.096918,-0.11167,-0.085943,-0.039928,0.015244,0.028024,0.0058575,-0.016729,0.01869,0.059471,-0.010635,-0.096451,-0.084137,-0.051883,-0.054229,-0.040392,-0.0095914,0.027179,0.049171,0.015117,0.032935,0.16729,0.28588,0.26206,0.20872,0.12116,0.10234,0.10751,0.20262,0.15896,-0.13425,-0.10352,-0.070672,-0.075268,-0.08114,-0.082847,-0.013078,0.052596,0.03793,-0.0099539,-0.080218,-0.17173,-0.12131,0.02092,-0.014336,-0.030555,-0.090798,-0.026049,0.088868,0.082788,0.031404,0.0022922,-0.00295,0.025623,0.066957,0.092246,0.060554,0.040815,0.079604,0.016525,-0.077395,-0.056018,-0.034692,0.010675,0.10537,0.10259,0.017664,0.0059803,-0.052639,0.014349,-0.039426,-0.14608,-0.16991,-0.14962,-0.16219,-0.084237,0.081208,0.16779,0.12007,0.028093,0.010006,-0.0054225,-0.0032773,0.010686,0.032404,-0.050393,-0.15398,-0.072642,-0.17576,-0.23416,-0.15831,-0.012766,0.13299,0.2282,0.3365,0.28151,0.044637,-0.19007,-0.19499,-0.024234,0.011361,0.045851,-0.044086,-0.10289,-0.027688,-0.018977,-0.038634,-0.01643,-0.0062882,0.0043305,0.027609,0.048363,0.037067,0.012989,-0.023848,-0.049024,-0.098082,-0.15896,-0.15644,-0.086431,0.070108,0.18329,0.17702,0.14566,0.13908
0.12251,0.1615,0.18032,0.088596,0.0056613,0.0049363,-0.0066704,-0.051305,0.011001,0.10033,0.17238,0.18506,0.13341,0.083483,0.044727,-0.013398,-0.034951,-0.023761,-0.0299,-0.031156,-0.035731,-0.049201,-0.052035,-0.023473,0.038202,0.091606,0.094942,0.086431,0.076254,-0.0030944,-0.1078,-0.14067,-0.11766,-0.052875,0.0075852,0.012605,-0.00031426,-0.0093634,-0.029902,-0.082763,-0.041406,0.0051054,-0.00025449,0.0097805,0.015764,0.11099,0.14568,0.047414,-0.0090286,-0.041449,-0.068026,-0.0426,-0.016523,-0.029943,-0.0051123,-0.034315,-0.068466,0.054222,0.059055,0.080544,0.06892,-0.0058993,-0.015649,-0.001145,0.01042,-0.1075,-0.21302,-0.094846,0.010584,-0.010663,-0.024347,0.0045771,-0.039427,-0.033562,0.063535,0.012221,-0.054823,-0.023306,0.036512,0.089518,0.13119,0.14229,0.099118,0.04768,0.0093798,-0.0072052,0.026909,0.074349,0.074819,0.055342,0.03574,0.0010503,-0.025519,-0.018056,-0.012855,-0.0064226,-0.09633,-0.18865,-0.17643,-0.15779,-0.012635,-9.9644e-05,0.011621,-0.040675,-0.084633,-0.024073,0.050844,0.081067,-0.070037,-0.13557,-0.10134,-0.089194,-0.058153,-0.046974,-0.037492,0.0043002,0.048713,0.031748,-0.0068928,0.011327,0.012061,-0.0047871,-0.052173,-0.058442,-0.010705,0.0129,0.0069631,-0.0052158,-0.016794,-0.0037616,0.0099782,0.0086862,0.019668,0.062321,0.11935,0.077394,0.026353,-0.03217,-0.088941,-0.0042388,0.023741,-0.006907,0.030055,0.040733,0.1249,0.0030927,-0.11993,-0.09765,-0.018716,0.0098667,0.014249,0.13924,0.31331,0.28813,0.16045,0.080347,0.016159,-0.018353,-0.016693,-0.08582,-0.17723,-0.071434,-0.09194,0.0053678,0.129,0.095597,0.0045349,-0.0031599,0.040781,-0.01622,-0.13632,-0.077074,0.12328,0.22615,0.1967,-0.038143,-0.10988,-0.078476,-0.061513,-0.084001,-0.076117,-0.053424,-0.03037,-0.0048134,0.021426,0.025705,-0.0084889,-0.050467,-0.068897,-0.043265,0.025735,0.058031,0.049447,0.065168,0.091887,0.088592,0.023627,-0.064918,-0.04256,0.0093692
0.18466,0.1889,0.16652,0.095536,-0.012795,-0.12115,-0.057776,0.028937,0.048625,0.13021,0.11802,0.031102,-0.016297,-0.047266,-0.042646,-0.041439,-0.040622,-0.018978,-0.028613,-0.03142,-0.029109,-0.014524,0.022293,0.041089,0.036905,0.018432,-0.011236,-0.065055,-0.1358,-0.1603,-0.10986,-0.070863,-0.091195,-0.12091,-0.15712,-0.20545,-0.22303,-0.11035,0.026098,0.087288,0.15826,0.13251,0.11026,0.08768,0.056793,-0.14866,-0.23142,-0.12312,-0.046632,-0.062375,-0.071786,-0.032213,-0.05699,-0.080728,-0.086749,-0.05911,0.0601,0.22821,0.25902,0.1624,0.076626,-0.020458,-0.10721,-0.083991,-0.1098,-0.12367,-0.06778,-0.0060363,0.012903,0.020122,0.055686,0.16045,0.10417,-0.0084827,-0.011642,0.091045,0.082318,-0.012949,-0.08473,-0.11565,-0.11117,-0.10038,-0.11459,-0.046828,0.11305,0.12242,-0.036583,-0.11052,-0.044398,0.035048,0.091934,0.090437,0.020749,-0.0068303,-0.019593,-0.061157,-0.054726,-0.0049616,-0.027453,-0.072225,-0.051371,-0.063392,-0.076589,-0.0094764,0.087539,0.072637,0.0084319,0.037833,-0.051042,-0.12664,-0.085311,-0.040739,0.016846,0.005853,-0.048678,-0.059588,-0.024639,-0.0048958,0.00096231,0.021065,0.017854,0.025389,0.070488,0.049799,-0.03832,-0.088437,-0.050869,-0.020735,-0.036607,-0.03934,-0.031478,-0.11363,-0.21216,-0.19915,-0.17933,-0.1661,-0.12841,-0.12903,-0.1549,-0.11566,-0.11699,-0.094049,-0.038283,0.030727,0.12234,-0.2829,-0.52865,-0.35445,0.032786,0.17704,0.26235,0.15693,-0.05359,-0.080136,0.080307,0.1096,0.047437,0.0151,0.012363,0.039654,0.10392,0.078669,0.083054,-0.054246,-0.21288,-0.23802,-0.23673,-0.1452,-0.038358,-0.0048301,0.080115,0.58361,0.90139,0.62538,-0.1501,-0.031227,-0.072906,-0.084066,-0.0058342,0.085855,0.15083,0.17245,0.14613,0.048412,-0.017246,-0.019461,0.012867,0.03925,0.045569,0.002383,-0.057706,-0.045865,0.0025522,0.04722,0.026883,0.059448,0.21821,0.27031,0.19335,0.14385
0.10388,0.064013,-0.035093,-0.089849,-0.063675,0.011276,0.039199,0.056927,0.10558,0.12982,0.068157,0.0076393,0.024316,0.094365,0.11259,0.064563,0.04049,0.074996,0.11396,0.1068,0.10075,0.075896,0.034616,0.019331,0.0052551,0.035894,0.10992,0.023416,-0.10729,-0.11269,-0.11414,-0.1059,-0.027821,0.038378,0.062545,0.081864,0.14827,0.20266,0.15227,0.015099,-0.11254,-0.16055,-0.14498,-0.13521,-0.21323,-0.19671,-0.12217,-0.17632,-0.20413,-0.084049,-0.0015732,-0.0049114,0.019962,0.053932,0.12486,0.19899,0.17663,0.19356,0.22186,0.13523,0.021627,-0.03783,-0.021451,0.057374,0.06627,-0.10809,-0.067289,0.032323,0.015153,-0.0058529,-0.14533,-0.2481,-0.13995,-0.1144,-0.10547,-0.11652,-0.083379,0.042388,0.12113,0.16418,0.19307,0.19961,0.15626,0.074733,0.011331,0.007221,0.044853,0.095559,0.14126,0.11183,0.036319,0.010917,0.0049191,0.0013868,-0.0041178,0.00064998,-0.0052902,0.036929,0.084297,0.064255,-0.004726,-0.022406,-0.03684,-0.043957,-0.031399,0.094196,0.15641,0.098624,-0.055147,-0.1685,-0.133,-0.1316,-0.14891,-0.15794,-0.14924,-0.13802,-0.10066,-0.027171,-0.0033236,-0.040447,-0.043321,-0.086242,-0.0090009,0.025488,0.023859,0.06799,0.080533,0.089844,0.092121,0.091113,0.090541,0.05899,0.042183,0.086133,0.10703,0.11202,0.14379,0.15945,0.1902,0.13294,0.053152,0.10535,0.075901,-0.016739,-0.17548,-0.16456,-0.057697,-0.1067,-0.1817,-0.092907,0.033432,0.017943,0.040309,0.089631,0.015217,-0.049342,-0.097033,-0.15657,-0.16677,-0.18885,-0.13359,-0.079418,0.006915,0.24326,0.35035,0.28088,0.24411,0.25917,0.17257,-0.012572,-0.059709,-0.15681,-0.3564,-0.35971,-0.1821,-0.1342,-0.11603,-0.040717,0.017834,-0.04982,-0.11567,-0.09289,-0.07194,-0.064086,-0.054648,-0.056338,-0.073908,-0.10157,-0.15097,-0.18668,-0.13951,-0.038732,0.0064237,0.020235,0.036642,0.054685,0.18972,0.28651,0.27038,0.23931
0.19143,0.17912,0.15034,0.15377,0.16391,-0.062471,-0.23441,-0.24626,-0.09967,0.062597,0.058829,-0.0085533,-0.045852,-0.087067,-0.07289,-0.01156,0.0035588,-0.026366,-0.054205,-0.054865,-0.076012,-0.1105,-0.068672,0.26386,0.53552,0.44146,0.19484,0.068241,0.041076,0.027865,-0.059221,-0.1678,-0.11035,0.11358,0.27206,0.33806,0.35237,0.31453,0.25119,0.12723,0.0065039,-0.026749,-0.012151,-0.0054675,0.021802,0.051354,-0.0046227,-0.069273,-0.063103,-0.047454,-0.057775,-0.096284,-0.14154,-0.1142,-0.19005,-0.3134,-0.39116,-0.55749,-0.53299,-0.26252,0.034942,0.069608,0.088171,0.13658,0.173,0.2174,0.20944,0.20629,0.2114,0.16387,-0.034324,-0.19198,-0.078164,-0.087526,-0.085021,-0.14381,-0.33316,-0.31658,-0.22489,-0.091631,-0.0021831,0.030033,0.032655,0.014975,0.058721,0.22639,0.23935,-0.0045674,-0.10386,-0.039291,-0.022725,-0.02663,-0.006652,0.0011866,-0.0066374,-0.0053533,0.0024825,-0.027681,-0.083732,-0.12056,-0.070379,-0.082532,-0.089336,-0.010463,0.11928,0.085925,0.046905,0.025844,0.026169,0.090619,-0.020481,-0.097142,-0.038989,0.00094709,-0.021543,-0.090611,-0.073626,-0.00091986,0.035999,0.051992,-0.0036362,-0.065537,-0.085998,0.052059,0.076506,0.047743,0.040095,0.015159,-0.047448,-0.058428,-0.025395,-0.041915,-0.029139,0.037827,0.1029,0.13298,0.15052,0.15815,0.18012,0.10909,0.01108,0.045842,0.027593,0.049354,0.073297,0.12841,0.15338,0.02142,-0.11283,-0.18253,-0.15386,-0.13708,-0.2667,-0.35394,-0.23156,-0.10242,0.098094,0.20318,0.22777,0.22667,0.020125,-0.049286,-0.033578,0.11044,0.16473,0.10293,0.08254,0.12892,0.063457,-0.11717,-0.11955,-0.054541,-0.18092,-0.15499,0.0505,0.012407,-0.02642,0.054121,0.096684,0.055074,-0.044007,-0.087335,-0.070899,-0.049546,-0.026784,-0.035253,-0.041365,0.02629,0.046186,0.0024696,-0.01686,-0.010563,-0.0051923,-0.02458,-0.005255,0.047465,0.062724,-0.035066,-0.13778,-0.16731
0.085335,0.10342,0.10687,0.0090096,-0.10972,-0.086897,-0.058878,-0.094951,0.0039921,0.071667,0.044839,0.025534,0.029651,-0.0079666,-0.054713,-0.075848,-0.094231,-0.056108,-0.0082086,-0.0097272,-0.0014181,0.018472,0.034384,0.05176,0.1042,0.16199,0.2281,0.24117,0.14099,0.024357,-0.031506,-0.069726,-0.18796,-0.23254,-0.11141,-0.035374,-0.029478,-0.043012,-0.06226,-0.058702,-0.078907,-0.09973,-0.060371,-0.068317,-4.0251e-05,0.11236,0.1376,0.091331,0.039567,-0.0070766,0.0096717,0.039496,0.043958,0.038167,0.073815,0.040492,0.0014123,0.11591,0.12132,0.074596,-0.009288,-0.011748,-0.011237,0.0178,0.047366,0.019086,0.011023,0.00087131,-0.070741,-0.12454,-0.072503,-0.070227,-0.1006,-0.031502,-0.05703,-0.072263,-0.062855,-0.070849,0.0059661,0.093518,0.17239,0.17562,0.12464,0.11079,0.1981,0.25023,0.098381,-0.098607,-0.11976,-0.0020678,0.037199,-0.048513,-0.10452,-0.11113,-0.11863,-0.11263,-0.043498,0.01877,0.0043668,-0.023231,0.15514,0.15329,0.15416,0.029804,-0.13524,-0.07862,0.051405,0.096311,-0.051125,-0.10691,-0.060058,-0.024493,0.012979,0.028043,0.043091,0.058646,0.011537,-0.047801,-0.039282,-0.023162,0.0077139,0.03657,0.062496,0.031985,0.011455,0.027962,0.029061,0.014947,-0.010057,-0.0011296,0.017981,0.015707,-0.0077944,-0.00033003,0.081579,0.0010221,-0.1233,-0.090485,-0.040754,-0.0001168,0.023624,0.041212,-0.038162,-0.089563,-0.14809,-0.10031,0.062376,0.17163,0.17129,0.12826,-0.017442,-0.090494,-0.0034334,0.096284,0.11785,0.021154,-0.084082,-0.097122,-0.086771,-0.08555,-0.00032184,0.0095755,-0.0020338,0.16006,0.13931,0.096422,0.15329,0.062693,-0.11221,-0.21957,-0.2018,-0.16294,-0.1734,-0.11528,0.013136,0.080496,0.07313,0.040288,0.093586,-0.0019665,-0.083625,-0.06061,-0.038458,-0.019624,-0.012661,-0.022189,-0.0072973,0.077129,0.084862,-0.00045145,-0.045995,-0.032993,-0.013512,0.0024783,0.021417,0.043753,0.039799,0.00079193,-0.043307,-0.066943
0.035302,-0.0061819,-0.010302,0.17768,0.33254,0.24118,-0.020078,-0.1716,-0.24016,-0.08179,0.11427,0.13763,0.063939,-0.028603,-0.087924,-0.098148,-0.027087,0.021984,-0.0090623,-0.011202,-0.014062,-0.0076276,-0.022542,-0.035137,-0.049521,-0.085657,-0.15077,-0.18696,-0.13989,-0.094499,-0.066676,-0.007319,0.028411,0.015899,-0.047271,-0.11574,-0.15705,-0.15528,-0.091903,-0.075978,-0.058529,-0.04046,-0.070276,-0.091125,-0.039928,0.060469,0.16082,0.10713,0.018553,0.038919,0.072322,0.077206,0.070787,0.064566,0.026838,-0.092311,-0.085887,0.051167,0.056376,-0.03959,-0.05537,-0.052707,-0.10376,-0.1093,-0.044292,0.011446,0.03196,0.019451,0.068362,0.1372,0.20409,0.23651,0.082995,-0.097767,-0.086488,-0.01003,0.011574,0.05842,0.048218,0.016148,-0.059025,-0.12021,-0.086869,-0.012856,0.053187,0.085837,0.048957,0.0016471,-0.022163,-0.026149,-0.02022,-0.014796,-0.020633,-0.076826,-0.12778,-0.12012,-0.12578,-0.12879,-0.10289,-0.093068,-0.039646,-0.055062,-0.043815,0.036702,0.12816,0.16021,-0.057478,-0.075548,0.0036945,-0.021339,-0.10678,-0.091185,-0.041918,-0.0087001,0.0047215,0.013673,0.09554,0.16276,0.066897,-0.0044326,-0.026043,-0.01733,-0.079116,-0.15703,-0.084307,-0.010067,-0.045301,-0.059132,-0.039942,-0.034447,-0.034092,-0.026171,-0.011308,-0.078657,-0.16568,-0.15473,-0.12589,-0.075961,-0.10331,-0.11721,-0.085703,-0.069665,-0.094033,-0.072396,-0.21503,-0.26941,-0.068619,0.054083,0.021575,0.029538,0.080111,0.20672,0.3182,0.19851,0.028735,-0.025504,-0.090728,-0.11422,-0.10874,-0.063541,-0.058006,-0.12597,-0.083179,-0.15089,-0.1645,-0.065037,0.061713,0.12743,0.064039,0.017226,0.071429,0.23275,0.5207,0.4949,0.13736,0.088516,0.038225,0.064269,-0.0089527,-0.036107,-0.0053608,-0.012198,-0.0062856,-0.0091413,-0.0070658,0.032437,0.079746,0.15247,0.24095,0.21692,0.13668,0.051729,0.00080582,0.024853,0.067713,0.077064,0.090256,0.086015,0.089904,0.10394
-0.14803,-0.20452,-0.33624,-0.41424,-0.39321,-0.27084,-0.20609,-0.21363,-0.13783,-0.12107,-0.019568,0.083368,0.012018,-0.093125,-0.1191,-0.11403,-0.096299,-0.047925,-0.011482,-0.015531,-0.012078,-0.02337,-0.13285,-0.27512,-0.3327,-0.29157,-0.17798,-0.11308,-0.10626,-0.072383,-0.0033209,0.01174,-0.033629,-0.070445,-0.12038,-0.16355,-0.18796,-0.20348,-0.17018,-0.04599,-0.0044552,-0.015736,-0.030822,-0.012876,0.032288,0.047793,0.10191,0.029021,0.075717,0.15941,0.14237,0.12653,0.11481,0.12705,0.17693,0.19454,0.088077,0.1116,0.14434,0.11881,0.063628,-0.0037341,-0.0027676,-0.068518,-0.028992,0.04868,0.0066008,-0.016132,0.013627,0.063455,0.1672,0.2031,0.067409,0.03042,0.12763,0.17033,0.12977,0.056019,-0.062138,-0.17154,-0.17294,-0.094799,-0.071876,-0.079982,-0.039336,0.04204,0.12802,0.10388,0.022074,-0.025864,-0.051726,-0.056733,-0.038615,-0.0068768,-0.013271,-0.030136,-0.0015975,0.015694,-0.032552,-0.071218,-0.40495,-0.41482,-0.41778,-0.32119,-0.23494,-0.17735,0.14859,0.13898,0.14253,0.24646,0.2713,0.29407,0.18867,0.098042,0.12472,0.11785,0.026164,-0.066736,-0.054901,-0.011583,0.022453,0.01907,0.041209,-0.0024539,-0.11216,-0.1234,-0.058012,-0.024114,-0.015021,-0.0091005,-0.018627,-0.025196,-0.017529,0.0071415,0.032567,-0.066711,-0.16815,-0.12798,-0.059742,-0.05917,-0.080122,-0.09296,-0.040145,-0.018355,0.017654,0.1391,0.17434,0.097363,0.064687,0.10772,0.10852,0.047089,0.094409,0.17509,0.11558,0.023613,-0.020846,-0.077149,-0.075058,-0.088847,-0.085205,0.045642,-0.22273,-0.3013,-0.17386,-0.08703,-0.13828,-0.18736,0.0039683,0.29154,0.36286,0.36628,0.54582,0.46351,0.067435,-0.0097624,-0.062467,-0.059326,-0.045864,-0.036856,-0.020949,-0.022932,-0.012776,0.0071444,0.00088907,-0.035959,-0.087942,-0.097604,0.058011,0.21469,0.1814,0.11254,0.016518,-0.082718,-0.11136,-0.10032,-0.1565,-0.23662,-0.2947,-0.31674
0.0078379,-0.046255,-0.1129,-0.064762,0.054534,0.14435,0.12403,0.08949,0.010173,-0.016405,0.0019732,0.0072274,-0.011686,-0.028846,0.038653,0.13505,0.11546,0.037059,-0.0070921,-0.017072,-0.02245,-0.021979,-0.029372,0.036531,0.17757,0.18975,0.087341,-0.002464,-0.10404,-0.17498,-0.14621,-0.090649,-0.063052,0.0027839,0.10781,0.15192,0.13455,0.13615,0.12837,0.08995,0.024678,-0.023795,-0.02268,-0.010997,0.025746,0.048533,-0.044733,-0.11431,-0.043718,-0.027205,-0.066457,-0.052803,-0.033735,-0.065656,-0.059577,0.056075,0.25183,0.40343,0.35487,0.19139,0.074848,0.001781,-0.00099298,0.056977,0.091501,-0.015413,-0.15977,-0.21121,-0.17597,-0.12192,-0.10256,-0.026441,0.032075,0.0552,0.090978,0.086062,0.059438,0.052554,0.069295,0.059912,0.03371,0.013984,0.029202,0.062627,0.038921,-0.021005,-0.0052173,0.066976,0.069563,0.030516,-0.012311,-0.0071091,0.023693,0.030699,0.0068868,-0.021049,0.042314,0.11235,0.069897,0.032942,0.11445,0.089525,0.089402,0.020108,-0.057354,0.05427,0.059834,0.047866,-0.0091382,-0.080526,-0.082623,-0.040257,0.012138,0.0064682,-0.080142,-0.1728,-0.15179,-0.060661,-0.037616,-0.031316,-0.02851,-0.012901,0.015496,0.077431,0.087224,0.051717,0.027727,-0.00075186,-0.026237,-0.040904,-0.035827,-0.035227,-0.033948,0.0098948,0.07254,0.11188,0.047196,-0.035998,-0.01118,0.05999,0.15022,0.22001,0.17499,0.10439,0.19353,0.23686,0.18403,0.0032333,-0.085598,-0.11074,-0.068345,0.03755,0.061029,0.029989,0.016406,-0.05528,-0.1323,-0.12615,-0.08362,-0.029022,-0.049194,-0.07328,0.037001,0.12734,0.20836,0.22732,0.11843,0.016814,-0.0065214,-0.00061332,-0.029379,-0.066487,-0.093373,-0.10328,-0.068517,-0.081878,-0.095857,-0.17219,-0.20791,-0.13027,-0.065101,-0.037023,-0.053578,-0.07247,-0.050149,-0.015979,-0.024285,-0.07774,-0.096262,-0.041947,0.0024425,-0.023943,-0.066902,-0.1341,-0.17392,-0.14252,-0.058788,0.21764,0.33017,0.28893
0.10763,0.023908,-0.10486,-0.13384,-0.066525,0.049532,0.073608,0.15253,0.17094,0.22461,0.20509,0.086509,0.017689,-0.030628,-0.060183,-0.098388,-0.14644,-0.10881,-0.039788,-0.027591,-0.017318,0.0039962,0.011014,-0.0343,-0.024663,0.0058613,-0.05694,-0.11224,-0.097282,-0.062542,0.0053121,0.067358,-0.0022324,-0.15412,-0.23801,-0.27052,-0.27294,-0.26259,-0.18542,-0.13491,-0.086358,-0.040048,-0.056818,-0.062654,-0.028797,0.011764,-0.052066,-0.0039707,0.083774,0.05526,0.030308,0.055697,0.14307,0.15692,0.18217,0.091179,-0.084062,0.038197,0.078925,0.040608,-0.033175,-0.061034,-0.065942,-0.036892,0.067936,0.11936,0.041229,-0.020859,0.0012017,0.11933,0.18526,0.10994,-0.058202,0.0084993,0.17682,0.11485,0.15829,0.12432,0.077865,0.037098,-0.03616,-0.095077,-0.12504,-0.11555,-0.010474,0.096056,0.034267,-0.082795,-0.14266,-0.17764,-0.18402,-0.10358,-0.022222,-0.0099604,-0.015318,-0.030425,-0.11348,-0.1569,-0.10273,-0.07915,0.0021525,-0.039405,-0.067266,0.042044,0.056683,0.0016719,0.1141,0.038313,0.13779,0.040805,-0.10348,-0.074837,-0.016786,0.014655,0.030371,0.070291,0.079347,0.057896,0.065752,0.04154,0.02249,0.033368,0.061036,0.0094385,-0.077306,-0.060224,-0.035003,-0.051687,-0.037751,-0.029582,-0.077752,-0.12455,-0.17064,-0.23445,-0.23705,-0.21339,-0.15777,-0.088996,-0.10667,-0.11852,-0.084474,-0.073448,-0.089946,-0.046427,0.044114,0.078473,0.085784,-0.025755,-0.14615,-0.15592,-0.14175,-0.075631,0.2248,0.40509,0.27806,0.089866,-0.033565,-0.06582,-0.096772,-0.11791,-0.058176,-0.015922,0.052812,-0.095162,-0.14876,-0.064186,-0.15899,-0.29914,-0.17666,0.14451,0.31349,0.34682,0.50195,0.57874,0.39005,0.054,0.048536,-0.013365,-0.010775,0.076397,0.1588,0.20205,0.09834,-0.0018519,-0.010428,-0.03821,-0.029001,0.032757,0.091319,0.10248,0.038997,0.018927,0.0415,0.0068649,-0.040633,-0.082768,-0.03171,0.026316,0.086588,0.11945
-0.2849,-0.26584,-0.20488,-0.17322,-0.22997,-0.16009,-0.12697,-0.10072,0.064672,0.050536,-0.063325,-0.11339,-0.10713,-0.064499,-0.040052,-0.056734,0.040335,0.12481,0.0784,0.039678,0.020218,0.0019214,-0.029315,-0.083078,-0.082091,-0.00091302,0.018303,-0.056587,-0.1382,-0.10661,0.049618,0.22905,0.29237,0.21733,0.10788,0.043572,-0.018803,-0.07895,-0.11316,-0.043236,-0.011943,-0.011618,-0.024808,-0.041162,-0.024931,-0.010472,0.045039,0.11857,0.14662,0.091126,0.055907,0.03343,-0.024246,-0.036106,-0.0097664,0.10884,0.1511,0.11337,0.12641,0.026588,-0.075374,-0.1409,-0.16342,-0.10223,0.02797,0.093434,0.030172,-0.02501,-0.011632,0.097425,0.17598,0.16104,0.095856,0.11875,0.10422,-0.047809,0.038398,-0.017552,-0.11553,-0.15483,-0.11708,-0.12548,-0.23072,-0.23675,-0.068311,0.074035,0.067705,0.011163,0.0051186,0.0095014,-0.0080788,-0.0044241,0.0032779,0.0031768,-0.00091216,0.0014785,-0.067842,-0.15047,-0.20455,-0.25273,-0.011588,0.028477,-0.10777,-0.26541,-0.1791,-0.102,0.22894,0.027042,-0.10298,-0.019253,-0.029842,-0.034615,0.020355,-0.00045558,-0.030569,-0.026428,0.02911,0.060814,-0.034108,0.014431,0.042957,-0.0093255,-0.084889,-0.044867,0.0012671,-0.0087167,-0.0078929,-0.035549,-0.055178,-0.048859,-0.043971,-0.048962,-0.033088,-0.022899,-0.021013,-0.062875,-0.11352,-0.090507,-0.043996,-0.061576,-0.094935,-0.13968,-0.12993,-0.12586,-0.081005,0.054736,0.053565,-0.055091,-0.13367,0.039096,0.22389,0.17942,0.1458,0.2247,0.19652,0.12463,-0.0020394,-0.1207,-0.11854,-0.10664,-0.011195,0.016944,0.039161,-0.077151,-0.15602,-0.080832,-0.16174,-0.29071,-0.1956,0.047385,0.16373,0.17627,0.30456,0.37514,0.21151,0.030207,0.004892,-0.047539,0.045688,0.14024,0.19125,0.10745,0.064857,0.085285,0.039896,-0.003419,0.028191,0.093264,0.090384,0.046976,-0.012831,-0.017143,0.009974,0.010839,0.020145,0.03905,0.082981,0.040965,-0.056422,-0.1043
-0.10177,-0.016323,0.14181,0.20653,0.24295,0.3081,0.18503,0.10011,-0.0061446,-0.0091543,0.039818,0.068917,0.061846,0.032678,-0.00030707,0.031626,0.064715,-0.017986,-0.07352,-0.057692,-0.070978,-0.080967,-0.083707,-0.083333,-0.062197,-0.028769,-0.00020845,0.081172,0.23048,0.29346,0.11172,-0.10893,-0.11012,0.018539,0.16257,0.24035,0.24562,0.17021,0.012429,-0.11302,-0.17687,-0.24083,-0.19863,-0.20225,-0.13272,-0.08856,-0.16542,-0.31754,-0.3645,-0.14933,-0.017585,-0.03864,0.0019692,0.045723,0.093592,0.096135,0.022557,0.0021305,-0.034235,-0.048033,0.018244,0.035645,-0.034195,-0.028853,0.011374,0.02107,0.011374,0.0092648,0.004692,-0.028734,-0.059348,-0.08505,-0.085344,-0.024346,-0.050906,-0.14575,-0.10684,-0.053776,0.043828,0.091023,0.059849,0.025563,0.015293,0.13449,0.31407,0.34333,0.29561,0.23163,0.1803,0.11888,0.055889,0.0055472,-0.007954,0.015867,0.015658,0.0024903,-0.070851,-0.0889,-0.08392,-0.12744,0.047242,0.096642,0.16551,0.080167,-0.013128,0.11437,0.078165,0.047129,-0.016256,-0.031112,-0.030713,-0.052256,-0.016694,-0.0017957,0.0091672,0.029049,-0.015246,-0.098289,-0.080141,-0.033757,-0.051466,-0.047105,-0.070997,-0.13204,-0.047865,0.051766,0.055433,0.061323,0.052827,0.016866,0.013403,0.018881,0.032906,0.055508,0.089798,0.12714,0.15117,0.16961,0.16311,0.013628,-0.12904,-0.070704,-0.076332,0.10626,0.093994,0.080168,0.083703,-0.040474,-0.12817,-0.17126,-0.16228,-0.13372,-0.056822,0.021153,0.078767,0.033907,0.0041339,0.027087,0.050228,0.086304,0.10996,0.023575,-0.042775,0.10957,0.027711,-0.075658,-0.0092216,0.11014,0.19338,0.15662,0.095749,-0.030255,-0.1983,-0.17,-0.11313,-0.11576,-0.034117,-0.15426,-0.24096,-0.16809,-0.10417,-0.13237,-0.16761,-0.19623,-0.22486,-0.2456,-0.11362,0.0774,0.076685,0.06995,0.048999,0.025659,0.030072,0.028234,-0.031719,-0.084775,0.024155,0.13175,0.11582,0.07114
0.49249,0.51641,0.48473,0.32894,0.13049,0.034444,-0.018188,0.074144,0.096274,0.10663,0.12868,0.10142,0.080119,0.20485,0.29203,0.18935,0.04705,-0.027512,-0.058854,-0.046234,-0.046663,-0.047722,-0.023041,-0.0011549,-0.014849,-0.0049065,0.051851,0.0975,0.11363,0.1044,0.082377,0.052025,0.02239,0.045402,0.08375,0.051957,-0.024951,-0.022422,0.037738,0.0589,0.027829,0.041546,0.021297,0.068037,0.054003,0.02393,-0.00043992,-0.11915,-0.17528,-0.10471,-0.055684,-0.076451,-0.11446,-0.062248,0.018293,-0.0069107,-0.10123,-0.07971,-0.047733,-0.021778,0.023783,-0.0030484,-0.01415,0.025895,0.064949,0.022046,-0.05457,-0.08382,-0.089681,-0.096534,-0.10771,-0.11946,-0.10879,-0.040804,-0.040912,-0.1111,-0.070884,-0.15187,-0.21941,-0.15974,-0.033119,0.0026532,-0.17458,-0.34461,-0.32718,-0.15897,0.023866,0.092627,0.049836,-0.00085009,-0.030946,-0.0077191,0.035711,0.044019,0.030179,0.03413,0.13585,0.22538,0.23922,0.22851,0.4178,0.38146,0.33019,0.22941,0.13799,0.1332,-0.040351,-0.14326,-0.062505,0.014353,-0.038243,-0.052049,-0.020701,-0.097918,-0.16091,-0.0012218,0.21545,0.18766,0.1343,0.091922,0.034108,0.07963,0.098633,0.022339,-0.0014706,0.020847,0.030927,0.032038,0.03979,0.041348,0.030733,0.015846,0.010226,0.051485,0.10515,0.074137,0.030378,0.058594,-0.013133,-0.079044,-0.017355,-0.034315,0.014819,-0.052937,-0.12996,-0.052945,0.0060199,-0.060754,-0.13375,-0.082103,0.031464,-0.0099359,-0.17532,-0.25708,-0.19899,-0.0706,0.0021276,0.0063934,0.025111,0.058165,-0.0033036,-0.065652,0.021988,0.01594,0.023799,0.063623,0.043032,0.055494,0.13532,0.086885,-0.049279,-0.12068,-0.17017,-0.12157,-0.086651,-0.11301,-0.035364,-0.1222,-0.1593,-0.087228,-0.058328,-0.043566,-0.080139,-0.095639,-0.080631,-0.054553,-0.047253,-0.098953,-0.092699,-0.028426,0.0087021,0.0014371,-0.00067118,-0.036324,-0.051734,0.028675,0.087194,0.049489,0.010508,-0.0092002
-0.053766,-0.12846,-0.29091,-0.38739,-0.34013,-0.39408,-0.32605,-0.28372,-0.42701,-0.37278,-0.19428,-0.090326,-0.050842,-0.034297,-0.051356,-0.05629,-0.040099,-0.10663,-0.1792,-0.15845,-0.14586,-0.13225,-0.1432,-0.21424,-0.26533,-0.2839,-0.28204,-0.25418,-0.26298,-0.31759,-0.33403,-0.29575,-0.26586,-0.33271,-0.38839,-0.27308,-0.054004,0.088538,0.084951,0.040576,0.027793,-0.0011583,-0.07866,-0.12185,-0.083344,-0.057033,0.048796,0.12707,0.052011,0.064145,0.15776,0.20424,0.18666,0.10839,0.079731,0.12196,0.12066,0.034613,-0.041114,0.0038673,0.05983,0.078798,0.04211,0.015021,0.094863,0.28996,0.32868,0.26114,0.1802,0.11712,0.18244,0.15755,0.039998,0.088881,0.13542,0.13326,0.12239,0.092922,0.0046251,-0.046718,-0.05154,-0.11356,-0.16874,-0.12279,-0.10299,-0.080476,-0.0061672,-0.020171,-0.11548,-0.16843,-0.066336,0.059677,0.062405,0.076889,0.15869,0.24131,0.24875,0.22834,0.14628,0.092155,-0.70489,-0.74021,-0.78824,-0.72367,-0.54284,-0.33256,0.085273,0.30269,0.47873,0.51386,0.4943,0.34674,0.24257,0.26675,0.30034,0.32494,0.26087,0.13308,0.078755,0.12577,0.23477,0.2918,0.21159,0.081565,0.00027054,-0.02813,-0.030742,-0.042304,-0.05635,-0.058318,-0.056954,-0.042533,-0.024803,-0.038837,-0.04845,0.049049,0.11008,0.032179,-0.007786,0.058505,0.11747,-0.0018316,-0.092054,0.11867,0.22322,0.31781,0.25489,0.4493,0.59692,0.46346,0.263,0.070032,-0.1043,-0.19422,-0.067118,0.11764,0.22604,0.26679,0.18122,0.067945,0.034535,-0.018426,-0.097882,-0.086181,0.014754,0.13971,0.1732,0.10482,-0.15846,-0.31375,-0.23396,-0.067597,0.052069,-0.030104,-0.087905,-0.13196,-0.14141,-0.11179,-0.094873,-0.12162,-0.11978,-0.075215,-0.038174,-0.094922,-0.14118,-0.14962,-0.19665,-0.16487,-0.065735,-0.057177,-0.039824,-0.024247,-0.10977,-0.21068,-0.27742,-0.35076,-0.5026,-0.60595,-0.70631,-0.76549
0.31727,0.19929,0.0077451,-0.097267,-0.11699,-0.019511,0.041743,0.51194,0.59109,0.30385,-0.33175,-0.44675,-0.20605,-0.15217,-0.1927,-0.17467,-0.14657,-0.12751,-0.067839,-0.037693,-0.061001,-0.035124,0.052974,0.11865,0.10157,0.039852,-0.058646,-0.10291,-0.020278,0.08499,0.089953,0.029627,-0.030049,-0.019391,0.032758,0.045774,0.020956,-0.02204,-0.034909,-0.068113,-0.05103,-0.032467,-0.06193,-0.082775,-0.050439,0.053547,0.18981,0.12823,0.019338,0.016544,0.01266,0.020805,0.093568,0.14731,0.0086349,-0.20731,-0.14817,-0.1218,-0.091842,-0.10098,-0.1433,-0.10345,-0.07385,-0.028999,0.0039549,0.10742,0.14174,0.10157,0.13107,0.16941,0.21702,0.17269,0.10465,0.023454,-0.05502,0.0078988,0.03657,-0.026169,-0.17214,-0.20195,-0.19665,-0.19298,-0.1567,-0.045492,0.0733,0.14884,0.13588,-0.0013743,-0.13308,-0.10819,-0.047354,-0.058367,-0.059696,-0.039712,-0.040592,-0.078866,-0.078307,-0.021286,0.013976,0.0071157,0.096521,0.047326,-0.12277,-0.20537,-0.1131,-0.066067,0.10789,-0.14183,-0.12044,0.014652,0.18955,0.18685,-0.052656,-0.0045688,0.16901,0.1502,0.050822,-0.070231,-0.15523,-0.18379,-0.1565,-0.059278,-0.00065761,0.076011,0.086779,0.023089,-0.016742,-0.036653,-0.015548,-0.0098151,-0.017936,-0.014391,-0.00589,-0.018888,-0.084046,-0.12069,-0.090624,-0.062319,-0.10225,-0.10829,-0.081178,-0.070771,-0.096718,-0.074304,-0.21679,-0.25567,-0.010923,0.14125,0.1033,-0.020054,-0.080328,-0.013774,0.083926,0.081458,-0.00075657,0.042028,0.01629,0.0086341,-0.029658,-0.046088,0.044346,0.066765,0.085244,0.015278,-0.029372,0.054726,0.13054,0.15343,0.0092853,-0.12881,-0.094701,-0.074361,-0.058633,-0.059175,0.077052,0.14527,0.125,0.053608,0.025199,0.1242,0.1905,0.21538,0.21659,0.14334,0.028537,-0.04256,-0.063689,-0.016759,0.073254,0.14373,0.16051,0.10492,0.052931,-0.0020071,-0.043456,0.029429,0.19041,0.25365,0.23345,0.21607
0.40347,0.35418,0.30259,0.4009,0.45425,0.28587,0.17436,-0.075377,-0.19886,-0.099934,0.013941,0.067158,0.037472,-0.013195,-0.04631,-0.071372,-0.1316,-0.11476,-0.046411,-0.03107,-0.015655,0.016944,0.063378,0.08655,0.090879,0.091483,0.12608,0.14333,0.090858,0.050304,0.1098,0.2052,0.18732,0.057902,-0.090936,-0.1646,-0.17841,-0.13506,-0.05632,0.022201,0.0072699,-0.0098131,-0.028581,0.010351,0.024304,-0.014832,-0.072959,0.0057418,0.040326,-0.014968,-0.0077998,0.00095494,-0.07005,-0.18127,-0.2461,-0.056775,0.13924,0.2565,0.26667,0.14453,0.0025727,-0.078788,-0.068655,-0.019258,-0.0066415,0.06759,0.070745,0.023899,-0.0064428,-0.03567,0.011952,-0.018189,-0.096831,-0.032767,-0.037888,-0.012956,0.059058,0.056404,0.060397,-0.011673,-0.06972,-0.062074,0.021744,0.12894,0.1333,-0.0092087,-0.1177,-0.073603,-0.0085681,0.018439,0.067201,0.06534,-0.0033696,-0.0097142,0.042215,0.073247,-0.083988,-0.16232,-0.03116,0.041216,0.23685,0.20458,0.15958,0.20119,0.13714,-0.070394,-0.18461,-0.26588,-0.28974,-0.17681,-0.22216,-0.27309,-0.23568,-0.11471,0.0094176,0.029368,0.054592,0.064967,0.06282,0.029798,0.023404,0.050251,0.09561,0.065797,0.02861,0.033568,0.033515,0.025212,0.0056641,-0.0009214,-0.0026185,-0.0066278,0.012691,-0.053375,-0.15763,-0.14996,-0.11029,-0.05138,0.013446,-0.026555,-0.077599,-0.076695,-0.0034913,0.010634,-0.051145,0.0034495,0.014123,0.13373,0.20792,0.24211,0.2329,0.043367,-0.20493,-0.21662,-0.071454,-0.15876,-0.17354,-0.16707,-0.16283,-0.14901,-0.037925,0.053774,0.14092,0.052792,-0.033781,0.086381,0.11471,0.038422,-0.089089,-0.22029,-0.20903,-0.15618,-0.14623,-0.092826,0.011474,0.073863,0.061484,0.012391,0.072588,0.057547,0.042918,0.065843,0.011717,-0.037774,-0.019232,0.01849,0.046162,0.070561,0.085991,0.021119,-0.044832,-0.045927,0.053044,0.24792,0.3746,0.33416,0.27536,0.29096,0.36238,0.40296
0.13329,0.15746,0.14895,0.11557,0.1569,0.25044,0.17505,0.13874,0.15908,0.15273,0.086462,0.023815,-0.0054175,-0.019179,-0.010432,0.016877,0.031156,-0.0046913,-0.0401,-0.035989,-0.052529,-0.081908,-0.067747,-0.037953,-0.068064,-0.069769,-0.022903,-0.022911,-0.13444,-0.166,-0.019448,0.10111,0.12376,0.14107,0.15777,0.15211,0.11776,0.092239,0.059409,0.0012211,-0.009924,-0.050425,-0.029806,0.027951,0.069096,0.098397,-0.00018217,-0.096963,-0.043966,-0.03332,-0.060706,-0.061271,-0.057988,-0.075672,-0.091817,0.006996,0.19722,0.31899,0.25895,0.14501,0.072379,-0.0061582,0.011795,0.090399,0.078241,0.048095,0.0010763,-0.044896,-0.025973,0.016823,0.066724,0.098802,0.05959,0.015508,-0.041412,0.053449,0.085032,0.093349,0.11366,0.098599,0.072303,0.13637,0.23608,0.22453,0.05597,-0.149,-0.18314,-0.077105,-0.0083713,-0.029068,0.0074437,0.048987,0.013703,0.0050905,-0.0073441,-0.18827,-0.2894,-0.2537,-0.2064,-0.14171,-0.0037128,0.0054285,0.013047,-0.016218,-0.0013378,0.15032,0.26832,0.10249,-0.078594,-0.16795,-0.12983,-0.12881,-0.12089,-0.070894,-0.049599,-0.090702,-0.07425,0.021621,0.099184,0.097815,0.019501,-0.043978,-0.074985,0.0058966,0.029287,-0.010953,0.0016336,0.018029,0.0066282,-0.0040528,0.015355,0.028689,0.045814,-0.046734,-0.15203,-0.11846,-0.092245,-0.097059,-0.092398,-0.014794,-0.018059,-0.023541,0.033056,0.10798,0.25628,0.31996,0.25331,0.018899,-0.071432,-0.011567,0.049635,0.041163,-0.0003933,0.03946,0.10523,0.025195,-0.082155,-0.08503,-0.053796,-0.029116,-0.090156,-0.058124,0.11876,0.29328,0.36453,0.17314,-0.083817,-0.1725,-0.036449,0.12868,0.13061,0.15852,0.27914,0.14935,-0.12756,-0.030477,-0.041052,-0.031751,0.026953,0.10169,0.028256,-0.076756,-0.067357,-0.050904,-0.025831,0.022808,0.028679,-0.03927,-0.093726,-0.12399,-0.069604,0.015419,0.01262,0.025538,0.020685,0.064519,0.049641,-0.031343,0.031365,0.13308
-0.078423,-0.097308,-0.065822,0.013372,0.057378,0.046063,0.092637,0.038236,-0.013611,-0.038066,-0.029743,-0.011442,0.0031225,0.011331,-0.031597,-0.079614,-0.049233,-0.0023489,-0.016372,-0.042681,-0.060432,-0.047071,-0.0020407,0.0033683,-0.080838,-0.16187,-0.19952,-0.2175,-0.15711,-0.0027725,0.10308,0.12331,0.071741,-0.031091,-0.085631,-0.14194,-0.21392,-0.24145,-0.18097,-0.046589,0.0086336,-0.075771,-0.10001,-0.12864,-0.010416,0.097565,0.026339,0.067364,0.14428,0.14675,0.15312,0.16496,0.12057,0.11547,0.099075,0.044257,-0.052328,-0.19434,-0.2554,-0.23444,-0.097419,0.029561,0.021576,0.0086115,0.045569,0.13537,0.13026,0.070292,0.083153,0.11161,0.16351,0.14701,0.11871,0.10578,0.071095,0.16157,-0.0086126,-0.24275,-0.28851,-0.22604,-0.13829,-0.082723,-0.063386,-0.04922,-0.025163,-0.0064765,-0.047871,-0.11422,-0.13215,-0.072531,-0.024659,-0.040784,-0.045573,-0.031035,-0.031844,-0.077951,-0.076521,-0.043273,-0.068559,-0.094436,0.068224,0.064179,0.10625,0.026104,-0.1126,-0.10687,-0.12279,-0.0032296,-0.023646,-0.018136,0.039542,0.033156,0.01957,0.018761,0.047824,0.092279,0.058336,-0.047386,-0.118,-0.11303,-0.080073,-0.02286,-0.012169,-0.031308,-0.047692,-0.076185,-0.10017,-0.10691,-0.073968,-0.038337,-0.036466,-0.033654,-0.019733,0.0044412,-0.067341,-0.1698,-0.1554,-0.1165,-0.040832,-0.095336,-0.21246,-0.15935,-0.13521,0.081117,0.18097,0.24239,0.26508,0.20794,0.061244,-0.0073612,0.1248,0.12624,-0.026921,-0.12233,-0.17045,-0.030981,0.11151,0.092189,0.051148,0.092495,0.090871,-0.044036,-0.13729,-0.082908,0.014375,0.11724,0.11476,0.013156,-0.13421,-0.22191,-0.17146,-0.15608,-0.18221,-0.1173,0.045964,0.14004,-0.0012319,-0.0075429,0.087171,0.15161,0.18152,0.18305,0.14389,0.11021,0.068851,0.016417,0.025117,0.064281,0.084471,0.12424,0.15406,0.10495,0.06817,0.052433,0.043393,0.037853,-0.023703,-0.10444,-0.14303,-0.1541
-0.15581,-0.14579,-0.1615,-0.13773,-0.053591,0.017007,0.090352,0.18192,0.10739,0.076699,0.05903,0.06004,0.060695,0.045988,0.01706,0.028942,0.034564,-0.00040048,-0.016798,-0.00069837,0.028682,0.049105,0.018019,-0.04117,-0.056019,-0.070569,-0.062807,0.013337,0.04856,-0.066092,-0.21029,-0.26632,-0.27198,-0.25219,-0.20374,-0.19089,-0.20813,-0.19763,-0.099208,-0.0099992,0.0058643,0.064645,0.048485,0.031985,0.05311,0.077053,0.10871,0.10065,0.057994,0.002946,0.01313,0.032541,0.02641,0.035609,0.096975,0.13546,0.053468,0.036841,0.064047,0.00025395,-0.0079191,-0.033438,-0.062127,-0.021855,0.04397,0.016155,-0.059844,0.014799,0.025713,-0.0024985,0.077664,0.04484,0.05452,0.062602,0.031167,0.12174,0.089515,0.042262,0.046989,-0.0036639,-0.061601,-0.10598,-0.12468,-0.097147,0.00054813,0.0655,0.031969,-0.017171,-0.068041,-0.057268,-0.03305,-0.06034,-0.071983,-0.049148,-0.036299,-0.070835,-0.035138,0.042069,0.019601,-0.017319,0.0041454,0.029121,0.070719,0.017696,-0.057999,0.04428,-0.048151,-0.084922,0.062521,0.070358,-0.025693,-0.043356,-0.010674,-0.005529,0.0016329,0.041474,0.035853,-0.003642,0.031254,0.076097,0.094251,0.085198,0.062496,-0.0043813,-0.040495,-0.040221,-0.047344,-0.027407,-0.020067,-0.042474,-0.069602,-0.081135,-0.084404,-0.062074,-0.13228,-0.23102,-0.19315,-0.13716,-0.10456,-0.08038,-0.044397,-0.12439,-0.14155,-0.1276,-0.0051289,0.16177,0.16905,0.10461,0.079735,0.09858,0.0025198,-0.10759,-0.049663,0.076615,0.07055,0.023965,0.014286,-0.011554,-0.010478,0.026031,-0.012686,-0.090989,-0.029354,-0.020663,0.01163,0.068579,0.056415,-0.14065,-0.3929,-0.40265,-0.081751,0.31203,0.36656,0.21927,0.044241,0.08139,0.018259,0.021532,0.084853,0.066699,-0.012163,-0.035042,-0.011954,-0.0011642,0.0036464,-0.002922,-0.014661,-0.0051964,0.029603,0.11161,0.17096,0.15104,0.14706,0.13383,0.084111,0.054381,0.055463,0.04023,-0.016769,-0.05509
0.0022789,-0.029344,0.032487,0.2073,0.15384,-0.089248,-0.086297,-0.095855,-0.060606,-0.061831,-0.03607,-0.0044605,-0.028939,-0.10758,-0.15027,-0.093582,0.027017,0.075273,0.027046,0.014236,0.045036,0.087292,0.059334,0.0057276,0.04362,0.10091,0.12497,0.15035,0.17899,0.17216,0.14088,0.11951,0.11774,0.15193,0.16801,0.12369,0.055625,-0.049955,-0.15383,-0.1877,-0.12059,-0.093783,-0.092963,-0.06793,-0.0016737,0.052228,-0.027993,-0.0088328,0.068916,0.041228,0.023877,0.050601,0.071552,0.10979,0.072527,0.044408,0.077697,0.021645,-0.033875,-0.16338,-0.10882,-0.053289,-0.061724,-0.065067,-0.035918,0.0061848,0.001194,-0.032198,-0.10913,-0.14997,-0.10809,-0.018467,0.0040654,-0.033615,0.032981,0.027738,0.0027372,0.080995,0.073558,0.028963,-0.039189,-0.090672,-0.14151,-0.20802,-0.23789,-0.18113,-0.058388,0.072673,0.0995,0.015773,-0.051958,-0.029149,0.0060252,0.011028,0.012873,0.017256,0.0082019,-0.0064745,-0.025485,-0.050997,0.066168,0.048661,0.078031,0.19531,0.18229,-0.072667,-0.070412,-0.056108,-0.066914,-0.073132,-0.077815,-0.03699,0.026359,0.0795,0.093488,0.021809,-0.08295,-0.13518,-0.11293,-0.027119,0.061054,0.10121,0.084453,0.014191,-0.0079662,0.014998,0.013185,0.0034115,-0.012462,-0.002739,0.015824,0.021774,0.021934,0.04848,0.10129,0.13217,0.034377,-0.085873,-0.044688,0.049507,0.03125,-0.019303,-0.0040038,0.061405,0.14299,0.15423,0.13133,-0.027436,-0.18196,-0.2191,-0.15546,-0.078927,-0.049556,-0.024091,-0.025106,0.019327,0.0090214,-0.011446,0.00073528,0.055099,0.019662,-0.10101,-0.024797,-0.10376,-0.13532,-0.055974,-0.035099,-0.11746,-0.13052,-0.071294,-0.063444,-0.11886,-0.18388,-0.16539,-0.0035214,-0.014461,-0.029277,0.026682,-0.019963,-0.02531,0.053458,0.094035,0.07696,0.073217,0.11169,0.095131,0.025612,-0.00089356,0.031879,0.058265,0.049901,0.022543,0.023026,0.051832,0.096577,0.10086,0.034414,-0.047487,-0.087717,-0.10255
0.23261,0.13461,-0.049663,-0.084605,-0.024568,-0.017234,0.085167,0.20187,0.20183,0.098163,0.011866,-0.037386,-0.079751,-0.015457,0.17352,0.25661,0.22249,0.15144,0.086392,0.081199,0.12778,0.14766,0.21773,0.19376,0.02886,-0.16563,-0.22093,-0.060322,0.12011,0.15165,0.10346,-0.060936,-0.19647,-0.13151,0.046356,0.23026,0.3727,0.43288,0.36644,0.21155,0.091571,0.05467,0.053955,0.10651,0.044445,-0.016801,-0.054877,-0.15647,-0.18356,-0.087349,-0.020706,-0.009578,-0.0027299,-0.042468,-0.12407,-0.24054,-0.31138,-0.29621,-0.26475,-0.19322,-0.035472,0.052848,0.072713,0.078947,-0.018015,-0.13988,-0.081282,-0.0084948,0.0017967,-0.13287,-0.28772,-0.22974,-0.13189,-0.067269,-0.053489,-0.11105,-0.087519,-0.11137,-0.10718,-0.039119,0.037109,0.081989,0.10044,0.092057,0.021816,-0.057038,-0.044754,0.024344,0.022957,-0.049571,-0.0067745,0.075267,0.063094,0.062191,0.0554,0.063654,0.10289,-0.004958,0.0051084,0.15702,0.062849,0.017662,-0.037853,0.010562,0.085929,0.032254,-0.20998,-0.19026,-0.060023,-0.044093,-0.094062,-0.032024,0.046287,-0.014292,-0.18129,-0.25649,-0.13595,0.020638,-0.043119,0.047266,0.10462,0.05263,0.17371,0.19338,0.049748,-0.074901,-0.10999,-0.033847,0.019728,0.0082925,-0.0039644,0.0078186,0.014613,0.058996,0.10934,0.12747,0.13679,0.12051,0.13722,0.11579,0.079344,0.12153,0.17511,0.048401,-0.11674,-0.0942,-0.075699,-0.15642,-0.18966,-0.093813,0.029743,0.066102,0.0087389,-0.05444,-0.011567,0.10029,0.081993,0.031509,0.044412,0.12226,0.12186,0.050502,0.066996,0.13707,-0.024249,-0.20244,-0.067667,0.15433,0.13534,0.12793,0.13341,-0.042797,-0.21805,-0.15024,-0.081531,-0.097936,-0.03017,-0.077722,-0.095356,-0.089186,-0.10239,-0.086499,-0.071826,-0.072173,-0.059473,-0.03742,-0.04166,-0.069673,-0.078155,-0.066698,-0.022628,0.0084664,-0.048104,-0.096785,-0.076892,-0.045552,-0.10628,0.039629,0.27278,0.3749
-0.26199,-0.33587,-0.46248,-0.47005,-0.32001,-0.15261,-0.12411,-0.20308,-0.28759,-0.34119,-0.25442,-0.091845,-0.0054159,0.018598,0.016927,-0.031404,-0.080086,-0.10099,-0.070697,-0.048997,-0.073426,-0.064831,-0.011518,0.048899,0.10957,0.13576,0.11527,0.065008,-0.00080216,-0.026548,0.020184,0.098667,0.16762,0.19149,0.13737,-0.0055108,-0.11423,-0.133,-0.14134,-0.11216,-0.012395,0.043161,0.021667,0.0051466,-0.010175,0.067297,0.11193,0.080145,0.075122,0.045153,0.050636,0.11755,0.12624,0.12767,0.087309,-0.02919,-0.087598,-0.038362,-0.06491,-0.064143,-0.065523,-0.087576,-0.042815,0.017073,0.19221,0.21464,0.085605,0.037833,0.042359,0.1067,0.16956,0.044318,-0.074302,0.0043783,0.037412,0.091132,0.16424,0.1566,0.14822,0.11647,0.1327,0.16035,0.093944,0.04034,0.038532,-0.075169,-0.19895,-0.16503,-0.076462,-0.041562,-0.023774,0.024697,0.040005,0.028717,0.005806,-0.010393,-0.0021087,-0.0049293,-0.044272,-0.078269,-0.15013,-0.18324,-0.18963,-0.035596,0.0047225,-0.11522,0.090316,0.017027,0.039837,0.1899,0.24894,0.2559,0.14293,0.01651,0.008567,0.047699,0.037075,-0.040696,-0.10385,-0.13681,-0.13686,-0.073073,-0.038574,-0.071398,-0.017115,0.047265,0.03642,0.01663,0.016898,0.023735,0.019615,0.0053207,0.0027446,0.049863,0.098089,0.047917,-0.072204,-0.10551,-0.048878,0.040172,0.029892,-0.050146,-0.027258,-0.026317,0.059574,0.042901,0.013527,-0.033556,-0.18468,-0.18865,0.033155,0.22268,0.16876,0.0030783,-0.10712,-0.059671,-0.02318,-0.02596,0.00070694,-0.029201,-0.046909,0.048847,0.073686,0.22226,0.17624,0.061085,-0.037492,-0.2234,-0.24178,-0.023807,0.13625,-0.019644,-0.23899,-0.20743,-0.046365,0.047217,0.090882,0.08617,0.1251,0.069037,-0.031641,-0.056336,-0.031228,-0.0082663,0.010759,0.058602,0.11932,0.10308,0.035012,-0.034757,-0.064521,-0.052032,-0.048417,-0.055991,-0.058192,-0.04942,-0.013184,-0.039928,-0.11103,-0.14175
0.35804,0.4564,0.44571,0.21701,0.022542,-0.050544,0.04289,-0.0044013,0.039784,0.031869,-0.1373,-0.20053,-0.091134,0.04289,0.030028,-0.048374,-0.10501,-0.088789,-0.03581,-0.026809,-0.027774,-0.043893,-0.081625,-0.051762,0.13674,0.30784,0.41039,0.45026,0.33114,0.11365,0.030183,0.021876,-0.014463,0.029308,0.13054,0.15773,0.11677,0.047557,-0.0091077,-0.010827,0.0073749,0.018913,0.050255,0.053749,0.011963,0.021927,0.055524,0.078275,0.021916,-0.0088101,-0.046151,-0.10381,-0.056671,0.011847,-0.050422,-0.12578,-0.0154,0.014162,0.040108,0.06684,0.0076424,0.014252,0.038353,0.089273,0.098506,-0.013811,-0.13946,-0.17168,-0.16333,-0.13662,-0.13712,-0.10666,-0.014907,0.026609,0.052799,0.018254,-0.015509,0.0659,0.097203,0.1097,0.054274,0.0046122,0.019514,-0.035753,-0.18295,-0.24486,-0.18555,-0.094852,-0.013789,0.074668,0.10299,0.0091244,-0.12244,-0.10343,-0.048401,-0.058178,-0.041637,-0.045049,-0.10102,-0.13341,0.23456,0.22832,0.19441,-0.00081536,-0.23225,-0.38675,-0.30506,-0.079942,-0.052283,-0.01205,-0.0039653,0.0074448,0.0050793,-0.05564,-0.038761,0.016879,0.019939,0.018861,0.054518,0.041021,0.016541,-0.0043069,-0.0031321,-0.0089698,0.026046,0.06247,0.054412,0.02432,-0.0007965,0.056497,0.11385,0.11704,0.12762,0.10436,0.096432,0.13373,0.15957,0.18046,0.16962,0.12743,0.11621,0.12505,0.10951,-0.042815,-0.048406,0.07243,0.049538,0.092469,0.21758,0.12947,-0.11815,-0.18959,-0.091843,0.016612,0.012979,-0.0017693,-0.029863,-0.014379,-0.0354,-0.07685,0.0048476,0.043719,0.062685,0.22574,0.23142,0.15245,0.080625,0.060841,0.18338,0.29584,0.17169,-0.21083,-0.53612,-0.53723,-0.30094,-0.14166,-0.050107,0.014973,-0.086086,-0.14503,-0.076583,-0.044501,-0.031112,-0.0056884,0.057755,0.095122,0.061352,0.0063716,-0.055467,-0.16493,-0.26677,-0.18235,0.066308,0.16973,0.061427,-0.15528,-0.35953,-0.49405,-0.50184,-0.47216
0.0023166,-0.0043927,0.0059712,0.040554,0.066158,0.10576,0.063223,0.049465,0.033165,0.050806,0.088341,0.091286,0.083142,0.00080051,-0.1198,-0.16371,-0.15509,-0.059661,0.056738,0.062984,0.072316,0.076491,0.037454,-0.0079193,-0.056629,-0.096308,-0.11905,-0.073341,-0.016021,-0.017477,-0.042341,-0.041773,-0.058283,-0.15063,-0.16898,-0.042286,0.052704,0.051121,0.042891,0.028515,0.032002,0.099073,0.13225,0.094772,0.064121,0.095493,0.13594,0.028648,-0.018519,-0.027175,-0.059751,-0.080831,-0.11496,-0.11024,0.0095454,0.18882,0.084962,-0.24848,-0.27513,-0.10225,0.047614,0.033962,0.036585,0.039877,0.021615,-0.032781,-0.022823,-0.0019358,-0.089537,-0.17081,-0.15698,-0.10469,0.0079328,0.0098879,-0.0083742,0.052182,0.041631,0.06768,0.084815,0.14965,0.21334,0.19092,0.11584,0.033966,-0.012493,-0.048108,-0.035235,0.070809,0.17159,0.14571,0.043186,-0.0047218,-0.0096935,-0.00044298,0.016614,0.042851,0.041796,-0.0078978,-0.064562,-0.09569,-0.073236,-0.070987,-0.037612,0.082343,0.093489,0.040706,0.16663,0.069158,0.1416,0.031862,-0.10113,-0.074188,-0.044452,0.011628,0.12041,0.17401,0.1083,0.063114,0.10322,0.041671,0.023564,-0.0018997,-0.10394,-0.093613,-0.02728,-0.023759,-0.041227,-0.026994,0.011797,0.026947,0.019335,0.0044426,-0.011772,-0.013991,0.017938,0.03824,0.036773,-0.0036684,-0.041739,0.023626,0.085741,0.047038,-0.035063,-0.051738,-0.017827,-0.020046,-0.082083,-0.24545,-0.31838,-0.16052,0.074156,0.17561,0.18224,0.14797,0.015457,-0.056692,0.084236,0.17549,0.21946,0.15369,-0.034324,-0.019678,-0.0063096,-0.075705,-0.12414,-0.11314,-0.060426,0.015679,0.15726,0.29407,0.24771,0.00064847,-0.18885,-0.17921,-0.019379,0.072843,0.057308,0.079583,-0.057664,-0.1424,-0.087768,-0.063542,-0.038874,-0.040418,-0.042792,-0.029828,-0.034173,-0.083714,-0.15937,-0.19963,-0.13363,-0.0070514,0.053944,0.098857,0.15594,0.18006,0.11403,-0.038543,-0.1444,-0.165
-0.037677,-0.079833,-0.10887,-0.053467,0.010384,0.044404,0.070592,-0.040761,-0.15523,-0.16132,-0.11021,-0.087143,-0.1165,-0.062453,0.06899,0.074453,0.077033,0.094146,0.05352,0.036164,0.034362,0.021723,-0.0095505,-0.017775,0.054278,0.12313,0.17663,0.26623,0.24163,0.09002,-0.029402,-0.067259,-0.062023,-0.10239,-0.21617,-0.20581,0.022413,0.24464,0.27992,0.24933,0.204,0.1608,0.12896,0.11775,-0.043128,-0.35251,-0.31124,-0.24318,-0.20522,-0.20306,-0.099417,0.040565,0.047417,0.054584,0.11216,0.14019,-0.018241,-0.169,-0.13915,-0.067747,0.029682,0.11341,0.16991,0.076416,-0.028151,0.018787,0.053701,0.031644,0.039596,-0.0055675,-0.1668,-0.22265,-0.10648,-0.088611,-0.084903,-0.11454,-0.16089,-0.092384,-0.033071,0.033535,0.046307,0.010659,0.023926,0.073792,0.092947,0.014484,-0.095455,-0.15181,-0.15863,-0.10737,0.015662,0.094504,0.079212,0.078097,0.02804,0.014767,0.072608,0.088681,0.017023,-0.037568,0.061067,0.044131,0.061257,0.16758,0.06105,-0.15921,-0.16018,-0.13352,0.012037,0.13584,0.029832,-0.057347,0.022428,-0.0080451,-0.12312,-0.14552,-0.0039485,0.13089,0.04523,0.079434,0.088533,0.027724,-0.057007,-0.064954,0.0035412,0.032066,0.033429,0.025837,0.0038078,-0.004398,-0.0050741,-0.0045384,0.0060198,0.0084149,-0.011873,0.021369,0.11625,0.15025,0.064537,0.0029695,0.059742,0.10651,0.19648,0.26027,0.016478,-0.1781,-0.1513,-0.14768,-0.20743,-0.25701,-0.25417,-0.15564,-0.040136,0.061209,0.063961,0.028396,0.04295,0.03431,0.048199,0.076856,0.097437,0.11927,0.021878,-0.11109,-0.13343,-0.020588,0.12252,0.1513,0.018379,-0.24904,-0.25631,-0.10623,-0.14638,-0.049887,0.083214,0.05082,0.032225,0.072245,-0.00036646,-0.041179,-0.033691,-0.051784,-0.036984,-0.028512,-0.014738,0.0061494,0.038668,0.082935,0.10316,0.01647,-0.029682,-0.018301,-0.077414,-0.12959,-0.058716,0.067705,0.045783,-0.069495,-0.19376,-0.25242
-0.14848,-0.07386,0.053242,0.11697,0.089071,0.0047752,-0.053714,-0.15183,-0.15756,-0.083592,-0.035645,-0.058562,-0.074264,-0.021735,0.083126,0.14155,0.19056,0.16901,0.092417,0.070199,0.13746,0.20637,0.21706,0.062702,-0.14558,-0.2349,-0.22902,-0.16926,-0.075559,-0.0092963,0.0091007,-0.0044166,-0.035769,-0.023656,0.035117,0.061379,0.034709,0.012956,0.0086591,-0.025669,0.010006,0.033982,0.012901,0.0069726,-0.0053486,0.072717,0.15659,0.11663,0.10572,0.10229,0.03499,-0.020004,-0.034744,-0.074526,-0.16216,-0.23669,-0.3146,-0.35692,-0.33297,-0.21201,-0.026651,0.056521,0.099566,0.10983,0.061767,0.067523,0.13268,0.15176,0.095197,-0.0037899,-0.089228,-0.1467,-0.15782,-0.10328,-0.11114,-0.094245,-0.093206,-0.078757,-0.023681,-0.022264,-0.008326,0.0093131,-0.018096,-0.067914,-0.10984,-0.10102,-0.04571,-0.00078129,-0.011908,-0.019758,0.040293,0.075672,0.033312,0.0026289,-0.00529,0.029593,0.064593,0.049715,0.022837,0.0090677,-0.033547,0.023358,0.10756,0.21546,0.15928,-0.019144,0.14301,0.11523,0.16089,0.10579,-0.049038,-0.067795,-0.0095068,-0.042481,-0.13579,-0.20164,-0.12599,0.00071151,-0.04228,0.08705,0.19295,0.16539,0.072602,0.03388,-0.02549,-0.11318,-0.11382,-0.08019,-0.0069693,0.033985,0.029541,0.013546,0.0029396,0.039457,0.096488,0.076044,0.041809,-0.023472,-0.087458,-0.010345,0.010307,-0.018546,0.022415,0.023794,0.08642,-0.092282,-0.19826,-0.13529,-0.039662,0.0095879,-0.029848,-0.082204,-0.14059,-0.09655,0.083145,0.12074,0.055065,-0.01865,-0.00016011,0.099942,0.12939,0.14483,0.19666,0.22458,-0.038638,-0.20141,-0.051898,0.067692,0.072911,-0.10881,-0.37106,-0.45479,-0.37883,-0.33859,-0.17376,-0.061847,-0.022795,0.011283,0.083625,0.063526,0.031389,0.05198,0.024442,0.0075715,0.041979,0.042807,0.0062161,0.031906,0.10114,0.067793,-0.01027,-0.06595,-0.072675,-0.00028038,0.11441,0.20165,0.18488,0.072579,-0.0060438,-0.019139
-0.22862,-0.15273,-0.039704,-0.011729,-0.037883,-0.096689,-0.065154,-0.14019,-0.10585,-0.053591,-0.042014,-0.078492,-0.10195,-0.10124,-0.083139,-0.042374,0.017821,0.062136,0.070848,0.053878,0.039766,0.051678,0.0475,0.092978,0.1505,0.17044,0.088821,0.0099326,-0.029333,-0.041376,-0.064895,-0.080976,0.024982,0.18125,0.18998,0.090469,0.0056868,-0.058438,-0.070274,-0.017107,-0.010021,0.040377,0.03638,0.00092684,0.00030977,-0.011375,0.024775,0.059795,0.055687,0.015037,0.024733,0.054563,0.05063,0.094278,0.074766,-0.022242,-0.0010553,0.078701,0.063559,-0.010364,-0.071273,-0.074229,-0.050746,0.029138,0.037898,-0.055218,-0.06142,-0.025759,-0.023684,-0.0026919,0.023621,-0.050425,-0.10452,-0.029123,0.0017922,-0.034194,-0.021181,-0.08016,-0.09473,-0.041967,0.0045191,0.065765,0.18902,0.30808,0.25609,0.10846,0.043864,0.010034,-0.0063471,0.0052126,-0.0108,-0.045138,-0.0025094,0.062821,0.048388,0.027928,-0.043653,-0.085873,-0.10343,-0.14429,0.02024,0.0905,-0.012611,-0.16072,-0.060453,-0.15331,-0.14635,0.010585,-0.021331,-0.0028456,0.053238,0.039797,0.027794,0.045639,-0.028584,-0.13138,-0.1195,-0.024313,-0.0037788,-0.080561,-0.090247,-0.069078,-0.1237,0.031502,0.12639,0.085799,0.06282,0.036544,0.023876,0.016462,0.009246,0.010875,0.012084,0.042613,0.097092,0.12408,0.086783,0.04819,0.001157,-0.033912,0.031563,-0.018847,-0.045253,0.026626,0.092541,0.15604,0.078668,-0.042624,-0.043708,0.00043384,-0.0064406,-0.036623,-0.085782,-0.077277,-0.069783,-0.082769,-0.11058,-0.10413,-0.11005,-0.11277,-0.054583,-0.018296,0.068611,0.063733,0.011554,-0.0099026,-0.05281,-0.0736,0.001602,0.089157,0.12576,0.02315,-0.13052,-0.09448,-0.017763,-0.043515,0.00028458,-0.06361,-0.084965,-0.011239,0.042197,0.0051485,-0.035075,-0.017842,-0.0026637,0.00063217,0.040713,0.10501,0.11131,0.060765,0.001364,-0.044165,-0.066895,-0.069873,-0.093142,-0.07791,0.064617,0.12432,0.072565,0.031104
